time,body1,body2,numContacts,cpx_avg,cpy_avg,cpz_avg,cnx_avg,cny_avg,cnz_avg,fx_avg,fy_avg,fz_avg,mx_avg,my_avg,mz_avg
0.04,floor,heinz,20,-0.00115360666532,-0.00427543077967,0.000258629645396,-0.0237314529717,-0.125756005477,-0.657254169881,-1.07968425751,0.152120575309,26.2030444145,5.86290318809e-05,4.94214622059e-05,-0.000359561493897
0.07,floor,heinz,20,-0.00403823674424,-0.000133398047183,0.000372271744709,0.011016001692,0.0824797905982,-0.68956028223,0.720942139626,0.0482031852007,13.4623584747,0.0,0.0,0.0
0.09,floor,heinz,20,0.015788680478,-0.00429264207578,0.000337201306502,0.200947799161,-0.119577059709,-0.704648241401,-0.348907649517,-0.677726149559,16.1591930389,0.0,0.0,0.0
0.1,floor,heinz,20,-0.00584881838877,0.000671851914376,0.000225344157661,-0.112557982653,0.0800982322544,-0.669718407094,0.67661640048,-0.463595628738,24.0774769783,-0.000353048803924,0.000185710112577,0.00120801364417
0.11,floor,heinz,9,-0.0120516085826,-0.0278285278214,0.000199789467727,-0.0410861207379,-0.195882532332,-0.874342150158,0.380482111126,0.746684357058,18.2766403388,4.39959088432e-05,0.000128951699334,-0.00297123025625
0.13,floor,heinz,20,-0.000204426090932,-0.00251721145469,0.000289690197678,0.0768707714975,-0.0436439011246,-0.658227951825,1.18370294571,-0.598544642329,33.0202274323,4.20849161575e-07,-3.90671821748e-06,-0.000912809255127
0.14,floor,heinz,20,-0.00241449955647,0.00216625628527,0.000250104702718,-0.00963277276605,0.0978759739548,-0.603827676177,0.436927720904,-0.685767710209,19.2853012085,9.46133605634e-05,-6.40530214982e-05,-0.0055586712536
0.17,floor,heinz,20,-0.0193970145861,-0.000436121022182,0.000347541099993,-0.220829605041,0.0400155785566,-0.73801369071,0.617276668549,-0.109836339951,11.5996789932,0.0,0.0,0.0
0.19,floor,heinz,20,-0.00392259978689,-0.000912911412888,0.000153369024338,-0.115736990422,-0.047542832233,-0.627866189182,-0.442687213421,-0.195680767298,9.67083930969,0.0,0.0,0.0
0.21,floor,heinz,20,-0.0206251023258,-0.0173338724824,0.00024848726513,-0.234900294989,-0.376085281279,-0.667786797881,0.811922967434,0.546105921268,18.4007663727,0.0,0.0,0.0
0.24,floor,heinz,15,0.0300777446479,-0.0144136145209,0.000114273822965,0.482183492184,-0.242845465243,-0.670786525806,-0.280510008335,0.191938579082,6.48241311312,-5.60719404404e-05,4.17284742243e-05,0.00627905636462
0.26,floor,heinz,15,0.00475616492313,-0.028068875894,0.000187001569478,0.0147148430347,-0.465033539136,-0.698901681105,-0.335596323013,0.367751121521,9.52615833282,0.0,0.0,0.0
0.27,floor,heinz,20,-0.000951742584584,-0.00300521657337,0.00025550488208,-0.00509844459593,-0.0832555230707,-0.630527962744,-0.00383041752502,-0.537093818188,11.6694574356,0.0,0.0,0.0
0.28,floor,heinz,20,-0.0162106156989,-0.00862630049954,0.000387743609454,-0.175473969476,-0.210579666495,-0.647860792279,0.741307139397,0.546261131763,17.0479946136,0.0,0.0,0.0
0.31,floor,heinz,20,0.0231913520386,0.000335232965779,0.000591983809585,0.217813057452,-0.0107268504798,-0.801939639449,-1.2793315649,0.570163965225,26.1495094299,0.0,0.0,0.0
0.33,floor,heinz,20,0.00666475150505,-0.015575939999,0.000134465965078,0.165800942481,-0.372593325377,-0.598838695884,1.33649301529,0.61914896965,28.3892631531,0.0,0.0,0.0
0.35,floor,heinz,20,0.00187956045265,-5.62861125218e-05,0.000254775994108,0.0890642423183,0.0986447051167,-0.681085826457,-0.914123773575,0.325745224953,25.0424323082,-0.000113610624894,0.000587682728609,0.000882292907352
0.36,floor,heinz,20,-0.00910051218234,-0.00191468448029,0.000442292139633,-0.119950781763,-0.0164819963276,-0.750764079392,1.85283565521,0.0182719156146,34.3705101013,0.0,0.0,0.0
0.4,floor,heinz,20,-0.00983732066086,-0.0138087210484,0.000309727544734,-0.132923209761,-0.265004480507,-0.748833149672,0.0985718369484,0.526639819145,22.9704153538,0.000223136529056,-0.000140865069611,0.000135922822125
0.41,floor,heinz,20,0.0220750409748,-0.0117878815086,0.000386256379592,0.276825180696,-0.182401839085,-0.741776706278,-0.940896809101,0.401170819998,18.8634166718,0.0,0.0,0.0
0.44,floor,heinz,20,0.00176980360496,-0.0180888652569,0.000187016393818,-0.00241995193064,-0.412804621831,-0.670790672302,-1.10879178345,0.221825346351,27.0186107717,0.00037393513648,0.000288504101078,0.00643681666225
0.47,floor,heinz,20,-0.00678757298228,0.0119878417579,0.000324570104249,-0.127072084136,0.315675612539,-0.750052548945,-0.619606405497,-0.476119626313,32.0136127472,2.63155811338e-05,3.44531685734e-05,0.00648321620683
0.49,floor,heinz,20,-0.012674981501,-0.0258748861961,0.000195300579514,-0.172623747401,-0.606882411242,-0.58085128516,0.530498921871,0.397403210402,12.6550827026,0.0,0.0,0.0
0.53,floor,heinz,2,-0.0378038361669,0.00767725892365,0.00022888135515,0.0,0.0,-1.0,0.576585769653,-0.102041520178,11.3497419357,0.0,0.0,0.0
0.55,heinz,RobotiQ 3-Finger Adaptive Gripper[reflex:proximal_pad_3],3,-0.000741734111216,-0.033411514014,0.169715667764,0.00737086186806,0.866901079814,-0.497759401798,0.0,0.0,0.0,0.0,0.0,0.0
0.56,heinz,RobotiQ 3-Finger Adaptive Gripper[reflex:proximal_pad_3],2,-0.000526293712028,-0.0327525287867,0.169527128339,0.0157738402486,0.872837483883,-0.487755954266,0.0,0.0,0.0,0.0,0.0,0.0
0.57,heinz,RobotiQ 3-Finger Adaptive Gripper[reflex:distal_pad_3],1,0.00343050411902,-0.0321858674288,0.146008267999,-0.0320706106722,0.784995257854,0.618671119213,0.0,0.0,0.0,0.0,0.0,0.0
0.57,heinz,RobotiQ 3-Finger Adaptive Gripper[reflex:proximal_pad_3],2,-0.000380828059861,-0.027254441753,0.192586131394,-0.0350238345563,0.997620165348,-0.0593911372125,0.0,0.0,0.0,0.0,0.0,0.0
0.58,floor,heinz,12,0.0243121619181,-0.0235740509816,0.000161119038239,0.472221185764,-0.53264165918,-0.570393572251,-0.795371830463,0.831175208092,21.4573040009,0.0,0.0,0.0
0.58,heinz,RobotiQ 3-Finger Adaptive Gripper[reflex:distal_3],1,0.00132957100868,-0.0330823361874,0.147755891085,-0.043197337538,0.865452706814,0.499124825001,0.0,0.0,0.0,0.0,0.0,0.0
0.58,heinz,RobotiQ 3-Finger Adaptive Gripper[reflex:proximal_pad_3],6,-0.000535150165282,-0.0268263438096,0.188970327377,-0.0540609378368,0.996766408285,-0.0554592392097,0.0,0.0,0.0,0.0,0.0,0.0
0.59,floor,heinz,20,-0.0348116312176,-0.00398723616158,0.000486953602945,-0.439105460048,0.0978489279747,-0.752272301912,0.837015613914,0.0161032676697,15.1988481283,0.000127838204657,-2.10733052713e-05,-0.000257001065882
0.6,heinz,RobotiQ 3-Finger Adaptive Gripper[reflex:distal_pad_1],3,-0.0211803658555,0.0309714786708,0.128645166755,0.199958994985,-0.951548318068,0.148256349688,0.0,0.0,0.0,0.0,0.0,0.0
0.61,heinz,RobotiQ 3-Finger Adaptive Gripper[reflex:distal_pad_1],3,-0.0228460157911,0.0287974259506,0.136134301623,0.21841100355,-0.961940089862,0.163844396671,0.0,0.0,0.0,0.0,0.0,0.0
0.61,heinz,RobotiQ 3-Finger Adaptive Gripper[reflex:distal_pad_2],4,0.0209711035714,0.0309780426323,0.145523685962,-0.231330949813,-0.829297319055,0.458488998935,0.0,0.0,0.0,0.0,0.0,0.0
0.62,heinz,RobotiQ 3-Finger Adaptive Gripper[reflex:distal_2],1,0.0172407031059,0.0315237864852,0.115576699376,0.173703953624,0.984797537327,0.00087752082618,4.19019508362,25.3894748688,-9.86032104492,0.0,0.0,0.0
0.62,heinz,RobotiQ 3-Finger Adaptive Gripper[reflex:distal_pad_2],1,0.0207740552723,0.031132761389,0.147997558117,-0.24281257391,-0.741273343563,0.625744283199,-3.43531990051,-18.5638961792,9.30729675293,0.0,0.0,0.0
0.63,heinz,RobotiQ 3-Finger Adaptive Gripper[reflex:distal_2],1,0.0172429420054,0.0314491093159,0.115646339953,0.172992885113,0.984922885895,0.00057193916291,0.307024210691,10.5530014038,-6.23315286636,-1.46452314218e-16,4.26081684784e-18,0.0
0.63,heinz,RobotiQ 3-Finger Adaptive Gripper[reflex:distal_pad_2],1,0.0207777917385,0.0309738945216,0.148060917854,-0.242125824094,-0.741280734539,0.626001596451,0.0,0.0,0.0,0.0,0.0,0.0
0.64,floor,heinz,19,0.016118368546,0.018234099384,0.000219644816776,0.198599191088,0.33347928524,-0.767230182886,4.25393819809,12.2617578506,27.0722370148,0.0,0.0,0.0
0.64,heinz,RobotiQ 3-Finger Adaptive Gripper[reflex:distal_2],1,0.0172361154109,0.0313879624009,0.115700513124,0.171648234129,0.985158264637,-0.000223798662773,12.6094093323,21.4335174561,-11.9628200531,0.0,0.0,0.0
0.64,heinz,RobotiQ 3-Finger Adaptive Gripper[reflex:distal_pad_2],1,0.0207697693259,0.0309107024223,0.148113265634,-0.241050168872,-0.741114735603,0.626612961292,-10.0370178223,-10.1211357117,12.9194450378,4.48233292075e-17,0.0,3.48229008902e-17
0.64,heinz,RobotiQ 3-Finger Adaptive Gripper[reflex:distal_3],1,-0.00386104267091,-0.0319387204945,0.144321620464,0.0401322953403,0.915610849857,0.400057703257,0.0,0.0,0.0,0.0,0.0,0.0
0.65,heinz,RobotiQ 3-Finger Adaptive Gripper[reflex:distal_2],1,0.01724733226,0.0313935466111,0.115783967078,0.169717147946,0.985491991043,-0.00128895975649,2.46698665619,28.7623901367,-11.8598642349,0.0,0.0,0.0
0.65,heinz,RobotiQ 3-Finger Adaptive Gripper[reflex:distal_pad_2],1,0.0201443247497,0.0312636680901,0.148385584354,-0.239467263222,-0.740929722786,0.627438127995,-1.63518583775,-18.0717945099,9.12221622467,0.0,0.0,0.0
0.66,heinz,RobotiQ 3-Finger Adaptive Gripper[reflex:distal_2],1,0.017282070592,0.0313585735857,0.115863338113,0.167366102338,0.985891342163,-0.00262410123833,6.52845430374,39.3609886169,-12.7749347687,5.46243447932e-16,-9.06005035403e-17,0.0
0.66,heinz,RobotiQ 3-Finger Adaptive Gripper[reflex:distal_pad_2],1,0.0208188612014,0.0309834294021,0.148276284337,-0.237399801612,-0.74070084095,0.628493130207,-4.23388624191,-30.6553173065,17.7869129181,0.0,0.0,0.0
0.67,heinz,RobotiQ 3-Finger Adaptive Gripper[reflex:distal_2],1,0.0173335820436,0.0312176421285,0.115941755474,0.164686769247,0.986338198185,-0.0039053009823,6.48131895065,46.6529083252,-14.9573402405,-6.47439162354e-16,8.99463691119e-17,0.0
0.67,heinz,RobotiQ 3-Finger Adaptive Gripper[reflex:distal_pad_2],1,0.0208776257932,0.0310453511775,0.14836204052,-0.234966039658,-0.740594863892,0.629531741142,-4.57096672058,-38.9282989502,21.6402511597,0.0,0.0,0.0
0.68,floor,heinz,5,0.0165021123365,0.0241550967097,0.000990302405262,0.0,0.0,-1.0,6.90345048904,17.4915137291,43.1914625168,0.000605346569182,0.00122522154571,-0.000281158699686
0.68,heinz,RobotiQ 3-Finger Adaptive Gripper[reflex:distal_2],1,0.0173785369843,0.0311706662178,0.115982547402,0.161238431931,0.986898422241,-0.00579950772226,15.9870681763,65.0222167969,-25.6423282623,-8.89646976307e-17,0.0,-5.54662849548e-17
0.68,heinz,RobotiQ 3-Finger Adaptive Gripper[reflex:distal_pad_2],1,0.0209291800857,0.0311621129513,0.148405686021,-0.231951028109,-0.740269839764,0.631030321121,-12.5320720673,-56.6829566956,46.1454353333,1.60099139964e-16,0.0,4.34793592354e-17
0.69,heinz,RobotiQ 3-Finger Adaptive Gripper[reflex:proximal_1],1,-0.0189894419163,0.0283093005419,0.17026515305,-0.999982237816,-0.00578046916053,0.00146843772382,0.0,0.0,0.0,0.0,0.0,0.0
0.69,heinz,RobotiQ 3-Finger Adaptive Gripper[reflex:distal_2],1,0.0174109637737,0.031069740653,0.116009496152,0.156946748495,0.987566292286,-0.0089775044471,38.4359779358,56.3297080994,-29.9218788147,0.0,0.0,0.0
0.69,heinz,RobotiQ 3-Finger Adaptive Gripper[reflex:distal_pad_2],1,0.0209690984339,0.0312686413527,0.148433968425,-0.228243306279,-0.739314317703,0.633497714996,-36.4726028442,-49.0111846924,29.2850627899,0.0,0.0,0.0
0.7,heinz,RobotiQ 3-Finger Adaptive Gripper[reflex:proximal_1],2,-0.018582938239,0.026380029507,0.172043725848,-0.739501267672,0.28703160258,0.330394589168,0.00445260619745,-1.11081767082,-1.11082351208,0.0,0.0,0.0
0.7,heinz,RobotiQ 3-Finger Adaptive Gripper[reflex:distal_2],1,0.0174282509834,0.0301078557968,0.116107299924,0.152490839362,0.988224089146,-0.0126358335838,0.386179715395,20.8569278717,0.671392381191,0.0,0.0,0.0
0.71,heinz,RobotiQ 3-Finger Adaptive Gripper[reflex:proximal_1],1,-0.0189057420939,0.0258421786129,0.170317530632,-0.999987602234,-0.00465986458585,0.00175804202445,0.0,0.0,0.0,0.0,0.0,0.0
0.71,heinz,RobotiQ 3-Finger Adaptive Gripper[reflex:distal_2],1,0.0173857565969,0.0280430782586,0.11613458395,0.148880541325,0.988714754581,-0.0166631564498,7.48950624466,74.1618423462,-21.902338028,0.0,0.0,0.0
0.71,heinz,RobotiQ 3-Finger Adaptive Gripper[reflex:distal_pad_2],1,0.0216849613935,0.029550191015,0.148587554693,-0.243094787002,-0.868445217609,0.43209695816,-7.5481672287,-79.0623245239,21.8823356628,7.59196027671e-17,0.0,2.61879657844e-17
0.72,floor,heinz,2,0.00887480052188,0.0211017979309,0.0,0.174311608076,0.821774184704,-0.542496681213,0.0,0.0,0.0,0.0,0.0,0.0
0.72,heinz,RobotiQ 3-Finger Adaptive Gripper[reflex:proximal_1],1,-0.0188274979591,0.0247834324837,0.170282959938,-0.999987721443,-0.00457898061723,0.00188178801909,0.0,0.0,0.0,0.0,0.0,0.0
0.72,heinz,RobotiQ 3-Finger Adaptive Gripper[reflex:distal_2],1,0.0174081325531,0.0267672650516,0.116078227758,0.143209859729,0.989395320415,-0.0242447312921,12.8167562485,43.9114570618,-24.4352340698,0.0,0.0,0.0
0.72,heinz,RobotiQ 3-Finger Adaptive Gripper[reflex:distal_pad_2],1,0.0217131339014,0.0285443086177,0.14851616323,-0.237777322531,-0.866534888744,0.438838541508,-11.7830905914,-38.9548072815,11.524933815,0.0,0.0,0.0
0.73,floor,heinz,4,0.00780647309148,0.0181580143981,2.13630403323e-05,0.0842608213425,0.408995091915,-0.774996608496,9.78983974457,9.78983974457,0.0,5.98852477025e-05,-5.98852477025e-05,-0.0775739271643
0.73,heinz,RobotiQ 3-Finger Adaptive Gripper[reflex:proximal_1],2,-0.0186025518924,0.0232786433771,0.17320920527,-0.74329520762,0.293140938709,0.323776588426,0.0,0.0,0.0,0.0,0.0,0.0
0.73,heinz,RobotiQ 3-Finger Adaptive Gripper[reflex:distal_2],1,0.0174353606999,0.0254947654903,0.116040810943,0.136742144823,0.990048885345,-0.033239107579,26.6535205841,40.369884491,-24.1405410767,0.0,0.0,0.0
0.73,heinz,RobotiQ 3-Finger Adaptive Gripper[reflex:distal_pad_2],1,0.0217446908355,0.0275879390538,0.148458689451,-0.231776759028,-0.864090204239,0.446797132492,-20.771446228,-36.8511199951,7.61012220383,-2.64029152841e-17,0.0,-7.20654308035e-17
0.74,heinz,RobotiQ 3-Finger Adaptive Gripper[reflex:proximal_1],2,-0.0186640229076,0.0227767433971,0.170237421989,-0.999993562698,-0.00180904151057,0.000620617473032,-0.0038874768652,0.590754687786,-0.590764820576,0.0,0.0,0.0
0.74,heinz,RobotiQ 3-Finger Adaptive Gripper[reflex:distal_2],1,0.0174589883536,0.024186803028,0.116010516882,0.129672601819,0.990604281425,-0.0434534884989,-5.28658151627,17.5899200439,-11.2967281342,0.0,0.0,0.0
0.74,heinz,RobotiQ 3-Finger Adaptive Gripper[reflex:distal_pad_2],1,0.021771332249,0.0266354195774,0.148402392864,-0.225257992744,-0.861111044884,0.455792307854,0.0,0.0,0.0,0.0,0.0,0.0
0.74,heinz,RobotiQ 3-Finger Adaptive Gripper[reflex:distal_pad_3],3,-0.00460809508028,0.0243102492144,0.132516329487,0.0869732052088,-0.995404859384,0.0399781999489,7.03942632675,-20.4174747467,8.33479785919,0.0,0.0,0.0
0.75,floor,heinz,2,0.0088152247481,0.0137906800956,0.0,0.15682028234,0.808481454849,-0.567243456841,0.0,0.0,0.0,0.0,0.0,0.0
0.75,heinz,RobotiQ 3-Finger Adaptive Gripper[reflex:distal_2],1,0.0174546092749,0.0230659227818,0.115971758962,0.123340763152,0.990885436535,-0.0541583523154,3.35639595985,22.9021663666,-17.1544799805,0.0,0.0,0.0
0.75,heinz,RobotiQ 3-Finger Adaptive Gripper[reflex:distal_pad_2],1,0.0217638835311,0.0258544161916,0.148335054517,-0.219571784139,-0.857580542564,0.465127766132,-10.1633787155,-11.2738142014,-0.900368571281,0.0,0.0,0.0
0.75,heinz,RobotiQ 3-Finger Adaptive Gripper[reflex:distal_pad_3],2,-0.00475240196101,0.0230988617986,0.130729034543,0.102961011231,-0.992156714201,0.0672081895173,7.18456268311,-20.7431907654,9.59070682526,0.0,0.0,0.0
0.76,floor,heinz,1,0.00890955235809,0.0116572687402,0.000370820169337,0.0,0.0,-1.0,-1.10461866856,4.53682565689,2.61831021309,0.0,0.0,0.0
0.76,heinz,RobotiQ 3-Finger Adaptive Gripper[reflex:distal_2],1,0.0174302645028,0.0219327714294,0.11598482728,0.118706934154,0.990826487541,-0.0645877942443,9.71587848663,18.6106338501,-14.7138900757,0.0,0.0,0.0
0.76,heinz,RobotiQ 3-Finger Adaptive Gripper[reflex:distal_pad_2],1,0.021734341979,0.0250817183405,0.148315951228,-0.21550744772,-0.853661239147,0.47415086627,-5.6272187233,-4.70495414734,-1.69042122364,0.0,0.0,0.0
0.76,heinz,RobotiQ 3-Finger Adaptive Gripper[reflex:distal_pad_3],1,-0.00566059025005,0.0218347255141,0.129786416888,0.117249965668,-0.988276302814,0.0977876260877,-4.69772815704,-20.8558101654,9.92090892792,0.0,0.0,0.0
0.77,floor,heinz,1,0.00909452885389,0.00918404757977,2.67449991043e-06,0.0,0.0,-1.0,-1.82686293125,2.6436457634,6.8669924736,0.0,0.0,0.0
0.77,heinz,RobotiQ 3-Finger Adaptive Gripper[reflex:distal_2],1,0.0173872858286,0.0209342241287,0.116052031517,0.115884743631,0.990479528904,-0.0743039920926,5.03599309921,16.474029541,-11.558588028,-2.2862308631e-16,6.98884436325e-17,0.0
0.77,heinz,RobotiQ 3-Finger Adaptive Gripper[reflex:distal_pad_3],1,-0.004834768828,0.0209512971342,0.129542559385,0.120059520006,-0.986929178238,0.107501171529,-6.16420698166,-23.8149223328,11.5231218338,0.0,0.0,0.0
0.78,heinz,RobotiQ 3-Finger Adaptive Gripper[reflex:distal_2],1,0.0173331797123,0.0201363861561,0.116113737226,0.114968419075,0.9898660779,-0.0833513438702,5.45173025131,16.4436187744,-11.5572528839,-2.28201052144e-16,7.56579556132e-17,0.0
0.78,heinz,RobotiQ 3-Finger Adaptive Gripper[reflex:distal_pad_3],2,-0.00532014342025,0.0202294047922,0.129252284765,0.120959669352,-0.985785126686,0.116603881121,-6.09114789218,-26.0931355953,8.99502430856,9.18283679523e-05,-0.000894819268674,9.66397696782e-05
0.79,floor,heinz,4,0.0104085865896,0.0048370132572,7.46525429349e-05,0.0756855905056,0.393723160028,-0.798753708601,-2.14304304123,3.36381673813,0.0,8.4924338282e-05,5.41041698626e-05,0.00433869560628
0.79,heinz,RobotiQ 3-Finger Adaptive Gripper[reflex:distal_2],1,0.0172784160823,0.0195595175028,0.116118147969,0.116010703146,0.988999724388,-0.091766372323,5.49881887436,17.2840862274,-12.4260034561,-2.39864881116e-16,7.6311441532e-17,0.0
0.79,heinz,RobotiQ 3-Finger Adaptive Gripper[reflex:distal_pad_3],2,-0.00537753198296,0.0197489503771,0.12903650105,0.119900912046,-0.984868824482,0.125128552318,-7.29376029968,-24.4958752394,1.05380618572,-0.000156583624645,0.00150872420165,-0.000178916581844
0.8,floor,heinz,2,0.0119907287881,0.00268433295423,0.000180369148438,0.0,0.0,-1.0,-2.03397786617,3.41861617565,0.0,0.000276880075563,0.000316498426939,0.00217026620252
0.8,heinz,RobotiQ 3-Finger Adaptive Gripper[reflex:distal_2],1,0.0172300618142,0.0192392524332,0.116051644087,0.119033396244,0.987897336483,-0.0994479730725,5.4692029953,17.1383895874,-12.5716714859,2.37842934062e-16,-7.59004386466e-17,0.0
0.8,heinz,RobotiQ 3-Finger Adaptive Gripper[reflex:distal_pad_3],2,-0.00542954099365,0.0195657191798,0.128866627812,0.11686412245,-0.984206795692,0.132965132594,-7.16238737106,-21.1479505301,1.85280612111,-0.000151870016751,0.00144157217363,-0.000179355944107
0.81,floor,heinz,2,0.0119850570336,0.00166319074924,0.00020206640329,0.0,0.0,-1.0,-1.49621576071,3.46294409037,0.0,0.00017504709182,0.000405140961668,0.00320803637152
0.81,heinz,RobotiQ 3-Finger Adaptive Gripper[reflex:distal_2],1,0.0171936992556,0.0190233327448,0.115977808833,0.123992025852,0.986568450928,-0.106342017651,5.50628137589,17.0174560547,-12.6368951797,0.0,0.0,0.0
0.81,heinz,RobotiQ 3-Finger Adaptive Gripper[reflex:distal_pad_3],1,-0.00503761600703,0.0195748209953,0.128768637776,0.111888490617,-0.983800172806,0.140064790845,-6.93176841736,-19.0089607239,1.51299989223,0.0,0.0,0.0
0.82,floor,heinz,2,0.0119841177948,0.000755820263294,0.000227282183914,0.0,0.0,-1.0,-1.77151617408,3.36598372459,0.0,6.05875761482e-05,0.00025887586522,0.00209828837677
0.82,heinz,RobotiQ 3-Finger Adaptive Gripper[reflex:distal_2],1,0.0171728730202,0.0188183523715,0.115921139717,0.13084846735,0.985011518002,-0.112387754023,5.50564193726,16.8004932404,-12.6104297638,2.33153680256e-16,-7.6406130551e-17,0.0
0.82,heinz,RobotiQ 3-Finger Adaptive Gripper[reflex:distal_pad_3],1,-0.00506243249401,0.0195746645331,0.128640010953,0.105005800724,-0.983639419079,0.146380707622,-7.07999753952,-17.1635437012,0.629125654697,0.0,0.0,0.0
0.83,floor,heinz,2,0.0119861946441,-9.99983749352e-05,0.000259135493252,0.0,0.0,-1.0,-0.631865501404,3.13365411758,0.790325760841,0.000347385780597,0.000347385780597,0.00192291212213
0.83,heinz,RobotiQ 3-Finger Adaptive Gripper[reflex:distal_2],1,0.0171626619995,0.0185639932752,0.115895308554,0.139570578933,0.98320633173,-0.117581062019,4.97653436661,16.1891384125,-12.1769266129,0.0,0.0,0.0
0.83,heinz,RobotiQ 3-Finger Adaptive Gripper[reflex:distal_pad_3],2,-0.00550789060071,0.019568644464,0.128511995077,0.0962367877364,-0.983696877956,0.151917472482,-5.06501722336,-14.0063991547,3.66149067879,0.0,0.0,0.0
0.84,floor,heinz,1,0.0116209136322,0.000164064884302,0.000168962971657,0.0,0.0,-1.0,-2.46174716949,2.46174716949,0.0,0.0,0.0,0.0
0.84,heinz,RobotiQ 3-Finger Adaptive Gripper[reflex:distal_2],1,0.0171504206955,0.0182266719639,0.115931108594,0.150116220117,0.981124460697,-0.121901214123,4.81832933426,15.9673881531,-12.1996412277,0.0,0.0,0.0
0.84,heinz,RobotiQ 3-Finger Adaptive Gripper[reflex:distal_pad_3],2,-0.00552163156681,0.0194988101721,0.128430299461,0.0856119096279,-0.983933568001,0.156669393182,-6.11425846815,-14.8669571877,1.71663123369,-0.000111979316152,0.00106188363647,-0.000172637374757
0.85,floor,heinz,2,0.0119869802147,-0.00174672610592,0.00033042315772,0.0,0.0,-1.0,0.146918177605,3.26157337427,0.31057715416,0.000141971713677,0.000141971713677,0.000758298856707
0.85,heinz,RobotiQ 3-Finger Adaptive Gripper[reflex:distal_2],1,0.01714207232,0.0178317949176,0.115965083241,0.162478506565,0.978708446026,-0.125421479344,5.03921794891,15.55519104,-11.9451379776,2.15871640564e-16,-6.99331974124e-17,0.0
0.85,heinz,RobotiQ 3-Finger Adaptive Gripper[reflex:distal_pad_3],1,-0.00509788142517,0.0194568093866,0.128394201398,0.0731223300099,-0.984289228916,0.160710319877,-5.49780273438,-13.4093770981,2.42140841484,0.0,0.0,0.0
0.86,floor,heinz,2,0.0119905425236,-0.00245545222424,0.000368949768017,0.0,0.0,-1.0,-1.05856275558,2.98307156563,0.0,-0.000435961214149,-0.000154703732051,-0.000180377509282
0.86,heinz,RobotiQ 3-Finger Adaptive Gripper[reflex:distal_2],1,0.0171335861087,0.0174285396934,0.116018667817,0.176566421986,0.975928544998,-0.128014937043,4.91632556915,15.155163765,-11.7525644302,0.0,0.0,0.0
0.86,heinz,RobotiQ 3-Finger Adaptive Gripper[reflex:distal_pad_3],1,-0.00510494317859,0.0193803794682,0.128324225545,0.0588444881141,-0.984718382359,0.163911759853,-5.58528375626,-13.022892952,2.1503033638,0.0,0.0,0.0
0.87,floor,heinz,1,0.00135150784627,0.000168166690855,0.0,-0.00157808128279,-0.13313819468,-0.991096198559,-4.4457359314,5.66066837311,8.63648033142,0.0,0.0,0.0
0.87,heinz,RobotiQ 3-Finger Adaptive Gripper[reflex:distal_2],1,0.0171174053103,0.0170327108353,0.116082422435,0.192316398025,0.972722411156,-0.129712998867,4.72914600372,15.2079305649,-11.7370252609,0.0,0.0,0.0
0.87,heinz,RobotiQ 3-Finger Adaptive Gripper[reflex:distal_pad_3],1,0.00511987227947,0.0191732794046,0.127807080746,-0.0910343229771,-0.989225327969,0.114655971527,-7.54807853699,-16.3230762482,8.19777870178,0.0,0.0,0.0
0.88,heinz,RobotiQ 3-Finger Adaptive Gripper[reflex:distal_2],1,0.0170954167843,0.0167165398598,0.116158306599,0.209261313081,0.969097018242,-0.130616560578,3.19809937477,14.7881174088,-11.638915062,0.0,0.0,0.0
0.88,heinz,RobotiQ 3-Finger Adaptive Gripper[reflex:distal_pad_3],5,0.00385877771769,0.0192644149065,0.128574693203,-0.0821776906028,-0.988751244545,0.119696195424,-3.51074917614,-13.9348207498,3.98185382038,-4.78362667747e-06,-5.37031097411e-05,7.39302567452e-06
0.89,floor,heinz,2,0.0119440038688,-0.00370915792882,0.000485906988615,0.0,0.0,-1.0,1.63851189613,2.77885842323,1.74795782566,0.0,0.0,0.0
0.89,heinz,RobotiQ 3-Finger Adaptive Gripper[reflex:distal_2],1,0.017075650394,0.0163087043911,0.116269417107,0.227042779326,0.965071797371,-0.130720958114,-3.83416819572,14.8419733047,-11.3359718323,0.0,0.0,0.0
0.89,heinz,RobotiQ 3-Finger Adaptive Gripper[reflex:distal_pad_3],5,0.005435624253,0.0191236823797,0.128284060955,-0.116237971187,-0.985813319683,0.120686645806,4.51294755936,-13.7602968216,4.16480398178,0.0,0.0,0.0
0.9,heinz,RobotiQ 3-Finger Adaptive Gripper[reflex:distal_2],1,0.0170531757176,0.0160481370986,0.116351783276,0.245619371533,0.960556566715,-0.130392476916,-4.1483707428,14.4323968887,-11.0652341843,0.0,0.0,0.0
0.9,heinz,RobotiQ 3-Finger Adaptive Gripper[reflex:distal_pad_3],4,0.00538696756121,0.0190707999282,0.128445941955,-0.132679916918,-0.98359964788,0.121844897047,4.10623836517,-15.7412023544,7.22282075882,0.0,0.0,0.0
0.91,floor,heinz,5,-0.00414161271765,-0.00127047828282,0.000710651040845,0.00555760599673,0.16561101675,-0.911991524696,-11.0690565109,2.04195261002,31.9388332367,0.0,0.0,0.0
0.91,heinz,RobotiQ 3-Finger Adaptive Gripper[reflex:distal_2],1,0.0170270185918,0.0157099924982,0.116449832916,0.264948517084,0.95546323061,-0.129970550537,-4.1407957077,15.0762643814,-8.40174007416,0.0,0.0,0.0
0.91,heinz,RobotiQ 3-Finger Adaptive Gripper[reflex:distal_pad_3],2,0.0062508857809,0.0187872527167,0.128465093672,-0.149411052465,-0.980589568615,0.126966059208,-1.56084489822,-16.6883087158,8.549949646,0.0,0.0,0.0
0.92,heinz,RobotiQ 3-Finger Adaptive Gripper[reflex:distal_2],1,0.0169808082283,0.015362938866,0.116569846869,0.284997463226,0.949758291245,-0.129366278648,-4.69031667709,14.2808074951,-10.9406251907,0.0,0.0,0.0
0.92,heinz,RobotiQ 3-Finger Adaptive Gripper[reflex:distal_pad_3],1,0.00646845856681,0.0185708329082,0.128398522735,-0.169990718365,-0.977255046368,0.126789927483,3.49083137512,-16.3507118225,8.27463722229,0.0,0.0,0.0
0.93,heinz,RobotiQ 3-Finger Adaptive Gripper[reflex:distal_2],1,0.0169367901981,0.0150031419471,0.116676673293,0.305755406618,0.943376243114,-0.128665745258,-4.75526857376,14.3043107986,-11.0661029816,0.0,0.0,0.0
0.93,heinz,RobotiQ 3-Finger Adaptive Gripper[reflex:distal_pad_3],1,0.00644471123815,0.018474528566,0.128450334072,-0.191355466843,-0.973331511021,0.126526087523,3.50630545616,-14.549328804,4.92549610138,1.70887474358e-17,0.0,-1.21649407775e-17
0.95,heinz,RobotiQ 3-Finger Adaptive Gripper[reflex:distal_3],1,0.00743502983823,0.0169217865914,0.135025411844,0.237247169018,0.963557302952,-0.123576454818,0.0,0.0,0.0,0.0,0.0,0.0
0.96,floor,heinz,2,-0.0128013668582,-0.00371573993471,9.86811683106e-05,0.0,0.0,-1.0,0.00668061897159,3.42105555534,9.59913253784,0.0,0.0,0.0
0.97,floor,heinz,2,-0.0127848656848,-0.00394664332271,9.27762812353e-05,0.0,0.0,-1.0,-0.00470114126801,2.79340147972,9.22139453888,0.0,0.0,0.0
0.98,floor,heinz,2,-0.0145606989972,-0.00418142764829,9.80665972747e-05,0.0,0.0,-1.0,1.24289432913,-0.629265189171,9.06365680695,-0.000195845237903,0.000101007725071,0.00560647758321
0.99,floor,heinz,3,-0.0131414445738,-0.00385705024625,6.37655063353e-05,0.0,0.0,-1.0,1.07344990969,-0.273652434349,9.03266525269,-0.000199981411003,0.000142116980521,0.00568792181378
1.0,floor,heinz,2,-0.0145470909774,-0.00335379247554,0.000191007562535,0.0,0.0,-1.0,-0.00335475802422,-0.0948591977358,9.2811948061,-0.000116149630184,-0.000119731927143,0.00124849814576
1.01,floor,heinz,1,-0.0161805301905,-0.0035367179662,2.55144550465e-06,0.0,0.0,-1.0,-0.924463927746,-3.25272083282,8.85220813751,0.0,0.0,0.0
1.01,heinz,RobotiQ 3-Finger Adaptive Gripper[reflex:proximal_1],2,-0.0189837245271,0.0180460400879,0.192070148885,-0.627150893211,0.479228207143,-0.0713212375995,-1.32491731644,-0.472053140402,-0.476905286312,-1.3102106633e-17,3.67738427608e-17,0.0
1.02,floor,heinz,6,-0.0142478263006,-0.00372684991453,2.78987599813e-05,-0.0228096892436,0.562790870667,-0.689942896366,2.51721309661,-0.0305562019348,8.58968448639,-0.00148658535962,-0.00363984816537,0.0120158691432
1.02,heinz,RobotiQ 3-Finger Adaptive Gripper[reflex:proximal_1],2,-0.0191022995859,0.0172550007701,0.191750310361,-0.615421906114,0.482424804592,-0.0697113571223,-0.000538512307685,-0.148551851511,0.14582310617,0.0,0.0,0.0
1.03,floor,heinz,4,-0.0147160305642,-0.00348387932172,9.67020260987e-05,-0.00834140088409,0.421998798847,-0.76804369688,-0.765399020165,0.230998039246,8.93500995636,-0.000786896469011,-0.00435412979017,0.01171933187
1.03,heinz,RobotiQ 3-Finger Adaptive Gripper[reflex:proximal_1],3,-0.0190115502725,0.0165723680208,0.192287887136,-0.735764528314,0.324097692889,-0.0459732570065,-0.87249404192,-0.164209008217,0.163814097643,0.0,0.0,0.0
1.04,floor,heinz,3,-0.0153380176052,-0.00358913396485,4.55065007069e-06,0.00306098597745,0.564318100611,-0.688270171483,0.379538178444,-0.648484706879,8.11908817291,-6.76227812245e-05,-0.0036853886148,0.0120944998553
1.04,heinz,RobotiQ 3-Finger Adaptive Gripper[reflex:proximal_1],2,-0.019326813519,0.0155158690177,0.191014885902,-0.591840215027,0.487984799198,-0.0659786742181,0.0,0.0,0.0,0.0,0.0,0.0
1.05,floor,heinz,5,-0.021025053598,-0.00545376199298,0.000255696985641,0.0,0.0,-1.0,5.57638835907,-5.57638835907,16.0161933899,0.0,0.0,0.0
1.05,heinz,RobotiQ 3-Finger Adaptive Gripper[reflex:proximal_1],2,-0.0201571146026,0.0144011038356,0.190258048475,-0.999996602535,0.0016048141988,-0.00205810670741,0.0,0.0,0.0,0.0,0.0,0.0
1.06,floor,heinz,2,-0.0209612692706,-0.00466925557703,8.61194610025e-05,0.0,0.0,-1.0,-1.51613974571,1.51613974571,4.39783620834,0.0,0.0,0.0
1.06,heinz,RobotiQ 3-Finger Adaptive Gripper[reflex:base],1,-0.0117271905765,-0.0335235074162,0.216587439179,0.0025949748233,0.52231246233,-0.852750241756,0.0,0.0,0.0,0.0,0.0,0.0
1.06,heinz,RobotiQ 3-Finger Adaptive Gripper[reflex:proximal_1],5,-0.0204904958606,0.0130250012502,0.188051852584,-0.999993312359,-0.000393070792779,7.89875630289e-05,-1.09289300442,-0.213863357902,0.213645517826,0.0,0.0,0.0
1.07,floor,heinz,4,-0.0266338118818,-0.00511877273675,0.000102444522781,-0.0129665918648,0.400330990553,-0.799277424812,-2.60660076141,-2.60660076141,7.33810377121,0.0,0.0,0.0
1.07,heinz,RobotiQ 3-Finger Adaptive Gripper[reflex:base],1,-0.0121102407575,-0.0342271141708,0.216526016593,0.0159081909806,0.525906443596,-0.850393652916,0.0,0.0,0.0,0.0,0.0,0.0
1.07,heinz,RobotiQ 3-Finger Adaptive Gripper[reflex:proximal_1],5,-0.0188449371606,0.0120512159541,0.187194627523,-0.645908145607,0.393917283672,-0.0409921313752,0.0,0.0,0.0,0.0,0.0,0.0
1.08,floor,heinz,3,-0.0238508647308,-0.0071067577228,0.000269017007289,0.0,0.0,-1.0,6.44886875153,-0.279240339994,18.4040641785,0.0,0.0,0.0
1.08,heinz,RobotiQ 3-Finger Adaptive Gripper[reflex:proximal_1],4,-0.0191280930303,0.0110898814164,0.188312195241,-0.546629596502,0.496525066759,-0.045225782771,0.0,0.0,0.0,0.0,0.0,0.0
1.09,floor,heinz,3,-0.0265882971386,-0.00534627361534,0.00052012874706,0.0,0.0,-1.0,-9.04173374176,2.99535655975,25.2859516144,0.0,0.0,0.0
1.1,floor,heinz,4,-0.0275104301982,-0.00673209107481,0.00053309001305,0.0,0.0,-1.0,3.01281952858,-4.63353180885,8.29138946533,-0.000255702762561,-0.000255702762561,0.00380243675388
1.1,heinz,RobotiQ 3-Finger Adaptive Gripper[reflex:proximal_pad_1],1,-0.0204157736152,0.0075412588194,0.187628850341,0.201970502734,-0.970182538033,0.133991464972,6.0866394043,-17.5828094482,-3.7877779007,-3.28537362306e-18,0.0,-5.27931813222e-18
1.11,floor,heinz,5,-0.0272548936307,-0.00631414791569,0.000176952383481,0.02025847435,0.323625731468,-0.834213542938,4.56555753946,-11.462020874,16.0143715739,-0.0272678556232,0.00813582073698,0.00700282726458
1.11,heinz,RobotiQ 3-Finger Adaptive Gripper[reflex:proximal_pad_1],1,-0.0202829539776,0.00707005010918,0.187705367804,0.179545834661,-0.974908173084,0.131595596671,5.49941396713,-15.886174202,-3.43556189537,0.0,0.0,0.0
1.13,floor,heinz,5,-0.027178542316,-0.00625086096115,0.00017254933482,0.0347876667976,0.322990775108,-0.833381199837,2.10699641705,-3.57359105349,8.88438075781,-0.00632845981658,0.00244740268879,0.00495885548756
1.13,heinz,RobotiQ 3-Finger Adaptive Gripper[reflex:proximal_pad_1],2,-0.0207339329645,0.00638026022352,0.187918871641,0.204788170755,-0.971633762121,0.0844553504139,2.56734678149,-4.37244808674,-1.21022391319,0.000290976712218,-0.00193924770473,-0.000157324540296
1.14,heinz,RobotiQ 3-Finger Adaptive Gripper[reflex:proximal_pad_1],1,-0.0216802172363,0.00613163970411,0.188141644001,0.254091411829,-0.966337680817,0.0403607077897,1.47015249729,-2.15427803993,-0.775445222855,0.0,0.0,0.0
1.15,floor,heinz,2,-0.0206179381348,-0.00597721582744,7.44295140294e-05,0.0,0.0,-1.0,4.10501247644,4.10501247644,12.027741611,-6.91448604946e-05,6.91448604946e-05,0.0093612354877
1.15,heinz,RobotiQ 3-Finger Adaptive Gripper[reflex:proximal_pad_1],1,-0.0214720740914,0.006207479164,0.188149750233,0.234781488776,-0.971154332161,0.0416766665876,0.843803882599,-0.613435387611,-0.643473207951,0.0,0.0,0.0
1.17,floor,heinz,4,-0.0276848052163,-0.00655309454305,0.000529960998392,0.0,0.0,-1.0,1.34334290028,-5.03726673126,12.701210022,0.0,0.0,0.0
1.17,heinz,RobotiQ 3-Finger Adaptive Gripper[reflex:proximal_1],1,-0.021229704842,0.00708871008828,0.184637919068,0.0323100052774,-0.99260622263,0.116999730468,0.0,0.0,0.0,0.0,0.0,0.0
1.17,heinz,RobotiQ 3-Finger Adaptive Gripper[reflex:proximal_pad_1],1,-0.0201210901141,0.00661340262741,0.188091367483,0.196277990937,-0.979538083076,0.0444984808564,3.49962377548,-6.64579534531,-1.80692672729,-1.5672591066e-18,0.0,-3.03543976021e-18
1.18,floor,heinz,3,-0.0231916594009,-0.00519793472874,0.000458434336148,0.0,0.0,-1.0,-1.5602478981,1.40687036514,13.1460914612,0.0,0.0,0.0
1.18,heinz,RobotiQ 3-Finger Adaptive Gripper[reflex:proximal_1],1,-0.0210666321218,0.0071739773266,0.184644073248,0.0130637539551,-0.992822468281,0.118881568313,0.0,0.0,0.0,0.0,0.0,0.0
1.2,floor,heinz,4,-0.0252884011716,-0.00661455269437,0.000496936602531,0.0,0.0,-1.0,-0.158402577043,-0.272270292044,10.1805591583,0.0,0.0,0.0
1.22,heinz,RobotiQ 3-Finger Adaptive Gripper[reflex:proximal_3],1,0.00857952889055,-0.0177119411528,0.185300454497,-0.999347031116,-0.0124080786481,0.0339344963431,-1.38888847828,-0.735947549343,-0.671596586704,0.0,0.0,0.0
1.23,floor,heinz,2,-0.016362358816,-0.00767235504463,0.00018808591426,0.0,0.0,-1.0,-2.39944911003,-1.39971780777,10.4081449509,0.0,0.0,0.0
1.23,heinz,RobotiQ 3-Finger Adaptive Gripper[reflex:proximal_3],1,0.00866660382599,-0.0179060157388,0.185349836946,-0.999323189259,0.00556763680652,0.0363612510264,-2.33221364021,-0.604183912277,-0.532841861248,0.0,0.0,0.0
1.24,floor,heinz,3,-0.0141432244952,-0.00864961339782,0.000252270330596,0.0,0.0,-1.0,-0.0579583235085,3.36884522438,9.42865657806,0.0,0.0,0.0
1.25,floor,heinz,4,-0.0134952752851,-0.00944430474192,0.000216681059328,0.0,0.0,-1.0,1.39778363705,3.56787204742,9.96632766724,0.0,0.0,0.0
1.26,floor,heinz,4,-0.0133670640644,-0.00958207063377,0.000122842305558,0.0,0.0,-1.0,1.27696979046,3.36794519424,10.0659160614,0.0,0.0,0.0
1.27,floor,heinz,2,-0.0144236586057,-0.00852316338569,0.000195175130102,0.0,0.0,-1.0,-0.0890312641859,-0.209482833743,9.40261650085,0.0,0.0,0.0
1.28,floor,heinz,4,-0.0133562753908,-0.00955080392305,0.000127185319386,0.0,0.0,-1.0,-2.23203444481,-1.30021107197,10.3190088272,0.0,0.0,0.0
1.29,floor,heinz,3,-0.0141917392612,-0.00906401934723,0.000169935576802,0.0,0.0,-1.0,-0.649757027626,-3.76010584831,10.0357837677,0.0,0.0,0.0
1.29,heinz,RobotiQ 3-Finger Adaptive Gripper[reflex:proximal_pad_1],1,-0.0212612003088,0.00698497658595,0.191605240107,0.223502546549,-0.97378385067,0.0423273742199,1.55277371407,-2.96407604218,-0.714004516602,0.0,0.0,0.0
1.3,floor,heinz,3,-0.014180005528,-0.00904447585344,0.000176306682988,0.0,0.0,-1.0,0.583894908428,2.15259027481,7.65928936005,0.0,0.0,0.0
1.3,heinz,RobotiQ 3-Finger Adaptive Gripper[reflex:proximal_1],3,-0.0194398040573,0.00928202457726,0.190902605653,-0.471013178428,0.649155943654,-0.0269381330193,0.884087443352,3.39013791084,-1.69998812675,0.0,0.0,0.0
1.31,heinz,RobotiQ 3-Finger Adaptive Gripper[reflex:proximal_1],4,-0.0193263064139,0.00911880191416,0.19048429653,-0.594768360257,0.486925236066,-0.0202141483023,52.1594419479,343.041622017,-151.190162817,-0.0723597919992,0.0202074725593,-0.00672079589372
1.31,heinz,RobotiQ 3-Finger Adaptive Gripper[reflex:proximal_pad_1],1,-0.0198761913925,0.00740184588358,0.193841993809,0.165936753154,-0.981214940548,0.0983982160687,-46.1653404236,-356.56137085,131.077438354,0.0,0.0,0.0
1.32,heinz,RobotiQ 3-Finger Adaptive Gripper[reflex:proximal_1],4,-0.0190865723416,0.00924006616697,0.190554432571,-0.586289666593,0.487752509187,-0.0201805379947,2.84679174423,4.58052110672,-3.76814198494,0.0,0.0,0.0
1.33,floor,heinz,1,-0.0140397073701,-0.0102659827098,0.000130715750856,0.0,0.0,-1.0,-0.0861390009522,-0.168838590384,9.25281524658,0.0,0.0,0.0
1.33,heinz,RobotiQ 3-Finger Adaptive Gripper[reflex:proximal_1],4,-0.0188928870484,0.00929379439913,0.190678890795,-0.577742032707,0.489071197459,-0.0201124213527,0.0,0.0,0.0,0.0,0.0,0.0
1.34,floor,heinz,1,-0.0140397893265,-0.0102662649006,0.00012983182387,0.0,0.0,-1.0,-0.0930559709668,-0.167749658227,9.32268333435,0.0,0.0,0.0
1.34,heinz,RobotiQ 3-Finger Adaptive Gripper[reflex:proximal_1],3,-0.0192645403246,0.00895174406469,0.189557323853,-0.712767278155,0.323970903487,-0.0126794166717,0.0,0.0,0.0,0.0,0.0,0.0
1.35,floor,heinz,2,-0.0134715726599,-0.00991276279092,6.45514044706e-05,0.0,0.0,-1.0,-0.0979906469584,-0.166273772717,9.32187271118,0.0,0.0,0.0
1.36,floor,heinz,2,-0.0134655465372,-0.00992288161069,6.43084262038e-05,0.0,0.0,-1.0,-0.103041745722,-0.164989814162,9.32081413269,0.0,0.0,0.0
1.37,floor,heinz,2,-0.0134598589502,-0.00989047531039,6.49517465945e-05,0.0,0.0,-1.0,0.786487579346,-3.30789041519,8.67256736755,0.0,0.0,0.0
1.37,heinz,RobotiQ 3-Finger Adaptive Gripper[reflex:proximal_pad_1],1,-0.0212762188166,0.00719391088933,0.195919305086,0.126189276576,-0.991488695145,0.0320371054113,1.26441347599,-3.04775094986,-0.7679246068,-6.66068421598e-19,0.0,-1.09670387007e-18
1.39,floor,heinz,2,-0.0146982250735,-0.00872975331731,7.49555310904e-05,0.0,0.0,-1.0,1.22640439868,-1.69343021512,8.36405837536,-1.63297681819e-05,6.09605671807e-05,0.0022096076646
1.4,floor,heinz,2,-0.0146830901504,-0.00870521995239,7.05829306753e-05,0.0,0.0,-1.0,1.18675711751,-1.71525678039,8.44069087505,-1.25563265294e-05,4.80854313186e-05,0.00174594330833
1.41,floor,heinz,2,-0.0146674858406,-0.00868092756718,6.63610526317e-05,0.0,0.0,-1.0,-0.11850386858,-0.166456878185,9.29828238487,-3.82634730341e-05,3.88548240742e-05,0.00187363404404
1.42,floor,heinz,2,-0.0146482428536,-0.00866086385213,7.016422569e-05,0.0,0.0,-1.0,-0.126151278615,-0.161926701665,9.31210666895,-2.90201711826e-05,2.9354305534e-05,0.00142635742473
1.43,floor,heinz,2,-0.0143920173869,-0.00862225401215,6.91892173563e-05,0.0,0.0,-1.0,-3.29703393579,-0.972138017416,8.50936067104,-1.97269974576e-05,1.21355399879e-05,0.000714017738715
1.43,heinz,RobotiQ 3-Finger Adaptive Gripper[reflex:proximal_3],1,0.00831414014101,-0.0175820030272,0.195776626468,-0.999582886696,-0.0285323001444,0.00446560140699,-3.36235284805,-1.10135638714,-0.989832103252,0.0,0.0,0.0
1.44,floor,heinz,2,-0.0129272975028,-0.00987311499193,5.97442379728e-05,0.0,0.0,-1.0,-3.29900979996,-0.875085949898,8.60290288925,8.88917371004e-05,7.02640645777e-06,0.000958873981311
1.44,heinz,RobotiQ 3-Finger Adaptive Gripper[reflex:proximal_3],1,0.00833132769912,-0.0178123246878,0.196078062057,-0.999913156033,-0.0121074132621,0.00520564941689,-3.20489525795,-0.955876946449,-0.900273025036,2.65309148664e-17,-8.89537126722e-17,0.0
1.45,floor,heinz,2,-0.0129050072283,-0.00987671874464,6.01017660529e-05,0.0,0.0,-1.0,1.60385102034,-2.08460301161,7.16122764349,6.62206780558e-05,6.12838212547e-05,0.000946649016669
1.45,heinz,RobotiQ 3-Finger Adaptive Gripper[reflex:proximal_1],1,-0.0234944373369,0.00787844136357,0.19705490768,-0.00958854518831,-0.995862066746,-0.0903701558709,0.799926161766,-2.47128653526,-1.0506054163,0.0,0.0,0.0
1.46,floor,heinz,2,-0.0129026225768,-0.00988038768992,6.05938751903e-05,0.0,0.0,-1.0,-0.136632293463,-0.167845189571,9.32036828995,6.83944899094e-05,6.23560045405e-05,0.000957785662598
1.47,floor,heinz,1,-0.0135283460841,-0.0101213892922,0.000121671255329,0.0,0.0,-1.0,-0.134845808148,-0.161259964108,9.22557926178,0.0,0.0,0.0
1.48,floor,heinz,1,-0.0135298315436,-0.0101194782183,0.000121932702314,0.0,0.0,-1.0,-0.139702036977,-0.16021463275,9.32253646851,0.0,0.0,0.0
1.49,floor,heinz,1,-0.0135312601924,-0.0101175568998,0.00012215951574,0.0,0.0,-1.0,-0.142544537783,-0.157704025507,9.32255363464,0.0,0.0,0.0
1.5,floor,heinz,2,-0.0128894657828,-0.00986737757921,6.26168951499e-05,0.0,0.0,-1.0,0.558174535632,-2.83810697496,7.94737672806,1.9716775948e-05,1.9716775948e-05,0.000270255232276
1.5,heinz,RobotiQ 3-Finger Adaptive Gripper[reflex:distal_1],1,-0.0243592821062,0.00832277536392,0.178024277091,0.0384139977396,-0.974370062351,-0.221646845341,0.955643236637,-2.44338703156,-1.44405794144,0.0,5.01008242336e-18,-8.47720168907e-18
1.51,floor,heinz,2,-0.0128864236176,-0.00987657578662,6.28469130675e-05,0.0,0.0,-1.0,0.487199276686,-1.7431782186,8.05045032501,1.01972489888e-05,1.01972489888e-05,0.000139036836731
1.51,heinz,RobotiQ 3-Finger Adaptive Gripper[reflex:distal_1],1,-0.0242111440748,0.0083552422002,0.178349480033,0.022547930479,-0.974918186665,-0.22141841054,0.84789699316,-2.12100839615,-1.30486249924,0.0,0.0,0.0
1.52,floor,heinz,2,-0.0128835416399,-0.00988743221387,6.28361771078e-05,0.0,0.0,-1.0,-0.14667378366,-0.142435707152,9.31002430618,8.87700751052e-06,8.10731760405e-06,0.000118456785651
1.53,floor,heinz,2,-0.0128808082081,-0.00989837665111,6.22752702384e-05,0.0,0.0,-1.0,-0.151195633225,-0.137908798642,9.31142504141,1.15961551577e-06,1.03969301601e-06,1.54400880864e-05
1.54,floor,heinz,2,-0.0128782317042,-0.00990935880691,6.17279515609e-05,0.0,0.0,-1.0,-0.15609061718,-0.133661285043,9.31202030182,0.0,0.0,0.0
1.55,floor,heinz,2,-0.0139065864496,-0.00843670684844,7.00889922882e-05,0.0,0.0,-1.0,0.677850425243,-1.8886051774,8.53625059128,-2.3147972444e-05,8.19091337857e-05,0.00325612291189
1.56,floor,heinz,3,-0.0133154178038,-0.00875253059591,0.000165340106226,0.0,0.0,-1.0,-0.982736051083,1.62358999252,10.093580246,0.0,0.0,0.0
1.57,floor,heinz,3,-0.0129417792584,-0.0094173271209,4.53239882366e-05,0.0,0.0,-1.0,0.610444545746,-2.94467484951,7.77015256882,2.25820038058e-06,0.000111669152424,0.00406333725239
1.57,heinz,RobotiQ 3-Finger Adaptive Gripper[reflex:proximal_pad_1],2,-0.0236652940512,0.00696948519908,0.207593180239,0.000653533614241,-0.884806275368,-0.465958565474,-0.0279638469219,-1.25321006775,-0.692607522011,3.47835667977e-17,-7.76152667745e-19,0.0
1.58,floor,heinz,3,-0.0129379058878,-0.00936508318409,4.09527805611e-05,0.0,0.0,-1.0,-0.527869582176,-1.25703275204,8.07143163681,-8.47270336609e-05,0.000118405557292,0.00469335401189
1.58,heinz,RobotiQ 3-Finger Adaptive Gripper[reflex:proximal_pad_1],2,-0.0236751930788,0.0071429554373,0.207855723798,-0.0135645484552,-0.885108411312,-0.465187102556,-0.599461495876,-1.47132575512,-1.42957758904,0.0,0.0,0.0
1.59,floor,heinz,3,-0.012943300729,-0.00935955780248,4.13731261991e-05,0.0,0.0,-1.0,0.0,0.0,0.0,0.0,0.0,0.0
1.59,heinz,RobotiQ 3-Finger Adaptive Gripper[reflex:proximal_1],1,-0.0179612264037,0.00983580946922,0.204150870442,0.0733097046614,0.980777442455,0.180835053325,22.3095188141,-2.53931546211,4.72806024551,0.0,0.0,0.0
1.59,heinz,RobotiQ 3-Finger Adaptive Gripper[reflex:proximal_pad_1],2,-0.0232049738988,0.00731439259835,0.208223313093,-0.00411596801132,-0.872166216373,-0.487843096256,-22.4924087524,2.1163226366,-25.370859623,-7.9191895246e-05,-0.00935015398947,-0.00526419471129
1.6,heinz,RobotiQ 3-Finger Adaptive Gripper[reflex:proximal_1],1,-0.0179627146572,0.0101690655574,0.20424939692,0.0898983553052,0.979607462883,0.179687142372,10.7358512878,16.7298316956,13.9739656448,0.0,0.0,0.0
1.6,heinz,RobotiQ 3-Finger Adaptive Gripper[reflex:proximal_pad_1],1,-0.0236366316676,0.0075580268167,0.208535090089,0.00579014280811,-0.859808683395,-0.510583460331,-10.5612306595,-16.6141376495,-22.2361526489,0.0,0.0,0.0
1.61,heinz,RobotiQ 3-Finger Adaptive Gripper[reflex:proximal_1],1,-0.0179697312415,0.0104729477316,0.204318016768,0.106758147478,0.978079199791,0.178784236312,12.8830928802,19.2685642242,16.1786804199,0.0,0.0,0.0
1.61,heinz,RobotiQ 3-Finger Adaptive Gripper[reflex:proximal_pad_1],1,-0.0236586146057,0.00789950415492,0.208588719368,-0.00855439435691,-0.860322773457,-0.509677886963,-12.6874055862,-19.3341007233,-26.0499992371,0.0,0.0,0.0
1.62,heinz,RobotiQ 3-Finger Adaptive Gripper[reflex:proximal_1],1,-0.0179726928473,0.0106586441398,0.204447567463,0.12386494875,0.976173400879,0.178165405989,0.0,0.0,0.0,0.0,0.0,0.0
1.63,floor,heinz,3,-0.0145366058374,-0.00576331287933,0.000128158547341,0.0,0.0,-1.0,-0.175960302353,-0.13494426012,9.20814228058,0.0,0.0,0.0
1.64,floor,heinz,4,-0.0154352376703,-0.00414771208307,9.42462485867e-05,0.355624645948,0.22602057457,-0.769157618284,-0.518592357635,0.487226724625,9.28716826439,-0.00658364330593,-0.00211846833611,0.0192482854714
1.65,floor,heinz,5,-0.0153932085261,-0.00446605929174,2.78031575363e-07,0.588078999519,0.342403125763,-0.620245337486,2.5081331355,2.50907352916,6.97949221299,-6.88697326884e-06,-3.57798779432e-06,2.22383556796e-05
1.66,floor,heinz,4,-0.0175474211574,-0.000392224668758,9.40325046201e-05,0.364331752062,0.213530242443,-0.767707318068,-0.14907078445,-0.204116970301,9.27889156342,0.0,0.0,0.0
1.67,floor,heinz,4,-0.0175667479634,-0.000411490240367,9.4594088182e-05,0.368569523096,0.207317769527,-0.766788035631,-3.91583132744,-2.34132385254,11.2433166504,0.0,0.0,0.0
1.69,floor,heinz,7,-0.0193658722565,0.000381077406928,0.000320124416411,0.204611131123,0.122450598649,-0.871679442269,-4.63935804367,-2.46136331558,13.3187417984,0.0,0.0,0.0
1.7,floor,heinz,1,-0.0186299886554,0.00150585058145,1.75136915459e-06,0.0,0.0,-1.0,-0.537309288979,-0.767532229424,7.75130319595,0.0,0.0,0.0
1.71,floor,heinz,5,-0.0184075558558,0.000455837417394,0.000268464477404,0.293406105042,0.162244272232,-0.818150544167,-5.39974021912,-2.23365330696,21.6693325043,0.0,0.0,0.0
1.72,floor,heinz,8,-0.0186501467833,-0.00139698070416,0.000268930919667,0.18549720943,0.0985601767898,-0.885560616851,-2.74883651733,4.92671465874,19.4709239006,-0.00133155240297,-0.00109653880092,0.0158170775644
1.73,floor,heinz,11,-0.0174914780496,-0.00383684499486,0.000228149130883,0.29832268845,0.106003176082,-0.815011777661,-4.41487360001,-1.97583088279,21.7075157166,-0.00101498626114,-0.00204071040602,0.0142518643701
1.74,floor,heinz,2,-0.0150202861987,-0.00827378011309,0.000189944486465,0.0,0.0,-1.0,-5.81953346729,-4.98946559429,15.2783940136,0.000210791357468,9.29466709112e-05,-0.000442696567835
1.74,heinz,RobotiQ 3-Finger Adaptive Gripper[reflex:distal_1],1,-0.018360754475,0.00786366965622,0.192374438047,-0.51246124506,-0.858567178249,0.0156797077507,-4.00195741653,-3.45805096626,-1.58551287651,0.0,0.0,0.0
1.75,floor,heinz,3,-0.0148170056442,-0.00890673169245,0.000256140803913,0.0,0.0,-1.0,1.15192592144,1.15192592144,9.62655973434,-6.93225138933e-06,6.93225138933e-06,0.0075579432865
1.76,heinz,RobotiQ 3-Finger Adaptive Gripper[reflex:distal_1],1,-0.0194635242224,0.00825863983482,0.194437906146,-0.50802397728,-0.861325263977,0.00551227992401,0.0,0.0,0.0,0.0,0.0,0.0
1.76,heinz,RobotiQ 3-Finger Adaptive Gripper[reflex:proximal_3],1,-0.00770828686655,-0.0117333801463,0.209335282445,-0.842098236084,-0.104245364666,-0.529153525829,-2.89265632629,-1.9137121439,-6.34544610977,1.10075943322e-17,-5.50379716608e-18,-3.35807814601e-18
1.77,heinz,RobotiQ 3-Finger Adaptive Gripper[reflex:distal_1],1,-0.0191657301039,0.00836115051061,0.194598063827,-0.522742569447,-0.852480649948,0.00411926861852,0.0,0.0,0.0,0.0,0.0,0.0
1.77,heinz,RobotiQ 3-Finger Adaptive Gripper[reflex:proximal_3],1,-0.00760681601241,-0.0117494249716,0.209483802319,-0.8430326581,-0.089355006814,-0.530388176441,-3.28780126572,-0.355195820332,-5.57586050034,9.6725761087e-18,4.83628805435e-18,-6.01150930403e-18
1.78,floor,heinz,3,-0.0138288385545,-0.00726411631331,0.000122486788314,0.569375038147,0.132607807716,-0.653757512569,-2.51196676493,-1.8779707551,1.52556151152,-0.00593978396162,-0.000934493952045,0.00810027941945
1.78,heinz,RobotiQ 3-Finger Adaptive Gripper[reflex:proximal_3],1,-0.00747528392822,-0.0118167856708,0.209578067064,-0.844402313232,-0.0746593102813,-0.53048157692,-3.20950675011,-2.5666949749,-8.05335330963,0.0,0.0,0.0
1.79,floor,heinz,3,-0.013931802474,-0.0072767874226,0.000117688944253,0.571136116982,0.122966488202,-0.654467622439,1.96263980865,-0.0524306595325,9.25021338463,-0.00271129945243,-0.000149065564936,0.00655727627733
1.8,floor,heinz,6,-0.0149432515415,-0.00523842584031,0.000328509344248,0.0,0.0,-1.0,-7.60794591904,-4.15885829926,21.9015045166,0.0,0.0,0.0
1.81,floor,heinz,3,-0.0141039025038,-0.00729209091514,0.000114908577719,0.574453910192,0.103947420915,-0.655268271764,0.17717051506,0.830152571201,9.51484680176,-0.00532855786862,-0.000116498422535,0.0133012445164
1.82,floor,heinz,3,-0.0141153661534,-0.00728507743527,0.000116688936638,0.57605612278,0.0945465167363,-0.655303458373,1.96736335754,1.41061621904,14.9245814085,-0.00629158233612,-1.66597461964e-05,0.0154145893652
1.83,floor,heinz,4,-0.0140140624717,-0.00998774275649,0.000182290285011,0.433203101158,0.0638920590281,-0.741356343031,0.512869209051,0.723339855671,10.1580250561,-0.0156787132609,0.000174234122743,0.0364572897945
1.84,floor,heinz,4,-0.0142466558609,-0.00708528165706,0.0,0.871731698513,0.110220059752,-0.477378174663,-2.79690957069,-1.26470184326,3.23474001884,0.0,0.0,0.0
1.85,floor,heinz,5,-0.0142004001886,-0.0115678282455,7.13408342563e-05,0.68745033741,0.00431361198425,-0.601628875732,0.149967432022,0.613084375858,10.3522963524,-0.00589771882256,0.000313572329416,0.0142671103895
1.86,floor,heinz,5,-0.0142298275605,-0.0116368706338,0.000150462375746,0.349178051949,0.0344919472933,-0.792054653168,-0.444208860397,-0.0534320175648,10.1572387218,-0.0206502484102,0.00116437547658,0.04430032994
1.87,floor,heinz,1,-0.0142893083394,-0.00644689099863,8.6037522351e-07,0.0,0.0,-1.0,-1.31539988518,0.0337050408125,6.89469146729,0.0,0.0,0.0
1.88,floor,heinz,2,-0.0140554732643,-0.00809729634784,0.00019466331878,0.0,0.0,-1.0,-0.468777626753,0.814293563366,8.80247211456,0.0,0.0,0.0
1.89,floor,heinz,4,-0.0148083863314,-0.0158592202934,2.60785702721e-06,0.422096699476,-0.0709403976798,-0.758460491896,1.66086602211,-11.513168633,33.6686097383,0.00246443201195,0.000154934157102,0.0777025291079
1.9,floor,heinz,1,-0.0148555636406,-0.0181199647486,7.23391735846e-07,0.0,0.0,-1.0,-0.625824332237,0.0935117155313,9.09042835236,0.0,0.0,0.0
1.91,floor,heinz,1,-0.0148498909548,-0.0181097779423,1.36094584491e-07,0.0,0.0,-1.0,-2.94362878799,-1.67814958096,15.3010635376,0.0,0.0,0.0
1.95,floor,heinz,4,-0.0149987291079,-0.0190834668465,0.0,0.834392011166,-0.227737031877,-0.501878932118,-2.92159295082,0.800833821297,3.47766041756,0.0,6.03277916781e-18,-1.38922523016e-18
1.96,floor,heinz,10,-0.0173775210977,-0.0217996522784,0.000278277394682,0.33321095705,-0.09639557302,-0.799176847935,-2.22044253349,0.185980618,10.840246439,-0.0103190946569,0.0109154212424,0.0233277309876
2.0,floor,heinz,5,-0.0704067751765,-0.0047161676921,9.72862178401e-05,0.0,0.0,-1.0,-3.14154441841,-3.55994383805,10.0884802938,0.000117567842416,-8.70228412073e-05,-0.00185358865526
2.01,floor,heinz,7,-0.0708483670439,-0.00379595902216,0.000204563443861,0.0,0.0,-1.0,-2.05221766233,-0.0901899337769,18.2452449799,0.00034945347834,0.000234875249158,0.0179803223127
2.02,floor,heinz,7,-0.0704533308744,-0.00284279101262,8.55644513129e-05,-0.240184732846,0.10334616048,-0.82945305109,0.284754753113,0.7239818573,9.19442510605,0.00897687641634,-0.00529252411842,0.0240561013081
2.03,floor,heinz,9,-0.0678347684443,0.00110421955792,0.000141927915037,-0.185389002164,0.0826807816823,-0.86820742819,-0.152260243893,0.829270780087,11.5238560438,0.0184393990804,-0.0109786534399,0.0528436130215
2.04,floor,heinz,8,-0.0662820423022,0.00535975780804,4.22182378941e-05,-0.397590905428,0.217642977834,-0.709135480225,-1.31064772606,1.31064772606,7.09839820862,-4.10331020627e-05,-4.10331020627e-05,0.0309097188852
2.05,floor,heinz,7,-0.0657615624368,0.00571022309097,0.000110200380602,-0.215609788895,0.139183904443,-0.839875996113,1.03269660473,-0.893221974373,9.25678348541,0.0,0.0,0.0
2.06,floor,heinz,7,-0.0658244229853,0.00545925557214,0.000127143555541,-0.233074086053,0.117841831275,-0.830140922751,0.182408809662,1.70763015747,11.2977683544,0.00917460350997,-0.00757952025045,0.029688154471
2.07,floor,heinz,2,-0.0690803527832,0.00382384366821,1.08189340153e-06,0.0,0.0,-1.0,-0.204692721367,-0.133506774902,9.23482704163,-1.25555794356e-06,-1.39063696825e-06,0.0124299583671
2.08,floor,heinz,7,-0.0656777301005,0.00557805637696,0.000121977052523,-0.209350075041,0.146837983813,-0.841736887183,1.94898927212,-0.414354920387,17.8486557007,0.0,0.0,0.0
2.09,floor,heinz,3,-0.0696298008164,0.00308344489895,0.00013044094455,0.0,0.0,-1.0,1.05003082752,-0.738996088505,8.82879638672,0.0,0.0,0.0
2.1,floor,heinz,7,-0.0656490208847,0.00550089508761,0.000128786014882,-0.205289823668,0.151871732303,-0.842440775463,3.72945636511,-2.36270868778,9.18790644407,-0.00206499361803,0.00123512134368,-0.00146492269299
2.11,floor,heinz,2,-0.0691207908094,0.0038460175856,3.52146287241e-06,0.0,0.0,-1.0,0.619377553463,-0.116578102112,7.38342475891,5.31011216415e-07,4.23046120272e-07,0.00856735316829
2.12,floor,heinz,3,-0.0697071030736,0.00313249339039,0.000133485851696,0.0,0.0,-1.0,1.5185571909,-0.165443316102,9.42939281464,0.0,0.0,0.0
2.13,floor,heinz,6,-0.0650675271948,0.00561207152593,0.000229969729238,0.0,0.0,-1.0,0.579453483224,-0.362101569772,18.323824048,-0.000124271591552,-0.000117329260776,0.0202844988574
2.14,floor,heinz,2,-0.0691393837333,0.00385377753992,1.54859651502e-06,0.0,0.0,-1.0,0.640251278877,-0.169429779053,7.46052145958,1.32081471334e-06,1.06665202494e-06,0.00846712906344
2.15,floor,heinz,8,-0.0662655113265,0.00484183996741,0.000113369185485,-0.171134784818,0.143688857555,-0.862099952996,0.161927118897,-0.161927118897,9.05112954974,0.000255913808225,0.000255913808225,0.0403384844431
2.16,floor,heinz,7,-0.0657540756677,0.00510688134403,0.000136238322219,-0.216165644782,0.145391259875,-0.831616214343,4.24455988407,-3.05737841129,9.72016990185,0.0202829984296,-0.0254542655553,0.0567980700525
2.17,floor,heinz,4,-0.0695923008025,0.00351888782461,9.83167369668e-05,-0.335815817118,0.295859575272,-0.72292342782,3.27394378185,-2.66701637954,8.72530788183,-0.00183475028702,0.00133329317204,-0.00124495871779
2.19,floor,heinz,3,-0.069847561419,0.00325516999389,0.000132551883799,0.0,0.0,-1.0,2.9680621624,-2.9680621624,8.58403587341,0.0,0.0,0.0
2.2,floor,heinz,1,-0.0673583671451,0.00613889796659,1.67979032994e-06,0.0,0.0,-1.0,-1.53329253197,-0.671735942364,6.56315374374,0.0,0.0,0.0
2.22,floor,heinz,7,-0.0659002832004,0.00484083004163,0.000163741535809,0.0,0.0,-1.0,-1.37948273122,3.16634820402,11.9986793697,8.22379341001e-05,5.63367179268e-05,0.0239423462846
2.23,floor,heinz,8,-0.0655027735047,0.00554071378428,8.3588367108e-05,-0.179874882102,0.143156319857,-0.848241001368,2.15979093313,-2.35586732626,18.3890295029,0.02597914006,-0.0605021599672,0.127388857384
2.24,floor,heinz,6,-0.064979252095,0.00530834026479,0.000106019667347,0.0,0.0,-1.0,-0.909791588783,0.909791588783,9.15922045708,-7.05198578257e-06,-7.05198578256e-06,0.0267678901578
2.25,floor,heinz,9,-0.0651606342031,0.00606362423342,5.28786831132e-05,-0.260492192374,0.307068361176,-0.742243813144,1.39510571957,-2.21091580391,18.595209837,0.0108576593339,-0.0465778322327,0.0987943760394
2.29,floor,heinz,12,-0.0309998233182,-0.0397287011147,7.78847151821e-05,0.31467217207,-0.38191429774,-0.714360182484,2.07683849335,-3.30892562866,25.3616232872,-0.0263936305935,0.0481533549148,0.152615960011
2.3,floor,heinz,3,-0.0354995292922,-0.0430789614717,0.000148008090036,0.0,0.0,-1.0,-0.207390502095,0.328762203455,9.38069629669,0.0,0.0,0.0
2.31,floor,heinz,4,-0.0353602059186,-0.043201896362,0.000113102125226,0.0,0.0,-1.0,-0.521544158459,-0.1063516289,11.1565990448,0.0,0.0,0.0
2.32,floor,heinz,3,-0.0355288144201,-0.0429881922901,0.000154071899184,0.0,0.0,-1.0,-0.405388563871,-0.0388338193297,11.1113920212,0.0,0.0,0.0
2.33,floor,heinz,3,-0.0355485137552,-0.0429322545727,0.000161772402862,0.0,0.0,-1.0,-0.187790676951,0.323221415281,9.26029491425,0.0,0.0,0.0
2.34,floor,heinz,4,-0.03419774957,-0.0423211511225,2.89680137939e-05,0.244375288486,-0.340237021446,-0.772982597351,0.116907656193,0.526642799377,9.26395356655,-0.00361912183158,0.0098357679882,0.0368960099695
2.35,floor,heinz,4,-0.0342022674158,-0.042288207449,3.51346916432e-05,0.241439878941,-0.341681957245,-0.773788660765,-0.0200454294682,0.508628547192,7.50328087807,-0.00264619805131,0.0079891723523,0.0300712519728
2.36,floor,heinz,3,-0.0355798589687,-0.0427937706312,0.000181106292681,0.0,0.0,-1.0,-0.173124045134,0.32554641366,9.26550769806,0.0,0.0,0.0
2.37,floor,heinz,4,-0.0342196496204,-0.0422129631042,4.30347918154e-05,0.235747396946,-0.344742715359,-0.774910181761,0.230839669704,0.561730384827,9.23132807016,-0.00271441519722,0.0106013809193,0.0370025347362
2.38,floor,heinz,10,-0.0286966351792,-0.0383669551462,0.000580669031751,0.0931965827942,-0.138544893265,-0.910089540482,-2.02596712112,2.48386693001,30.9759273529,0.0,0.0,0.0
2.39,floor,heinz,2,-0.0384744498879,-0.0434204954654,0.000102648195025,0.0,0.0,-1.0,-0.0460712909698,-1.37580263615,9.12919020653,9.97865286381e-05,-7.13560422586e-05,0.00381954974857
2.4,floor,heinz,5,-0.0306854970753,-0.0379321273416,0.00017283957568,0.0,0.0,-1.0,1.19845604897,-1.19845604897,10.0764138699,0.000416941038013,0.000416941038013,0.0339919305869
2.41,floor,heinz,5,-0.030369900167,-0.0376144710928,9.69241780695e-05,0.111712157726,-0.136518704891,-0.894249856472,-3.40895628929,1.47634506226,9.79315853119,0.0,0.0,0.0
2.45,floor,heinz,8,-0.0281903729774,-0.0375225543976,0.000762775317071,0.0,0.0,-1.0,-0.902547836304,1.1621825695,36.3311386108,0.0,0.0,0.0
2.46,floor,heinz,1,-0.0257411263883,-0.037518106401,5.69940993955e-07,0.0,0.0,-1.0,-0.389220356941,-0.398564517498,15.5429525375,0.0,0.0,0.0
2.47,floor,heinz,3,-0.02442552646,-0.0363392581542,0.000128655558607,0.392650922139,-0.419651587804,-0.671212315559,-0.470181167126,0.670563101768,9.12422180176,0.0,0.0,0.0
2.48,floor,heinz,3,-0.0187947452068,-0.0302081362655,0.000257783066255,0.0,0.0,-1.0,-0.302034288645,0.209961906075,9.33377742767,0.0,0.0,0.0
2.49,floor,heinz,2,-0.0166168008,-0.0276772966608,0.000196512682464,0.0,0.0,-1.0,1.22863483429,-0.777492582798,10.4519023895,0.0,0.0,0.0
2.5,floor,heinz,5,-0.0144044904038,-0.0243095446378,7.85295800398e-05,0.305523824692,-0.172806286812,-0.791815495491,0.582303095609,-1.092256153,8.51153602824,-0.00361938530534,0.00354683329147,0.0136083050874
2.51,floor,heinz,8,-0.0112553099752,-0.0162682412192,0.000156861646019,0.184919834137,-0.103711299598,-0.882471218705,-2.76814723015,-2.76814723015,7.94906949997,0.0,0.0,0.0
2.52,floor,heinz,2,-0.00741133955307,-0.0119742159732,0.000196574532538,0.0,0.0,-1.0,-0.428746759892,0.00815085228533,9.20063686371,0.0,0.0,0.0
2.53,floor,heinz,7,-0.0101226487729,0.0086134145635,0.000467383317691,0.19390303748,0.145141022546,-0.865838834218,1.98642098904,1.24387001991,17.7458534241,0.0,0.0,0.0
2.54,floor,heinz,12,-0.0365582820959,0.0190670841063,0.000107491451369,-0.0526065733284,0.448216636976,-0.712477430701,-0.691178262234,1.67418146133,8.14887714386,0.0,0.0,0.0
2.55,floor,heinz,8,-0.0559825724922,0.013323030551,1.21839364056e-05,-0.212538555264,0.399900943041,-0.710319519043,2.37098813057,-2.65448451042,8.18373298645,0.0,0.0,0.0
2.56,floor,heinz,2,-0.0611751377583,0.0121122286655,0.000196715478552,0.0,0.0,-1.0,0.278104305267,-0.296935558319,9.21852874756,0.0,0.0,0.0
2.57,floor,heinz,6,-0.0649921738853,0.00659777619876,0.000183744640935,0.0,0.0,-1.0,0.339496850967,-0.248606264591,9.27082824707,0.0,0.0,0.0
2.58,floor,heinz,5,-0.0651468642056,0.00580824641511,5.06286531422e-05,0.0,0.0,-1.0,1.64976945519,-1.64976945519,7.29487764835,2.64800557032e-05,2.64800557032e-05,0.0136309443879
2.59,floor,heinz,8,-0.0675937440246,0.00496286878479,8.41201904566e-05,-0.137794792652,0.182016119361,-0.851895667613,0.38869908452,-0.299980580807,10.6554250717,0.0,0.0,0.0
2.6,floor,heinz,7,-0.0674943546099,0.00468529198718,0.000118570773858,-0.192783219474,0.152923805373,-0.85948073864,-0.654053807259,1.34295171499,11.3919528723,0.00558643040331,-0.00907969137382,0.0309270418103
2.61,floor,heinz,1,-0.0733205527067,0.00202123844065,1.39373094044e-06,0.0,0.0,-1.0,0.397607415915,-0.0882286056876,7.5197095871,0.0,0.0,0.0
2.62,floor,heinz,8,-0.0675075207837,0.00489112894866,4.33936133959e-05,-0.301330596209,0.319243639708,-0.730786912143,0.617323696613,-0.180753052235,17.2074540854,0.00647489557387,-0.0166307786341,0.106625127713
2.63,floor,heinz,8,-0.0675015160814,0.00486907325103,4.53597981505e-05,-0.299512445927,0.320668026805,-0.731178432703,0.351377636194,-0.0232692062855,9.26348012686,0.00851350323444,-0.0250951860112,0.066416439604
2.64,floor,heinz,8,-0.0674959011376,0.00485734373797,4.45887171736e-05,-0.297828376293,0.322082325816,-0.731387615204,2.98868960142,-4.27974015474,18.6262314618,0.026508361851,-0.0638067036851,0.157505737763
2.65,floor,heinz,6,-0.0665579320242,0.00499108224176,0.000210962088507,0.0,0.0,-1.0,0.661135673523,-0.464263796806,18.1010613441,-0.000176061920117,-0.000170173493236,0.0124498898926
2.66,floor,heinz,6,-0.0656299994638,0.00571442112171,0.000150314513723,0.0,0.0,-1.0,0.88484287262,-0.488665699959,10.1143026352,0.0,0.0,0.0
2.67,floor,heinz,7,-0.0674850504313,0.00458081568857,0.000122349483978,-0.187005332538,0.159196700369,-0.86029279232,-0.0714024882764,0.34116053395,10.3606302142,0.0052874378193,-0.00927783841865,0.0311151567236
2.68,floor,heinz,5,-0.0651914685965,0.00548960128799,0.000173308029844,0.0,0.0,-1.0,0.299138724804,-0.260036349297,9.27039265633,0.000174891613905,0.000176786761736,0.00708341898548
2.69,floor,heinz,6,-0.0656099213908,0.0056739532544,5.29132994416e-05,-0.171348830064,0.251068949699,-0.803469677766,0.219913005829,-0.186997532845,9.31960687041,0.00201944175609,-0.0229750736791,0.0448644313396
2.7,floor,heinz,6,-0.0656171577672,0.0056683413762,4.79872413356e-05,-0.17054182291,0.251924236615,-0.802904625734,0.211549431086,-0.289577662945,8.95572161674,0.00187961166357,-0.0217818402267,0.0432328321685
2.71,floor,heinz,8,-0.0648361663334,0.00684161440586,3.20546985222e-05,-0.253428310156,0.381416097283,-0.700704626739,0.216420173645,-0.26025646925,9.15033051372,0.00187101082319,-0.0220834772726,0.0438196714708
2.72,floor,heinz,4,-0.0645430032164,0.00901660253294,0.000228427617437,0.0,0.0,-1.0,1.28006672859,-0.751774787903,8.75389266014,0.000147184303599,0.000167354442374,0.0103079835769
2.73,floor,heinz,7,-0.0568313316575,0.011209733119,8.45487803157e-05,-0.11411511898,0.231662767274,-0.836526266166,0.0839238166809,0.805559396744,9.23950576782,0.00168987428661,-0.0200106125211,0.0442231825937
2.75,floor,heinz,6,-0.054800560077,0.0119746401906,0.000227941070686,0.0,0.0,-1.0,-0.173033952713,0.0510987639427,8.95179915428,0.000419894510689,-0.000450200008246,0.00710848783584
2.76,floor,heinz,16,-0.03574098018,0.0158310581173,0.000106225115047,0.043188894866,0.479302447289,-0.707507601008,0.83947956562,2.00531864166,24.0824643373,-0.0220481518286,-0.074728530554,0.177804090082
2.77,floor,heinz,20,-0.0200938075781,-0.0203325797629,0.000421842353666,0.213647083938,-0.109299724549,-0.849908651412,6.91235017776,-2.69576454163,44.9289398193,0.0,0.0,0.0
2.78,floor,heinz,10,-0.0298300359398,-0.0381876826286,0.000588866685098,0.100878119469,-0.14260584116,-0.897402143478,-0.78766566515,1.37990128994,35.7618217468,0.0,0.0,0.0
2.79,floor,heinz,10,-0.0336975378916,-0.0405173216015,0.000592374670123,0.100457119942,-0.142486763,-0.898009634018,-1.11402475834,1.68300056458,21.3170623779,0.0,0.0,0.0
2.81,floor,heinz,10,-0.0343733476475,-0.0405329588801,5.57440036573e-05,0.200870782137,-0.37919331193,-0.7524659127,-0.203512877226,0.425437361002,10.5498361588,0.0,0.0,0.0
2.83,floor,heinz,7,-0.0352912656963,-0.0403621388333,9.28975066147e-05,0.0591947649206,-0.11228457519,-0.922689152615,-0.0670603811741,0.0683617591858,10.8055486381,-0.000682496303165,0.00189057999453,0.00320564722781
2.85,floor,heinz,2,-0.04525404796,-0.0437809098512,6.39364170638e-05,0.0,0.0,-1.0,0.340943813324,-1.6762188077,15.3913435936,8.65249056087e-05,-0.00013030829565,0.00752590814559
2.86,floor,heinz,2,-0.045255145058,-0.0437779575586,6.67061831336e-05,0.0,0.0,-1.0,-0.0471494197845,-0.761442959309,7.88269162178,6.27027085167e-05,-5.37156595525e-05,0.00384365052796
2.87,floor,heinz,5,-0.0369073800743,-0.0402601659298,6.33204365556e-05,0.0,0.0,-1.0,-1.58080214262,1.76448196173,9.90795874596,3.18802984097e-06,3.53855779611e-06,0.0211217157514
2.88,floor,heinz,2,-0.0452635250986,-0.0437655672431,7.28749982954e-05,0.0,0.0,-1.0,1.20450490713,-1.3036198616,8.48738384247,6.13825641549e-05,-2.63895883689e-05,0.00278617921375
2.89,floor,heinz,2,-0.0452693775296,-0.0437515508384,7.61771898397e-05,0.0,0.0,-1.0,1.05504032969,-1.58085644245,8.43556082249,5.14746198004e-05,-2.25955881279e-05,0.00239070107603
2.91,floor,heinz,6,-0.0348965028922,-0.0400873000423,0.000518930507193,0.0673017054796,-0.131859471401,-0.909892708063,-0.747771382332,1.41546654701,30.7870941162,0.0,0.0,0.0
2.94,floor,heinz,11,-0.0310083182359,-0.038480786776,5.16445099844e-05,0.210259670561,-0.335940165953,-0.767092666843,1.72118097544,-2.98113745451,20.8788027763,0.000477806185408,0.00100266983643,0.00948623086722
2.96,floor,heinz,11,-0.0178326622329,-0.0281831163236,7.67116024876e-05,0.364568471909,-0.319646791978,-0.703579539602,-0.342524468899,-0.125480338931,9.04609394073,0.0,0.0,0.0
2.97,floor,heinz,5,-0.0110126265325,-0.0179320728406,6.20417084747e-06,0.287990689278,-0.159856927395,-0.826951813698,-0.372505366802,0.0210000276566,9.23324811459,1.46659151543e-05,1.30317451847e-05,0.0065163365925
2.98,floor,heinz,19,-0.0120415035635,0.00156093051804,0.000303614921856,0.4517409676,0.177341265114,-0.727375515197,-1.64617526531,-1.88869440556,16.2876815796,0.0,0.0,0.0
3.0,floor,heinz,9,-0.0545731791192,0.0128804813657,9.46960109221e-06,-0.140176653862,0.377565105756,-0.742089066241,0.70217859745,-1.03829633887,8.19245299697,0.000601093150582,-0.00103525776569,0.00429324191201
3.01,floor,heinz,9,-0.0588137859272,0.00986923240513,0.000130884032438,-0.103260960844,0.176973779996,-0.863802015781,1.08756124973,-1.45018416643,19.0581425428,-0.000646927997097,0.00121028754749,0.0131162446772
3.02,floor,heinz,7,-0.0630251552377,0.0082399048593,9.66960559318e-05,-0.132359189647,0.227458783558,-0.825534088271,-0.166433557868,0.187981128693,11.2326421738,0.0,0.0,0.0
3.03,floor,heinz,6,-0.0652856181065,0.00641285578119,0.000117963539083,0.0,0.0,-1.0,-0.157188296318,0.175715431571,11.3887720108,0.0,0.0,0.0
3.04,floor,heinz,8,-0.0662408773787,0.00638763172901,2.62570567884e-05,-0.270519562066,0.348665431142,-0.726342119277,0.592429347336,-0.396829485893,9.15284367651,0.000197778648176,0.000395799744816,0.0341044941788
3.05,floor,heinz,7,-0.0662359100367,0.00612496781313,0.00010668617298,-0.175633702959,0.173545513834,-0.858047366142,0.307022541761,-0.297713845968,9.27845096588,0.0,0.0,0.0
3.06,floor,heinz,6,-0.0642789732665,0.00708795709458,4.17142236984e-05,-0.154973109563,0.262434502443,-0.801657686631,0.238739594817,-0.254596844316,9.27323107421,-0.000359469575012,-0.00800920974533,0.0380101133869
3.08,floor,heinz,8,-0.0662933560088,0.00637372355413,7.91744564168e-05,-0.116008535028,0.196928828955,-0.851296871901,0.506518781185,-0.431410998106,8.58621120453,0.0,0.0,0.0
3.09,floor,heinz,6,-0.0642805888007,0.00708496086008,4.03354815717e-05,-0.154619942109,0.262685318788,-0.801574786504,0.206645518541,0.0837752521038,10.4667300284,0.000173514893902,-0.0195588790602,0.0430477604814
3.11,floor,heinz,2,-0.0666935555637,0.00823554582894,0.0,-0.463970690966,0.789069235325,-0.402617663145,1.2386020422,-1.96418762207,2.14076197147,-4.74221358329e-08,8.06188184649e-08,-4.10892882263e-08
3.13,floor,heinz,9,-0.0552695517739,0.0119328595077,0.000212945537558,0.0,0.0,-1.0,-0.567931652069,1.34456598759,16.372843504,0.000842854514186,-0.000497996297995,0.0440253615517
3.14,floor,heinz,9,-0.0545255459017,0.0128039416029,5.38329607278e-05,-0.136925227112,0.378404392136,-0.742802090115,0.123655680567,-0.697753809392,18.1211027727,-0.000304169127947,-0.00106336125906,0.0293832445117
3.15,floor,heinz,12,-0.0503732683137,0.0141299257521,6.74195769079e-05,-0.117783300579,0.432038237651,-0.717846393585,-0.17335794121,-0.788891509641,18.9269311633,-0.000213095089213,-0.00119173316781,0.0308036089077
3.16,floor,heinz,16,-0.0422516751569,0.0143658392481,0.000113314115509,-0.0463721258566,0.387303445488,-0.740581680089,-0.582033157349,-0.800283193588,22.2499198914,2.47508261177e-05,2.95563231732e-05,0.0485082066104
3.17,floor,heinz,13,-0.0100751588694,-0.0161277308272,8.25840420125e-05,0.63783548887,-0.232130126311,-0.613088967708,-0.203938633204,-0.392955005169,6.83225250244,0.0,0.0,0.0
3.22,floor,heinz,8,-0.0381313953549,-0.0415776083246,6.77715745496e-05,0.0804077573121,-0.309418894351,-0.814680632204,-0.10466773808,0.361483812332,10.6036233902,0.0,0.0,0.0
3.23,floor,heinz,2,-0.0370865482837,-0.0432814992964,0.0,0.282241076231,-0.796420991421,-0.534839808941,-0.853549063206,2.48203241825,3.27307057381,-7.71780596339e-08,2.19078283924e-07,1.45375031869e-07
3.25,floor,heinz,1,-0.0370748527348,-0.0435395687819,0.000388124375604,0.0,0.0,-1.0,-0.0831939205527,0.358557015657,9.33186531067,0.0,0.0,0.0
3.26,floor,heinz,5,-0.041666405648,-0.0437223225832,8.79445988176e-05,0.112940168381,-0.31828956604,-0.814327502251,-0.0401741527021,0.411102205515,10.4715194702,0.0,0.0,0.0
3.27,floor,heinz,7,-0.0388335000191,-0.0415568793459,8.21663313997e-05,0.0360119555678,-0.23893068518,-0.866758397647,-0.10960521549,0.308771729469,10.5000019073,0.0,0.0,0.0
3.28,floor,heinz,6,-0.0418216579904,-0.043841443335,7.38849927776e-05,0.0941990117232,-0.265450795492,-0.844917972883,-0.0222864151001,0.403292566538,9.1348991394,0.0,0.0,0.0
3.32,floor,heinz,12,-0.0346442655039,-0.0409416441495,0.000284733723826,0.156783342361,-0.244618992011,-0.830027699471,-0.165557965636,0.277019053698,16.9751815796,0.0,0.0,0.0
3.34,floor,heinz,15,-0.0105793631946,-0.00812419865203,0.000492073795588,0.370313648383,-0.0612208674351,-0.796170429389,-0.630731105804,-1.26333200932,22.666595459,0.0,0.0,0.0
3.35,floor,heinz,4,-0.0424375543371,0.0176736125723,0.000219826506509,-0.0269038099796,0.444752424955,-0.726873233914,0.0369080305099,-0.429531097412,9.2580344677,3.46846091813e-05,3.09823238445e-05,0.00211027167169
3.36,floor,heinz,7,-0.0533788534147,0.0129075803395,7.65545170956e-05,-0.0747187222753,0.248763663428,-0.833308432783,0.0342748314142,-0.392459154129,8.70544147491,0.0,0.0,0.0
3.37,floor,heinz,12,-0.0515628416712,0.0137515404106,0.00011089395827,-0.136422445377,0.272053947051,-0.8012932688,0.0856187772006,-0.798552911729,18.049387183,0.000833777155461,-0.00139172829473,-0.00752736441706
3.38,floor,heinz,7,-0.0530119139169,0.0130562208859,8.54100323003e-05,-0.0744725210326,0.248289516994,-0.834447315761,0.169158667326,-0.374852925539,9.08510017395,0.0,0.0,0.0
3.39,floor,heinz,7,-0.0543517768383,0.0125298744201,0.000189367409445,0.0,0.0,-1.0,0.356747746468,-0.737828493118,18.3443193436,0.000265942082913,0.000174420322342,-0.0114554932854
3.4,floor,heinz,8,-0.0540887694806,0.0128438230022,0.000125870909301,-0.0650328472257,0.217001751065,-0.855740100145,0.198353618383,-0.404889047146,10.0771949291,6.43450712736e-05,3.46907810919e-05,-0.00583385345442
3.41,floor,heinz,9,-0.0556578035984,0.0123688189002,0.000101078848085,-0.0792902575599,0.18460518784,-0.872734076447,0.200355440378,-0.345898509026,9.02794337273,1.96719190325e-05,1.0912350336e-05,0.00515862151708
3.42,floor,heinz,6,-0.0541930496693,0.0122447264536,3.07158751032e-05,-0.118917832772,0.276875515779,-0.809178451697,0.0914865806699,-0.33064004546,9.24330794066,-0.000281446362496,-0.000786775445263,0.000565813527188
3.43,floor,heinz,5,-0.0537338666618,0.0119535109028,3.687938377e-05,0.0,0.0,-1.0,0.0699885189533,-0.334229528904,9.28812789917,-3.99627305189e-08,-1.30779637883e-08,0.000306857382267
3.44,floor,heinz,6,-0.0541931943347,0.0122449484188,2.93004785211e-05,-0.118949711323,0.276976545652,-0.808955331643,0.0701049659401,-0.323160732165,8.43522067554,-0.000121952417721,-0.00050534373814,0.000779845641547
3.46,floor,heinz,8,-0.0549063510261,0.0125209221733,0.000109155382916,-0.0893066003919,0.207970410585,-0.856172703207,0.189906448126,-0.369639068842,9.00689601898,-2.91678859936e-05,-1.10783352867e-05,-0.00748233857076
3.48,floor,heinz,9,-0.0547721029984,0.0127278303521,6.07336413749e-05,-0.160395403703,0.371273756027,-0.733583523168,0.170214667916,-0.38015177846,9.14863300323,0.0,0.0,0.0
3.49,floor,heinz,11,-0.058310365135,0.010563702005,0.00012755739284,-0.148993887685,0.29740170999,-0.781805070964,0.154182642698,-0.288021624088,9.84588527679,-2.40890248793e-05,-2.1862502812e-05,-0.0124910431972
3.51,floor,heinz,11,-0.0357413942164,-0.0416211668741,0.000259866385601,0.201375173574,-0.662380679087,-0.59273287383,-0.851498425007,1.74796545506,29.3251590729,0.0,0.0,0.0
3.52,floor,heinz,11,-0.0331099517643,-0.0396173244173,0.000476066263094,0.0357499203899,-0.0730626257983,-0.949689661915,-0.588036060333,1.17995393276,20.3771095276,0.0,0.0,0.0
3.53,floor,heinz,9,-0.0352991202639,-0.0408975593746,0.000328229742986,0.106678389841,-0.266890499327,-0.834135615163,-0.333110362291,0.662207782269,14.1186885834,0.0,0.0,0.0
3.58,floor,heinz,2,-0.0459303949028,-0.0436908584088,4.25292555519e-05,0.0,0.0,-1.0,0.0328559875488,0.393385231495,9.25338602066,-1.31875023538e-05,1.13797996355e-05,-0.00131934144905
3.59,floor,heinz,5,-0.0370601274073,-0.0402467057109,0.000116107704889,0.0,0.0,-1.0,-0.131805956364,0.430824995041,10.5329341888,0.0,0.0,0.0
3.68,floor,heinz,5,-0.0532907769084,0.012193767447,0.000107915024091,0.0,0.0,-1.0,0.169146060944,-0.37518915534,8.98124790192,0.0,0.0,0.0
3.69,floor,heinz,10,-0.0581084888428,0.0104140610289,0.000140603820546,-0.0715596854687,0.166619420052,-0.884363383055,0.368447989225,-0.376538962126,10.2370462418,0.0,0.0,0.0
3.7,floor,heinz,1,-0.0616489872336,0.0113615300506,0.000393105117837,0.0,0.0,-1.0,0.238180711865,-0.345306307077,9.18444252014,0.0,0.0,0.0
3.71,floor,heinz,11,-0.0612245716832,0.00884145675545,0.000137684128726,-0.0648820725354,0.151262976907,-0.895432575182,0.642376221716,-0.568542559166,18.2244441882,-0.00024378892718,0.000351568928536,0.0183044675227
3.73,floor,heinz,7,-0.06398619126,0.00767231812435,7.65165439621e-05,-0.132859264101,0.225647228105,-0.828585318157,0.237151146401,-0.343234748347,9.28622646048,2.03782347671e-05,-3.53179855884e-05,1.81895308525e-05
3.74,floor,heinz,7,-0.063987005502,0.00767366834251,7.85980979734e-05,-0.132850553308,0.225627320153,-0.828634696347,0.222810566425,-0.322105795145,8.64816570282,0.0,0.0,0.0
3.75,floor,heinz,7,-0.0617244664047,0.00940385647118,1.89411033326e-05,-0.264123610088,0.453727483749,-0.65414421899,0.169726528227,-0.261706401128,8.18901164457,-0.000359137083823,-0.00030957084154,0.00315539198551
3.76,floor,heinz,9,-0.0588916031023,0.00978866929654,0.000138074026432,-0.102119425933,0.17744131883,-0.864200664891,0.281839521602,-0.367384970188,10.4123253822,3.97652476425e-05,4.55088663667e-06,0.0099997214715
3.77,floor,heinz,10,-0.0596383754164,0.0096259011043,6.88185145918e-05,-0.185050886869,0.317824828625,-0.757273352146,0.238856166601,-0.7325684065,17.6988424137,-3.2932473886e-05,-0.00168094460608,-0.0132584309635
3.78,floor,heinz,3,-0.0581520224611,0.0130240296324,0.00028962723286,0.0,0.0,-1.0,0.177588254213,-0.363275125623,9.23112952709,-3.16413164751e-05,-3.36856417595e-05,0.00316020280986
3.79,floor,heinz,7,-0.055477644716,0.0120122031575,8.29349929258e-05,-0.131569615432,0.228554725647,-0.824216731957,0.132843613625,-0.373870849609,8.99853694439,-0.000183251837559,-0.000198814651066,-0.0056732846043
3.8,floor,heinz,12,-0.0589747314031,0.0103397062558,3.70658050694e-05,-0.214301442107,0.404497911533,-0.699231167634,0.0684158802032,-0.370943903923,9.15172719955,-0.000481451069382,-0.000507780199356,-0.0118626996587
3.81,floor,heinz,13,-0.0511522929256,0.0140748127865,0.000134330071931,-0.15506834021,0.386640227758,-0.729311984319,0.0392092689872,-0.813943158602,19.2684629969,-6.87100918167e-05,-0.000215464531206,0.0302943774318
3.82,floor,heinz,14,-0.0185196512778,-0.0296982512144,0.000352843955625,0.477980511529,-0.405060840505,-0.620792048318,-0.79856723547,1.52505099773,35.4510421753,0.0,0.0,0.0
3.86,floor,heinz,9,-0.0350069873449,-0.0409710676306,0.00065842947596,0.0,0.0,-1.0,-0.305084854364,0.61751884222,14.054350853,0.0,0.0,0.0
3.87,floor,heinz,8,-0.0365117082838,-0.0412952355109,0.000338940428378,0.0708673074841,-0.199624657631,-0.882769808173,-0.127909258008,0.30603197217,8.19840621948,0.0,0.0,0.0
3.88,floor,heinz,4,-0.0415231613442,-0.0434885742143,1.25459300762e-05,0.141727089882,-0.39909479022,-0.765775829554,0.0,0.0,0.0,0.0,0.0,0.0
3.89,floor,heinz,9,-0.0359209610356,-0.0410607477857,0.000375258489877,0.0436406665378,-0.0890337559912,-0.939030306207,-0.55800318718,1.07201898098,27.2821769714,0.0,0.0,0.0
3.9,floor,heinz,3,-0.0429897891978,-0.0436464647452,0.000144680292578,0.0,0.0,-1.0,-0.0927340909839,0.400862663984,9.28842163086,0.0,0.0,0.0
3.91,floor,heinz,8,-0.0371631800663,-0.0415012990125,0.000434415260258,0.0,0.0,-1.0,-0.16392454505,0.391830533743,8.246052742,0.0,0.0,0.0
3.93,floor,heinz,3,-0.040582558761,-0.0441325617333,0.000130162865389,0.0854222973188,-0.560243089994,-0.684438983599,-0.0947059467435,0.403921931982,9.2806596756,0.0,0.0,0.0
3.94,floor,heinz,12,-0.0391663609383,-0.0421208242575,0.000648822053999,0.0363343960295,-0.210440715154,-0.871916559835,-0.406359558925,0.749432623386,28.9481757879,0.000192081789194,0.00019887910223,-0.00837059227949
3.95,floor,heinz,12,-0.047801940081,-0.0405974596118,0.000413542663334,-0.0349710037311,-0.284250875314,-0.831870575746,0.221890196204,0.86444491148,25.4331874847,0.0,0.0,0.0
3.96,floor,heinz,7,-0.0739322757082,-0.0040912057219,0.00038576310604,0.0,0.0,-1.0,0.895875990391,-0.711962282658,17.9095191956,0.0,0.0,0.0
3.97,floor,heinz,11,-0.0560340264981,0.0118179655084,0.000157270725967,-0.168826634234,0.289861245589,-0.776728500019,0.0389101207256,-0.440657049417,9.49165332317,6.08769689482e-05,2.93316388858e-05,0.000506779321107
3.98,floor,heinz,11,-0.0505486977371,0.013963712845,0.000157676520654,-0.0651945363392,0.151593793522,-0.894515595653,0.0101016461849,-0.473717004061,10.1549732685,3.34627939192e-05,2.56934017304e-05,0.00477617349941
3.99,floor,heinz,5,-0.044165597856,0.0159769933671,0.000185942498501,0.0,0.0,-1.0,0.0380764901638,-0.482599377632,10.07360816,7.1785882965e-05,1.7515542176e-05,0.00402956463463
4.0,floor,heinz,8,-0.0442476910539,0.0163650254253,0.000158356122526,-0.0133225060999,0.221758201718,-0.864655189216,0.0349299311638,-0.459853410721,9.87687134743,6.76853232592e-05,3.07223224737e-05,0.0039330632851
4.02,floor,heinz,5,-0.0441654667258,0.0159760683775,0.000188732655806,0.0,0.0,-1.0,0.0312310755253,-0.43461933732,9.47138142586,2.75957347084e-05,2.36795290111e-05,0.00172406940009
4.03,floor,heinz,6,-0.0440141117821,0.0162336189921,0.000158382942629,0.0,0.0,-1.0,0.026394546032,-0.434959232807,9.4788851738,-2.32576427536e-05,1.73173793444e-05,-0.00110133463131
4.04,floor,heinz,4,-0.0494030388072,0.0149081631098,0.000127293266766,0.0,0.0,-1.0,0.046777445823,-0.466315954924,10.7020921707,0.0,0.0,0.0
4.05,floor,heinz,10,-0.0496959500015,0.014220979251,0.000182437629637,0.0,0.0,-1.0,0.134717263281,-0.404524847865,9.51276230812,-2.92133276141e-06,-9.22082863224e-08,-0.00415240126243
4.06,floor,heinz,6,-0.0531639171143,0.0127198731061,0.000151533178212,0.0,0.0,-1.0,0.16950750351,-0.371229559183,9.08333671652,3.0015389184e-08,1.37053571914e-08,1.08827222007e-06
4.07,floor,heinz,11,-0.0509313619272,0.0138663214377,0.000160679965595,-0.0838266285983,0.145532640544,-0.887832354416,0.185780214611,-0.822859227657,18.5267676124,0.000723577785485,-0.00205819067669,-0.00799050343403
4.09,floor,heinz,9,-0.0718793682754,-0.000991614651866,0.000349028548678,0.0,0.0,-1.0,0.434378772974,0.0103740924969,11.7474021912,0.0,0.0,0.0
4.11,floor,heinz,15,-0.0352576361348,-0.0408000210921,0.000196741585523,0.145428051303,-0.423116906484,-0.734278690815,-0.48602989316,1.29394066334,33.6047401428,0.0,0.0,0.0
4.12,floor,heinz,9,-0.0339523957421,-0.0407054523627,0.000651164504133,0.0630918012725,-0.17793126901,-0.895006643401,-0.34498026967,0.653707802296,14.189289093,0.0,0.0,0.0
4.15,floor,heinz,11,-0.0349166786129,-0.0409729721194,0.000278208946838,0.135720816526,-0.279032403773,-0.822623735124,-0.434294015169,1.12277758121,27.0309181213,0.0,0.0,0.0
4.16,floor,heinz,2,-0.0313849383965,-0.0405543316156,0.0,0.463499814272,-0.735269904137,-0.494516015053,-0.0864962716587,0.235317574581,0.277883769944,1.27141221945e-06,-2.01722429714e-06,-1.35656211206e-06
4.19,floor,heinz,8,-0.0221596939955,-0.033633249579,0.000502057984704,0.326183363795,-0.3056242764,-0.723698496819,1.28747344017,-1.02876842022,26.5978965759,0.0,0.0,0.0
4.2,floor,heinz,4,-0.0189563976601,-0.0305931065232,0.000197066899375,0.0,0.0,-1.0,-0.34400331974,0.226557016373,9.47722959518,2.71625068141e-08,2.61385857308e-08,-0.00576282068993
4.21,floor,heinz,13,-0.0159022752196,-0.0229919033053,0.00016454033553,0.316144136282,-0.239592721829,-0.768238819562,-0.466590791941,0.137327194214,10.2100954056,0.0,0.0,0.0
