trial,plan iters,plan time,best cost,configCheckTime,connectTime,knnTime,numComponents,numEdgeChecks,numIters,numMilestones,shortestPathsTime
0,1,7.0446e-05,inf,7.699e-06,4.0805e-05,1.9632e-05,1,2,1,3,1.3089e-05
0,550,0.101623,1.67269,0.000852663,0.0275502,0.0725274,1,948,550,284,0.0116047
0,834,0.200837,1.66727,0.00130229,0.0412421,0.157242,1,1425,834,426,0.0161922
0,1058,0.301366,1.66727,0.00165452,0.0534404,0.244938,1,1800,1058,536,0.0191698
0,1258,0.402657,1.65916,0.00197558,0.0650786,0.334031,1,2125,1258,623,0.024777
0,1425,0.504607,1.65472,0.00224313,0.0778378,0.422737,1,2420,1425,708,0.0313812
0,1583,0.605502,1.65472,0.00248949,0.0858002,0.515215,1,2656,1583,788,0.0338345
0,1722,0.707241,1.65472,0.00271854,0.093776,0.608571,1,2898,1722,861,0.036486
0,1847,0.807868,1.65472,0.00292988,0.101114,0.701483,1,3112,1847,930,0.038718
0,1962,0.91029,1.65472,0.00312736,0.107278,0.797388,1,3379,1962,991,0.0402659
0,2074,1.01116,1.65472,0.00331753,0.11823,0.886966,1,3587,2074,1046,0.0429351
0,2190,1.11385,1.65472,0.00351615,0.124211,0.983332,1,3752,2190,1102,0.0445542
0,2300,1.21661,1.65472,0.00369939,0.130044,1.07994,1,3947,2300,1157,0.0460586
0,2404,1.31923,1.65472,0.00387262,0.136845,1.17544,1,4145,2404,1212,0.0481139
0,2495,1.42174,1.65472,0.00403545,0.144982,1.26952,1,4372,2495,1264,0.0520573
0,2584,1.52513,1.65463,0.00418982,0.156136,1.36148,1,4523,2584,1311,0.0595966
0,2677,1.62677,1.65448,0.00434958,0.166738,1.45225,1,4732,2677,1351,0.0667794
0,2771,1.73112,1.65394,0.00451164,0.174345,1.54871,1,4860,2771,1392,0.0711463
0,2857,1.83538,1.65368,0.00466409,0.183756,1.6433,1,5066,2857,1435,0.0768224
0,2930,1.93808,1.64157,0.00479497,0.205012,1.72451,1,5226,2930,1469,0.0950513
0,3018,2.04245,1.64154,0.00493972,0.213504,1.82013,1,5362,3018,1509,0.100183
0,3097,2.14619,1.64154,0.00507907,0.218601,1.91852,1,5508,3097,1554,0.101442
0,3185,2.25133,1.64154,0.00522151,0.224136,2.01787,1,5653,3185,1593,0.103667
0,3272,2.35546,1.64154,0.00537126,0.228391,2.11748,1,5801,3272,1630,0.104806
0,3340,2.46235,1.64144,0.00549021,0.243179,2.20937,1,5963,3340,1670,0.116077
0,3414,2.56708,1.64144,0.00561686,0.248666,2.30837,1,6120,3414,1711,0.118079
0,3488,2.67322,1.64144,0.00574466,0.253373,2.40958,1,6250,3488,1751,0.119455
0,3570,2.77696,1.21554,0.00586554,0.265185,2.50127,1,6421,3570,1783,0.128511
0,3683,2.88298,1.21554,0.00601105,0.268434,2.60373,1,6516,3683,1815,0.129245
0,3796,2.98728,1.21554,0.00615656,0.272246,2.70391,1,6708,3796,1844,0.130401
0,3909,3.09493,1.21554,0.00631208,0.275793,2.8077,1,6839,3909,1870,0.131494
0,4030,3.19911,1.21554,0.00645451,0.279245,2.9081,1,6958,4030,1898,0.132368
0,4136,3.3055,1.21554,0.00660618,0.281975,3.01147,1,7045,4136,1923,0.132937
0,4253,3.41349,1.21554,0.00674476,0.285649,3.11544,1,7146,4253,1953,0.133795
0,4366,3.51943,1.21554,0.00688065,0.288802,3.21792,1,7249,4366,1980,0.134419
0,4466,3.62672,1.21554,0.00701192,0.292555,3.32118,1,7395,4466,2011,0.13536
0,4567,3.7345,1.21554,0.00715705,0.295268,3.42596,1,7478,4567,2035,0.136055
0,4661,3.84344,1.21554,0.007276,0.305616,3.5243,1,7585,4661,2063,0.136827
0,4765,3.94888,1.21554,0.00739995,0.308637,3.62645,1,7664,4765,2091,0.137533
0,4854,4.05838,1.21554,0.00751967,0.317381,3.72698,1,7792,4854,2118,0.143874
0,4946,4.16595,1.21554,0.00764362,0.321198,3.83047,1,7916,4946,2145,0.145224
0,5036,4.27571,1.21501,0.00775487,0.339251,3.92195,1,8021,5036,2166,0.161376
0,5124,4.382,1.21435,0.00786881,0.356783,4.01048,1,8106,5124,2183,0.177358
0,5214,4.49108,1.21435,0.00799393,0.360729,4.11528,1,8222,5214,2208,0.178884
0,5298,4.60238,1.21435,0.0081071,0.364405,4.22268,1,8329,5298,2239,0.17977
0,5386,4.70944,1.21435,0.00822683,0.367608,4.32629,1,8410,5386,2266,0.180599
0,5493,4.82089,1.21435,0.00835463,0.371014,4.43406,1,8473,5493,2290,0.181932
0,5584,4.9287,1.21435,0.00848436,0.374419,4.5382,1,8587,5584,2311,0.183302
0,5665,5.03781,1.21435,0.008596,0.378536,4.64298,1,8672,5665,2339,0.184958
0,5752,5.14715,1.21435,0.00870186,0.381615,4.749,1,8760,5752,2367,0.185621
0,5845,5.2561,1.21435,0.00882774,0.383712,4.8556,1,8830,5845,2386,0.186026
0,5934,5.36549,1.21435,0.00894746,0.386625,4.96184,1,8918,5934,2408,0.186951
0,6031,5.47977,1.21435,0.00906064,0.390204,5.07228,1,9047,6031,2435,0.187989
0,6125,5.58989,1.21435,0.00917997,0.39267,5.17968,1,9111,6125,2457,0.188591
0,6219,5.6997,1.21435,0.0092993,0.395198,5.28671,1,9227,6219,2477,0.189236
0,6315,5.81238,1.21435,0.0094606,0.398459,5.3958,1,9355,6315,2497,0.19006
0,6398,5.91891,1.21435,0.0096088,0.40161,5.49888,1,9457,6398,2517,0.190709
0,6485,6.03229,1.21435,0.00976701,0.404883,5.60869,1,9538,6485,2539,0.191369
0,6568,6.13988,1.2119,0.00990212,0.419122,5.70176,1,9637,6568,2560,0.203168
0,6660,6.25243,1.2119,0.0100761,0.4222,5.81089,1,9713,6660,2579,0.204017
0,6740,6.36359,1.2119,0.0102309,0.425699,5.91826,1,9788,6740,2601,0.204831
0,6827,6.47613,1.2119,0.0103802,0.429398,6.02677,1,9856,6827,2624,0.20584
0,6916,6.62358,1.2071,0.0105434,0.464216,6.13908,1,9961,6916,2643,0.238224
0,6980,6.73472,1.2071,0.0107613,0.468228,6.2458,1,10055,6980,2664,0.239209
0,7053,6.84749,1.2071,0.0109034,0.471825,6.3547,1,10146,7053,2689,0.240007
0,7134,6.96225,1.2071,0.0111074,0.475063,6.46584,1,10234,7134,2710,0.240649
0,7208,7.07248,1.2071,0.0112825,0.479076,6.57171,1,10326,7208,2733,0.241711
0,7289,7.18672,1.2071,0.0114692,0.482192,6.6825,1,10378,7289,2754,0.242397
0,7358,7.29908,1.2071,0.0116078,0.486065,6.79071,1,10463,7358,2776,0.24353
0,7432,7.41189,1.2071,0.0118145,0.488388,6.90083,1,10518,7432,2789,0.244031
0,7519,7.52882,1.2071,0.0119608,0.492103,7.01374,1,10583,7519,2811,0.245168
0,7599,7.64063,1.2071,0.0120798,0.494324,7.1231,1,10648,7599,2828,0.245658
0,7680,7.7567,1.2071,0.0121925,0.496885,7.23638,1,10741,7680,2848,0.246195
0,7758,7.86839,1.2071,0.012303,0.499369,7.34537,1,10813,7758,2868,0.246718
0,7825,7.98495,1.2071,0.0123946,0.503691,7.45741,1,10955,7825,2896,0.248221
0,7909,8.09832,1.2071,0.0125017,0.506546,7.56768,1,11013,7909,2917,0.24898
0,7955,8.2227,1.19888,0.0125698,0.546472,7.65199,1,11132,7955,2938,0.286746
0,8025,8.34092,1.19888,0.0126722,0.549465,7.76701,1,11195,8025,2963,0.287407
0,8109,8.45783,1.19888,0.0127785,0.552436,7.88071,1,11271,8109,2985,0.288103
0,8201,8.5739,1.19888,0.0128982,0.554423,7.99454,1,11324,8201,3001,0.288425
0,8274,8.68674,1.19888,0.0130025,0.557134,8.10445,1,11411,8274,3022,0.289
0,8349,8.80639,1.19888,0.0131261,0.559139,8.22187,1,11455,8349,3039,0.289364
0,8429,8.92247,1.19888,0.013235,0.561597,8.33526,1,11567,8429,3058,0.28991
0,8505,9.04459,1.19888,0.0133413,0.564555,8.4542,1,11650,8505,3081,0.290489
0,8574,9.16067,1.19888,0.0134398,0.567866,8.56677,1,11728,8574,3104,0.29151
0,8659,9.27557,1.19888,0.0135495,0.570162,8.67913,1,11808,8659,3122,0.291918
0,8737,9.39153,1.19888,0.0136496,0.5725,8.79252,1,11859,8737,3141,0.292327
0,8814,9.5125,1.19888,0.0137501,0.575172,8.9106,1,11925,8814,3163,0.292829
0,8897,9.62948,1.19888,0.0138567,0.577672,9.02485,1,11992,8897,3182,0.293344
0,8975,9.74875,1.19888,0.0139549,0.580683,9.14088,1,12048,8975,3204,0.294124
0,9043,9.86774,1.19888,0.0140542,0.583891,9.25645,1,12123,9043,3225,0.295146
0,9114,9.98768,1.19888,0.0141735,0.587124,9.37291,1,12207,9114,3243,0.29616
1,1,1.9633e-05,inf,3.465e-06,0,1.5013e-05,1,0,1,2,0
1,516,0.100476,1.67252,0.000868446,0.0324933,0.0664568,1,1072,516,272,0.016457
1,803,0.201054,1.65293,0.0013092,0.0480134,0.150695,1,1533,803,421,0.0225115
1,1028,0.301764,1.65215,0.00166951,0.0618859,0.236895,1,1854,1028,528,0.0275944
1,1214,0.402775,1.65199,0.00199325,0.0727788,0.326441,1,2160,1214,628,0.031698
1,1389,0.503552,1.65199,0.0022862,0.080603,0.418888,1,2401,1389,710,0.0340277
1,1540,0.604801,1.65199,0.00253256,0.0892763,0.511023,1,2664,1540,792,0.0366754
1,1674,0.706617,1.65199,0.00275814,0.0974615,0.604245,1,2933,1674,869,0.0392015
1,1811,0.809392,1.65199,0.00298912,0.104833,0.699239,1,3164,1811,933,0.0417437
1,1925,0.910775,1.65191,0.0031789,0.117914,0.787187,1,3399,1925,994,0.0501364
1,2042,1.01294,1.65191,0.00337138,0.127806,0.87911,1,3593,2042,1051,0.0519957
1,2150,1.11623,1.65191,0.00354885,0.134036,0.975843,1,3834,2150,1114,0.0533295
1,2245,1.2189,1.65191,0.00370129,0.141636,1.07062,1,4108,2245,1178,0.0558906
1,2339,1.3216,1.65158,0.00386258,0.155651,1.15904,1,4238,2339,1225,0.0663155
1,2435,1.42492,1.65158,0.0040231,0.160965,1.25675,1,4397,2435,1279,0.0675804
1,2532,1.5271,1.65158,0.00418517,0.165899,1.35371,1,4581,2532,1326,0.0688619
1,2622,1.63004,1.65158,0.00434146,0.171168,1.45111,1,4800,2622,1374,0.0702547
1,2709,1.73537,1.65158,0.00449275,0.177671,1.54966,1,5051,2709,1422,0.072425
1,2803,1.83909,1.65158,0.00465635,0.18269,1.64808,1,5183,2803,1461,0.0741261
1,2947,1.94144,1.20934,0.0048188,0.189695,1.74305,1,5285,2947,1494,0.0785588
1,3074,2.04625,1.20899,0.00497779,0.196285,1.84084,1,5422,3074,1529,0.0822305
1,3187,2.1509,1.20899,0.00512369,0.202459,1.93901,1,5598,3187,1569,0.085061
1,3312,2.25538,1.20899,0.00527844,0.20745,2.03817,1,5752,3312,1603,0.0871991
1,3448,2.36252,1.20899,0.0054459,0.210996,2.14141,1,5839,3448,1634,0.0882338
1,3602,2.46661,1.20899,0.00560797,0.214484,2.24164,1,5982,3602,1663,0.0893205
1,3712,2.5725,1.20899,0.00575502,0.219601,2.34212,1,6133,3712,1696,0.0916094
1,3827,2.67844,1.20899,0.00589784,0.223293,2.44406,1,6274,3827,1730,0.0925029
1,3949,2.78487,1.20899,0.00603951,0.228122,2.54534,1,6412,3949,1764,0.094338
1,4065,2.89048,1.20899,0.00619079,0.232022,2.64673,1,6603,4065,1795,0.0953804
1,4174,2.99661,1.20899,0.006334,0.236397,2.74819,1,6741,4174,1825,0.0970792
1,4295,3.10391,1.20899,0.00649067,0.239538,2.85191,1,6839,4295,1853,0.0977121
1,4400,3.2087,1.20899,0.00663079,0.243062,2.95289,1,6993,4400,1882,0.098594
1,4521,3.31401,1.20837,0.00676552,0.249914,3.05103,1,7109,4521,1907,0.103241
1,4607,3.42098,1.19812,0.00687677,0.278594,3.12909,1,7244,4607,1927,0.13005
1,4729,3.52748,1.19812,0.00702266,0.281312,3.23254,1,7329,4729,1949,0.130733
1,4845,3.63679,1.19812,0.00716433,0.284692,3.33817,1,7426,4845,1977,0.131697
1,4940,3.74148,1.19812,0.00729482,0.288842,3.43844,1,7502,4940,2005,0.133483
1,5029,3.84918,1.19775,0.00741261,0.304293,3.53043,1,7638,5029,2031,0.146424
1,5129,3.95682,1.19775,0.00753771,0.314582,3.62751,1,7729,5129,2059,0.147142
1,5224,4.06532,1.19362,0.00766628,0.323589,3.72674,1,7813,5224,2083,0.154023
1,5328,4.17528,1.19362,0.0077964,0.326881,3.83313,1,7894,5328,2110,0.154893
1,5394,4.282,1.18696,0.00789186,0.352346,3.91419,1,7966,5394,2134,0.178196
1,5488,4.39369,1.18696,0.0080135,0.35595,4.02202,1,8048,5488,2163,0.17906
1,5591,4.50113,1.18696,0.00814554,0.358559,4.12659,1,8132,5591,2185,0.179673
1,5681,4.61034,1.18696,0.00827296,0.361634,4.23247,1,8243,5681,2209,0.180435
1,5781,4.72068,1.18696,0.00841153,0.36436,4.33982,1,8351,5781,2231,0.18106
1,5890,4.83385,1.18696,0.00854357,0.367107,4.44995,1,8436,5890,2255,0.181621
1,5972,4.94181,1.18696,0.00866291,0.370333,4.55446,1,8513,5972,2281,0.182384
1,6077,5.05014,1.18696,0.00878339,0.373422,4.65942,1,8583,6077,2307,0.183079
1,6171,5.16208,1.18696,0.00891388,0.37616,4.76836,1,8683,6171,2330,0.183652
1,6280,5.27322,1.18696,0.00904169,0.379361,4.87602,1,8767,6280,2354,0.184559
1,6363,5.37993,1.18696,0.00915333,0.38253,4.97933,1,8847,6363,2380,0.185261
1,6449,5.48942,1.18696,0.00928844,0.385359,5.08573,1,8950,6449,2402,0.185992
1,6534,5.60077,1.18637,0.00938352,0.400514,5.1817,1,9101,6534,2428,0.19873
1,6611,5.713,1.18637,0.00950094,0.403398,5.29082,1,9171,6611,2454,0.199358
1,6694,5.82143,1.18637,0.00961642,0.406026,5.39639,1,9255,6694,2477,0.199988
1,6776,5.93159,1.18637,0.00972921,0.408879,5.50347,1,9310,6776,2499,0.200403
1,6875,6.0438,1.18583,0.00984239,0.429624,5.59468,1,9378,6875,2514,0.219631
1,6971,6.1526,1.18583,0.00995018,0.437426,5.69542,1,9486,6971,2536,0.225275
1,7061,6.26342,1.18583,0.0100722,0.439978,5.80344,1,9585,7061,2556,0.225801
1,7164,6.37769,1.18583,0.0101838,0.443023,5.9144,1,9682,7164,2582,0.226373
1,7244,6.49013,1.18583,0.0103051,0.445521,6.02412,1,9737,7244,2603,0.226873
1,7330,6.60463,1.18583,0.0104167,0.448721,6.13518,1,9833,7330,2628,0.227718
1,7414,6.71378,1.18583,0.0105149,0.452294,6.24053,1,9955,7414,2653,0.22893
1,7496,6.82589,1.18583,0.0106204,0.455107,6.3496,1,10021,7496,2677,0.229613
1,7582,6.94026,1.18583,0.0108413,0.459681,6.45904,1,10130,7582,2698,0.232015
1,7664,7.05314,1.18583,0.0109734,0.46279,6.56856,1,10195,7664,2718,0.232961
1,7752,7.16762,1.18583,0.0110869,0.46567,6.67992,1,10267,7752,2741,0.233602
1,7845,7.2805,1.18583,0.0112101,0.467926,6.79028,1,10327,7845,2759,0.234016
1,7932,7.3969,1.18583,0.0113244,0.470755,6.90361,1,10435,7932,2780,0.234621
1,8020,7.51046,1.18583,0.0114403,0.474679,7.013,1,10515,8020,2798,0.236906
1,8085,7.62232,1.18583,0.0115354,0.477909,7.12144,1,10612,8085,2824,0.237616
1,8160,7.73703,1.18583,0.0116409,0.480795,7.23304,1,10685,8160,2845,0.23855
1,8240,7.85195,1.18583,0.0117413,0.484113,7.34442,1,10769,8240,2870,0.239506
1,8312,7.96563,1.18583,0.0118453,0.48757,7.45443,1,10834,8312,2892,0.240618
1,8392,8.07772,1.18583,0.0119508,0.490268,7.5636,1,10894,8392,2913,0.241183
1,8464,8.19222,1.18583,0.0122533,0.493207,7.67475,1,10967,8464,2935,0.241883
1,8547,8.31036,1.18583,0.0123538,0.496241,7.78962,1,11041,8547,2960,0.24249
1,8630,8.4249,1.18583,0.0124512,0.499184,7.90099,1,11099,8630,2984,0.243236
1,8698,8.53862,1.18583,0.0125521,0.502238,8.01146,1,11231,8698,3006,0.244069
1,8782,8.65256,1.18583,0.0126668,0.50416,8.12324,1,11289,8782,3022,0.244446
1,8860,8.7683,1.18583,0.0127715,0.506697,8.23623,1,11370,8860,3042,0.244957
1,8945,8.88448,1.18583,0.0128866,0.509129,8.34973,1,11462,8945,3060,0.24557
1,9018,9.00177,1.18583,0.0129959,0.511641,8.46429,1,11520,9018,3079,0.246213
1,9088,9.11897,1.18583,0.0130971,0.514639,8.57828,1,11599,9088,3102,0.246777
1,9155,9.2337,1.18583,0.0131934,0.517486,8.68995,1,11697,9155,3124,0.247363
1,9225,9.34747,1.18583,0.0132889,0.520098,8.80092,1,11785,9225,3145,0.247867
1,9300,9.46785,1.18583,0.0133866,0.523635,8.91755,1,11920,9300,3170,0.248865
1,9372,9.58235,1.18583,0.013491,0.526144,9.02933,1,11966,9372,3186,0.249804
1,9439,9.69886,1.18583,0.0135849,0.529545,9.14224,1,12076,9439,3209,0.250824
1,9510,9.81785,1.18583,0.0136904,0.53175,9.25881,1,12140,9510,3227,0.251262
1,9577,9.97119,1.18102,0.0137855,0.580412,9.36329,1,12205,9577,3245,0.298135
2,1,3.0026e-05,inf,4.619e-06,0,2.3482e-05,1,0,1,2,0
2,548,0.100337,1.68112,0.000848807,0.02914,0.0696842,1,1109,548,272,0.0132554
2,877,0.200761,1.65336,0.00136733,0.0437077,0.154623,1,1542,877,400,0.0196875
2,1111,0.301777,1.65079,0.00172765,0.0601713,0.238513,1,1894,1111,508,0.0289622
2,1313,0.403295,1.65079,0.00204831,0.0711874,0.328441,1,2217,1313,607,0.0315818
2,1479,0.503887,1.64843,0.00232278,0.0822856,0.417435,1,2526,1479,693,0.036404
2,1638,0.605721,1.64843,0.00258416,0.0903391,0.510742,1,2818,1638,772,0.0386926
2,1786,0.706735,1.64843,0.00282667,0.0976447,0.604008,1,3064,1786,843,0.0408198
2,1934,0.808654,1.64835,0.00312732,0.106139,0.696932,1,3258,1934,905,0.0447898
2,2071,0.909547,1.64835,0.00335291,0.112085,0.791467,1,3473,2071,964,0.0464308
2,2185,1.01251,1.64776,0.00355,0.124074,0.882078,1,3686,2185,1022,0.0538923
2,2293,1.11384,1.64776,0.00374401,0.134397,0.972749,1,3864,2293,1077,0.055533
2,2410,1.21652,1.64776,0.00394688,0.1398,1.06969,1,4018,2410,1129,0.0569308
2,2517,1.32029,1.64776,0.0041255,0.145913,1.16702,1,4221,2517,1186,0.0586526
2,2611,1.42918,1.64627,0.00428833,0.167882,1.25366,1,4441,2611,1230,0.0769605
2,2700,1.53343,1.64218,0.00443269,0.185066,1.34046,1,4651,2700,1278,0.090336
2,2797,1.63641,1.64218,0.00459397,0.190839,1.43738,1,4870,2797,1329,0.0920229
2,2892,1.74375,1.64218,0.00474911,0.200712,1.53455,1,5050,2892,1376,0.0981155
2,2982,1.84741,1.64218,0.00490077,0.205538,1.63311,1,5188,2982,1423,0.0992673
2,3070,1.95112,1.64218,0.00505167,0.210379,1.73171,1,5333,3070,1468,0.100564
2,3134,2.0561,1.63785,0.00516408,0.247287,1.79958,1,5447,3134,1494,0.135241
2,3214,2.16219,1.63769,0.00534423,0.257832,1.8948,1,5566,3214,1525,0.142684
2,3300,2.2657,1.63769,0.00549668,0.261957,1.99391,1,5678,3300,1564,0.143612
2,3383,2.37023,1.63769,0.00564296,0.26646,2.09368,1,5811,3383,1604,0.144742
2,3463,2.47483,1.63769,0.00578308,0.270761,2.19372,1,6000,3463,1645,0.145605
2,3537,2.57955,1.63769,0.00591474,0.27626,2.2927,1,6158,3537,1687,0.147567
2,3616,2.68706,1.63769,0.00605216,0.280992,2.39524,1,6291,3616,1727,0.148901
2,3692,2.79268,1.63769,0.00618805,0.284839,2.49678,1,6443,3692,1764,0.149622
2,3777,2.89782,1.63769,0.00632624,0.288597,2.5979,1,6546,3777,1796,0.150672
2,3854,3.00462,1.63769,0.00645636,0.29258,2.70049,1,6673,3854,1833,0.151563
2,3921,3.10998,1.63769,0.0065807,0.296834,2.80137,1,6851,3921,1871,0.152498
2,3991,3.21668,1.63769,0.00671543,0.301574,2.9031,1,6974,3991,1905,0.154028
2,4055,3.32259,1.63769,0.00683169,0.307352,3.00302,1,7100,4055,1942,0.156536
2,4140,3.42728,1.19477,0.00694948,0.319823,3.09499,1,7240,4140,1969,0.166505
2,4236,3.53238,1.19477,0.00707113,0.323941,3.19571,1,7464,4236,2003,0.167436
2,4351,3.639,1.19477,0.00720855,0.327015,3.29896,1,7532,4351,2028,0.168372
2,4437,3.74683,1.1943,0.00731326,0.345171,3.3884,1,7642,4437,2055,0.17711
2,4538,3.85445,1.1943,0.00744452,0.348121,3.49279,1,7738,4538,2081,0.177785
2,4633,3.96258,1.1943,0.00757387,0.35115,3.59764,1,7842,4633,2107,0.178451
2,4738,4.07023,1.1943,0.00769937,0.354851,3.70131,1,7904,4738,2133,0.179883
2,4819,4.17657,1.19279,0.00780908,0.367232,3.79505,1,8008,4819,2158,0.189877
2,4908,4.2854,1.19279,0.00793033,0.370807,3.90004,1,8122,4908,2188,0.190631
2,5014,4.3929,1.19279,0.00805621,0.373934,4.00414,1,8217,5014,2211,0.191755
2,5112,4.50176,1.19279,0.00816707,0.377461,4.10922,1,8376,5112,2239,0.192736
2,5216,4.61289,1.19279,0.00829218,0.380709,4.21682,1,8467,5216,2267,0.193421
2,5301,4.72163,1.19279,0.00840613,0.38403,4.32201,1,8588,5301,2295,0.194184
2,5390,4.83175,1.19145,0.00852046,0.392578,4.42334,1,8699,5390,2319,0.200553
2,5472,4.93913,1.17399,0.00862209,0.402754,4.52031,1,8815,5472,2344,0.208336
2,5570,5.04668,1.17399,0.00873257,0.40598,4.62438,1,8907,5570,2370,0.209303
2,5662,5.16089,1.17399,0.00886268,0.408639,4.73567,1,9030,5662,2391,0.209853
2,5753,5.27333,1.17399,0.00900896,0.411949,4.8445,1,9132,5753,2414,0.210623
2,5857,5.38342,1.17399,0.00924916,0.414703,4.9514,1,9201,5857,2435,0.211274
2,5945,5.49227,1.17399,0.00935965,0.417852,5.05686,1,9307,5945,2460,0.212001
2,6031,5.6038,1.17399,0.00947745,0.421109,5.16489,1,9387,6031,2484,0.212805
2,6118,5.71376,1.17399,0.00958638,0.424244,5.27147,1,9518,6118,2508,0.213468
2,6205,5.82622,1.17399,0.00968916,0.427581,5.38035,1,9598,6205,2536,0.214212
2,6297,5.93537,1.17399,0.00980465,0.429843,5.48699,1,9655,6297,2557,0.214621
2,6382,6.04614,1.17399,0.00991629,0.432832,5.59454,1,9764,6382,2579,0.215516
2,6457,6.16145,1.17335,0.0100156,0.447011,5.69546,1,9873,6457,2603,0.227484
2,6553,6.27144,1.17335,0.0101453,0.449733,5.80244,1,9941,6553,2623,0.228094
2,6648,6.38223,1.17335,0.0102658,0.452304,5.91039,1,10018,6648,2643,0.228697
2,6723,6.49593,1.17335,0.0103744,0.455592,6.02058,1,10097,6723,2667,0.229462
2,6806,6.60639,1.17335,0.0104779,0.458554,6.12785,1,10189,6806,2691,0.230158
2,6893,6.72109,1.17335,0.0105826,0.461519,6.23935,1,10283,6893,2714,0.230867
2,6981,6.83203,1.17335,0.0106954,0.464454,6.34711,1,10355,6981,2731,0.232213
2,7060,6.94715,1.17335,0.0108074,0.467262,6.45919,1,10475,7060,2753,0.23287
2,7148,7.05895,1.17335,0.0109125,0.470643,6.56738,1,10588,7148,2776,0.234038
2,7219,7.17111,1.17335,0.0110172,0.473711,6.67625,1,10698,7219,2799,0.23479
2,7297,7.28665,1.17335,0.0111173,0.477049,6.78823,1,10796,7297,2823,0.235864
2,7364,7.39964,1.17335,0.0112382,0.480231,6.89779,1,10875,7364,2844,0.236601
2,7450,7.5127,1.17335,0.0113398,0.482988,7.00786,1,10959,7450,2866,0.237146
2,7538,7.62771,1.17335,0.0114484,0.485623,7.11998,1,11035,7538,2886,0.237628
2,7629,7.74103,1.17335,0.0115612,0.487961,7.23071,1,11095,7629,2904,0.238099
2,7711,7.85871,1.17335,0.0116697,0.490512,7.34557,1,11167,7711,2924,0.238656
2,7785,7.97084,1.17335,0.0117648,0.493741,7.45426,1,11233,7785,2948,0.239593
2,7860,8.08707,1.17335,0.0118718,0.4966,7.56741,1,11300,7860,2969,0.240444
2,7940,8.2016,1.17335,0.0119804,0.499048,7.67927,1,11352,7940,2986,0.241266
2,8020,8.31817,1.17335,0.0120986,0.501124,7.79353,1,11401,8020,3002,0.241691
2,8090,8.4342,1.17335,0.0122098,0.504199,7.90627,1,11470,8090,3024,0.242367
2,8185,8.54937,1.17335,0.0123307,0.50619,8.01918,1,11517,8185,3038,0.242802
2,8261,8.66507,1.17335,0.0124354,0.510244,8.13059,1,11599,8261,3058,0.244876
2,8345,8.78314,1.17335,0.0125459,0.512835,8.24583,1,11681,8345,3077,0.245486
2,8427,8.90015,1.17335,0.0126583,0.515124,8.36033,1,11729,8427,3093,0.246146
2,8487,9.01606,1.17134,0.0127487,0.544283,8.44691,1,11778,8487,3104,0.274194
2,8565,9.1347,1.17134,0.0128596,0.546699,8.5629,1,11844,8565,3124,0.274718
2,8631,9.24965,1.17054,0.0129505,0.560566,8.66379,1,11930,8631,3141,0.286862
2,8711,9.37024,1.17054,0.0130559,0.563283,8.78143,1,11982,8711,3162,0.287568
2,8789,9.48436,1.17054,0.0131603,0.565841,8.89277,1,12059,8789,3181,0.288031
2,8862,9.60095,1.17054,0.0132492,0.569024,9.00597,1,12137,8862,3206,0.28872
2,8932,9.72021,1.17049,0.0133446,0.580927,9.11311,1,12232,8932,3225,0.298568
2,9000,9.83846,1.17011,0.0134463,0.590196,9.2219,1,12286,9000,3241,0.306279
2,9089,9.96001,1.17011,0.0135575,0.592414,9.34099,1,12353,9089,3258,0.306792
3,1,2.5021e-05,inf,5.005e-06,0,1.8477e-05,1,0,1,2,0
3,562,0.100261,1.66724,0.000855752,0.025933,0.0727669,1,982,562,279,0.0104114
3,862,0.20091,1.66627,0.00134003,0.0394344,0.15907,1,1436,862,421,0.0149295
3,1078,0.301697,1.66462,0.00169341,0.0534743,0.24519,1,1781,1078,533,0.0198038
3,1271,0.402609,1.66462,0.00201022,0.0624533,0.336555,1,2055,1271,629,0.022197
3,1427,0.503928,1.66462,0.00230932,0.0716578,0.428097,1,2291,1427,712,0.0248813
3,1575,0.605173,1.66462,0.00255568,0.0813498,0.519212,1,2550,1575,793,0.028851
3,1720,0.707196,1.66462,0.00279512,0.0887489,0.61341,1,2768,1720,864,0.0309913
3,1845,0.808805,1.66462,0.00301531,0.0956033,0.707766,1,2956,1845,929,0.0325892
3,1966,0.910162,1.66462,0.00322241,0.102482,0.801871,1,3162,1966,992,0.0345309
3,2079,1.01263,1.66462,0.0034145,0.111985,0.894488,1,3353,2079,1051,0.0360688
3,2186,1.11429,1.66462,0.00359851,0.118245,0.989572,1,3558,2186,1111,0.0377198
3,2290,1.21701,1.66462,0.00386336,0.124758,1.08537,1,3744,2290,1170,0.0393744
3,2400,1.32017,1.66462,0.00404698,0.129786,1.18318,1,3881,2400,1220,0.0406555
3,2503,1.42516,1.66462,0.00424562,0.135074,1.28253,1,4013,2503,1264,0.0420251
3,2592,1.52866,1.66462,0.00441654,0.141097,1.37969,1,4153,2592,1312,0.0436978
3,2681,1.63107,1.66462,0.00461709,0.146551,1.4763,1,4276,2681,1351,0.0454974
3,2774,1.73524,1.66462,0.00477724,0.151556,1.57518,1,4411,2774,1396,0.0469079
3,2863,1.84052,1.66462,0.00493391,0.156912,1.67483,1,4564,2863,1442,0.0483788
3,2944,1.94489,1.66462,0.0050775,0.162057,1.77377,1,4702,2944,1488,0.049745
3,3037,2.04813,1.66462,0.00524997,0.166374,1.87241,1,4823,3037,1523,0.0511489
3,3128,2.15393,1.66462,0.00540702,0.170554,1.97375,1,4944,3128,1562,0.0522106
3,3205,2.25828,1.66462,0.00554445,0.175419,2.07299,1,5092,3205,1605,0.0535583
3,3283,2.36248,1.64609,0.00569035,0.187925,2.16445,1,5210,3283,1637,0.0634338
3,3369,2.46796,1.64609,0.00585549,0.192028,2.26554,1,5349,3369,1671,0.0644805
3,3449,2.57324,1.64609,0.00601062,0.196588,2.366,1,5454,3449,1707,0.0657751
3,3528,2.67939,1.64609,0.00614458,0.200685,2.46781,1,5564,3528,1746,0.0666762
3,3608,2.78436,1.64609,0.0063001,0.204429,2.56878,1,5657,3608,1777,0.0676871
3,3692,2.89098,1.64609,0.00644677,0.208328,2.67124,1,5773,3692,1809,0.0687973
3,3767,2.99866,1.64609,0.00671893,0.21266,2.77422,1,5881,3767,1843,0.0700215
3,3834,3.10373,1.64609,0.0068348,0.2175,2.87423,1,5998,3834,1882,0.0715867
3,3909,3.21105,1.64609,0.00697107,0.221114,2.9777,1,6082,3909,1916,0.0722646
3,3981,3.31804,1.64609,0.00710118,0.22471,3.08086,1,6179,3981,1949,0.0731064
3,4050,3.42409,1.64609,0.0072259,0.228422,3.18297,1,6294,4050,1982,0.0739356
3,4120,3.53219,1.64609,0.00735487,0.232259,3.28701,1,6396,4120,2015,0.0747459
3,4187,3.64906,1.64609,0.00748805,0.243245,3.39267,1,6523,4187,2049,0.0755228
3,4247,3.74965,1.64609,0.00759199,0.246865,3.48944,1,6631,4247,2082,0.0763235
3,4312,3.85888,1.64609,0.00770324,0.253665,3.59168,1,6738,4312,2114,0.0802634
3,4378,3.96645,1.64609,0.00782797,0.25824,3.69446,1,6832,4378,2142,0.0823299
3,4443,4.07618,1.64609,0.00794769,0.262214,3.80001,1,6950,4443,2173,0.0835444
3,4505,4.1874,1.64609,0.00806086,0.26667,3.90657,1,7126,4505,2206,0.084929
3,4569,4.29477,1.64609,0.00817519,0.270922,4.00949,1,7257,4569,2234,0.0865123
3,4626,4.40357,1.64609,0.00827605,0.274981,4.11406,1,7378,4626,2268,0.0876757
3,4683,4.51157,1.64606,0.00837422,0.285234,4.21162,1,7499,4683,2297,0.0952573
3,4740,4.62321,1.64606,0.00848046,0.290178,4.31811,1,7651,4740,2330,0.0970142
3,4794,4.73195,1.64606,0.00858016,0.294154,4.42265,1,7748,4794,2363,0.0979411
3,4852,4.84281,1.64606,0.00867833,0.298361,4.52913,1,7850,4852,2394,0.0993031
3,4908,4.95112,1.64606,0.00878149,0.301921,4.63369,1,7976,4908,2423,0.100225
3,4965,5.06071,1.64606,0.00888196,0.305449,4.73958,1,8106,4965,2453,0.101092
3,5028,5.17314,1.64606,0.00898975,0.308671,4.84859,1,8209,5028,2480,0.101893
3,5082,5.28182,1.64606,0.00909022,0.312054,4.95372,1,8295,5082,2509,0.102746
3,5131,5.39073,1.64606,0.00918069,0.316059,5.05846,1,8412,5131,2541,0.103911
3,5187,5.50232,1.64606,0.00928655,0.319753,5.16618,1,8562,5187,2568,0.105106
3,5238,5.61307,1.64606,0.00938163,0.323221,5.27328,1,8666,5238,2598,0.105863
3,5289,5.72739,1.64606,0.0094821,0.327488,5.38316,1,8792,5289,2630,0.107241
3,5344,5.84038,1.64606,0.00958411,0.33301,5.49045,1,8879,5344,2655,0.110472
3,5391,5.95226,1.64398,0.00967265,0.349722,5.58546,1,8959,5391,2679,0.124991
3,5441,6.06737,1.64398,0.00976966,0.354393,5.69573,1,9079,5441,2709,0.12685
3,5489,6.17945,1.64398,0.00985782,0.358085,5.80395,1,9182,5489,2739,0.127823
3,5532,6.2972,1.64393,0.0099402,0.381977,5.89767,1,9295,5532,2763,0.149436
3,5579,6.40718,1.64383,0.0100295,0.395165,5.9943,1,9363,5579,2785,0.160727
3,5631,6.52071,1.64383,0.0101254,0.39995,6.10288,1,9517,5631,2811,0.162896
3,5686,6.63166,1.64383,0.0102289,0.402534,6.21107,1,9579,5686,2833,0.163397
3,5737,6.74649,1.64383,0.0103271,0.4069,6.32136,1,9684,5737,2858,0.165254
3,5786,6.8593,1.64383,0.0104245,0.410211,6.43069,1,9817,5786,2883,0.165941
3,5838,6.97221,1.64383,0.0105238,0.41319,6.54045,1,9945,5838,2906,0.166682
3,5890,7.08935,1.64383,0.010625,0.418497,6.65211,1,10034,5890,2929,0.169806
3,5940,7.20283,1.64383,0.0107174,0.421565,6.76235,1,10103,5940,2954,0.170651
3,5985,7.31729,1.64383,0.0108002,0.425357,6.87287,1,10229,5985,2983,0.171588
3,6037,7.43208,1.64383,0.0108864,0.428703,6.98414,1,10325,6037,3011,0.172358
3,6090,7.54692,1.64383,0.0109854,0.431714,7.0958,1,10439,6090,3033,0.173096
3,6134,7.65917,1.64383,0.0110712,0.437423,7.20219,1,10558,6134,3056,0.176309
3,6180,7.77683,1.64383,0.0111582,0.440815,7.31629,1,10646,6180,3082,0.177225
3,6225,7.89313,1.64383,0.0112429,0.445921,7.42733,1,10795,6225,3109,0.179532
3,6270,8.00679,1.64383,0.011383,0.449081,7.53762,1,10895,6270,3134,0.180181
3,6314,8.12095,1.64383,0.0114708,0.452128,7.64857,1,10974,6314,3159,0.180794
3,6357,8.23891,1.64383,0.0115532,0.455402,7.7631,1,11060,6357,3186,0.181517
3,6404,8.35669,1.64383,0.0116379,0.458325,7.8778,1,11124,6404,3210,0.182264
3,6449,8.47239,1.64383,0.0117252,0.461206,7.99046,1,11214,6449,3233,0.182946
3,6496,8.58938,1.20304,0.0118261,0.473559,8.09492,1,11391,6496,3254,0.192964
3,6549,8.70424,1.20304,0.0119874,0.476375,8.20669,1,11441,6549,3272,0.193545
3,6613,8.81983,1.20304,0.0120802,0.479616,8.31883,1,11531,6613,3292,0.194553
3,6685,8.93597,1.20304,0.0121691,0.48243,8.43196,1,11628,6685,3313,0.195289
3,6766,9.05365,1.20304,0.0122792,0.485382,8.54646,1,11720,6766,3326,0.196932
3,6835,9.17532,1.20304,0.012392,0.487513,8.66578,1,11782,6835,3342,0.197345
3,6900,9.29015,1.20304,0.0124959,0.491276,8.77665,1,11880,6900,3358,0.199429
3,6981,9.40701,1.20304,0.0125991,0.493243,8.89132,1,11927,6981,3374,0.199869
3,7049,9.53141,1.19602,0.012693,0.505296,9.00347,1,12012,7049,3392,0.210146
3,7117,9.64978,1.19602,0.012785,0.508106,9.11883,1,12105,7117,3413,0.210902
3,7185,9.76921,1.19602,0.0128997,0.510455,9.2357,1,12177,7185,3429,0.21145
3,7245,9.88916,1.19602,0.0129871,0.513805,9.3521,1,12344,7245,3453,0.212262
4,1,2.5022e-05,inf,4.619e-06,3.465e-06,1.4628e-05,1,1,1,2,0
4,563,0.100825,1.68054,0.000870753,0.0267271,0.0725355,1,979,563,286,0.0107278
4,843,0.200982,1.67782,0.00130306,0.0432084,0.15542,1,1458,843,426,0.0180942
4,1062,0.301529,1.65463,0.00165106,0.0594322,0.239111,1,1832,1062,530,0.0255973
4,1245,0.406022,1.6514,0.00194862,0.074182,0.328321,1,2204,1245,631,0.033562
4,1409,0.504065,1.63875,0.00221115,0.0866432,0.413435,1,2461,1409,708,0.0405411
4,1552,0.604582,1.63875,0.00244443,0.0951025,0.505064,1,2853,1552,792,0.0428581
4,1697,0.706667,1.63875,0.00267695,0.102555,0.59927,1,3153,1697,864,0.0449053
4,1814,0.808224,1.63865,0.00287211,0.113018,0.690014,1,3378,1814,935,0.0500174
4,1948,0.91008,1.63865,0.00309346,0.11993,0.784566,1,3590,1948,991,0.0526016
4,2058,1.01168,1.63845,0.00327708,0.132619,0.873159,1,3781,2058,1047,0.0575451
4,2168,1.1151,1.63845,0.00345224,0.139474,0.969396,1,4002,2168,1111,0.059451
4,2273,1.21762,1.63845,0.00362855,0.145821,1.06526,1,4208,2273,1167,0.0613631
4,2379,1.32049,1.63845,0.00380255,0.150994,1.16264,1,4378,2379,1219,0.062725
4,2482,1.42278,1.63845,0.00396962,0.156108,1.25951,1,4562,2482,1270,0.0639534
4,2581,1.52738,1.63845,0.00413246,0.161019,1.3589,1,4717,2581,1320,0.065074
4,2670,1.63046,1.63527,0.00428298,0.178632,1.44411,1,4830,2670,1356,0.0798142
4,2761,1.73364,1.63527,0.00445851,0.183442,1.54218,1,4980,2761,1398,0.0810321
4,2842,1.83799,1.63527,0.0046429,0.188655,1.64098,1,5098,2842,1440,0.0822744
4,2926,1.94199,1.63527,0.00479149,0.194725,1.73865,1,5279,2926,1485,0.0838977
4,3015,2.04734,1.63527,0.00494547,0.199544,1.83891,1,5489,3015,1528,0.0850426
4,3094,2.15105,1.63527,0.00508559,0.204814,1.9371,1,5663,3094,1570,0.0868241
4,3185,2.25685,1.63527,0.00523188,0.20901,2.03843,1,5806,3185,1609,0.0879416
4,3260,2.36157,1.63527,0.00535968,0.213786,2.13815,1,5939,3260,1653,0.089217
4,3336,2.46723,1.63527,0.00549403,0.218418,2.23894,1,6075,3336,1694,0.090515
4,3415,2.57205,1.63527,0.00562569,0.222549,2.33939,1,6204,3415,1731,0.0915382
4,3489,2.67982,1.63523,0.0057531,0.231827,2.43765,1,6335,3489,1767,0.0978391
4,3554,2.78769,1.63431,0.00587206,0.247799,2.52934,1,6472,3554,1803,0.110566
4,3630,2.89341,1.63431,0.00599948,0.251946,2.63068,1,6627,3630,1840,0.111571
4,3702,3.00055,1.63431,0.00612227,0.255978,2.73356,1,6761,3702,1878,0.112428
4,3772,3.10552,1.19822,0.00624662,0.267964,2.82633,1,6902,3772,1905,0.122017
4,3881,3.21308,1.19631,0.0063748,0.27569,2.92587,1,7049,3881,1935,0.127086
4,3992,3.31937,1.19549,0.00651685,0.282983,3.02458,1,7160,3992,1959,0.132345
4,4102,3.43569,1.19512,0.00665351,0.297999,3.1256,1,7257,4102,1983,0.145379
4,4210,3.54204,1.19512,0.00679325,0.301207,3.22844,1,7379,4210,2009,0.146162
4,4318,3.65145,1.19512,0.00692143,0.305006,3.33377,1,7507,4318,2040,0.147159
4,4414,3.75804,1.19512,0.00703999,0.314905,3.43019,1,7572,4414,2068,0.14771
4,4512,3.86387,1.19512,0.00716511,0.318132,3.53254,1,7648,4512,2096,0.148616
4,4605,3.96996,1.19512,0.00728406,0.321709,3.6348,1,7760,4605,2125,0.149689
4,4709,4.07937,1.19512,0.00741841,0.324234,3.74141,1,7844,4709,2148,0.150204
4,4814,4.18792,1.19512,0.00753774,0.328094,3.84583,1,7961,4814,2177,0.151422
4,4902,4.29726,1.19512,0.00766016,0.331457,3.95157,1,8115,4902,2206,0.152183
4,5001,4.40368,1.19512,0.00778257,0.334505,4.05467,1,8186,5001,2233,0.152864
4,5098,4.51219,1.19512,0.00790691,0.33752,4.15991,1,8272,5098,2257,0.153712
4,5202,4.62186,1.19512,0.00802971,0.340246,4.26658,1,8335,5202,2282,0.154359
4,5281,4.7303,1.18841,0.00812671,0.359442,4.3556,1,8493,5281,2306,0.171243
4,5369,4.8404,1.18841,0.00825067,0.362437,4.46246,1,8593,5369,2331,0.171975
4,5459,4.95019,1.18841,0.00837463,0.365267,4.56917,1,8725,5459,2354,0.172652
4,5542,5.05888,1.18841,0.00848858,0.368048,4.67486,1,8801,5542,2379,0.17325
4,5608,5.16921,1.17713,0.00857326,0.399338,4.75371,1,8873,5608,2400,0.202654
4,5715,5.27794,1.17713,0.00869028,0.401882,4.85962,1,8954,5715,2423,0.203196
4,5815,5.38777,1.17713,0.0088127,0.404417,4.96665,1,9034,5815,2445,0.203755
4,5905,5.50066,1.17713,0.00893242,0.408421,5.07527,1,9159,5905,2470,0.205164
4,6001,5.61018,1.17713,0.00906561,0.410834,5.18211,1,9236,6001,2489,0.205708
4,6102,5.71956,1.17713,0.00918919,0.413706,5.28834,1,9296,6102,2508,0.20661
4,6195,5.83097,1.17713,0.00930429,0.41651,5.39647,1,9365,6195,2531,0.207072
4,6294,5.94346,1.17713,0.00942362,0.419255,5.50595,1,9445,6294,2553,0.207754
4,6381,6.05751,1.17713,0.00954603,0.421767,5.61724,1,9509,6381,2575,0.208293
4,6471,6.16742,1.17713,0.0096673,0.430126,5.71854,1,9570,6471,2591,0.215157
4,6569,6.28123,1.17713,0.00979357,0.43399,5.82822,1,9669,6569,2612,0.217002
4,6653,6.39138,1.17713,0.00991329,0.436227,5.93589,1,9745,6653,2632,0.217421
4,6744,6.50437,1.17713,0.0100315,0.445676,6.03918,1,9834,6744,2651,0.224896
4,6833,6.61611,1.17713,0.0101373,0.448682,6.14767,1,9937,6833,2676,0.225532
4,6912,6.7293,1.17713,0.0102536,0.451557,6.25774,1,10009,6912,2698,0.226135
4,6976,6.83958,1.1748,0.010341,0.463881,6.35551,1,10124,6976,2723,0.23599
4,7053,6.95132,1.17399,0.0104418,0.474435,6.45648,1,10198,7053,2743,0.244675
4,7155,7.06463,1.17399,0.0105485,0.477259,6.5667,1,10289,7155,2767,0.245302
4,7245,7.1767,1.17399,0.0106589,0.4799,6.67586,1,10349,7245,2788,0.245956
4,7335,7.2909,1.17399,0.0107783,0.482608,6.78709,1,10432,7335,2807,0.246693
4,7428,7.40437,1.17399,0.0108891,0.485089,6.89783,1,10496,7428,2827,0.247257
4,7509,7.51879,1.17399,0.0110173,0.48756,7.00954,1,10543,7509,2845,0.2478
4,7576,7.62853,1.17399,0.0111193,0.490953,7.11568,1,10638,7576,2870,0.248683
4,7648,7.74357,1.17399,0.0112344,0.493597,7.22785,1,10712,7648,2890,0.249258
4,7725,7.85666,1.17117,0.0113341,0.505938,7.32838,1,10783,7725,2907,0.259871
4,7807,7.97025,1.17117,0.0114354,0.50867,7.43901,1,10872,7807,2929,0.260409
4,7896,8.08664,1.17117,0.0115466,0.511657,7.55217,1,10986,7896,2950,0.26128
4,7989,8.20299,1.17117,0.0116563,0.514176,7.66575,1,11046,7989,2970,0.26189
4,8067,8.31575,1.17117,0.0117572,0.5168,7.77567,1,11131,8067,2990,0.262577
4,8145,8.43,1.17117,0.0118685,0.519313,7.88716,1,11202,8145,3009,0.263298
4,8208,8.5446,1.17117,0.0119674,0.522965,7.9979,1,11288,8208,3033,0.264435
4,8295,8.66363,1.17117,0.0120929,0.526018,8.1136,1,11379,8295,3052,0.265456
4,8365,8.77531,1.17117,0.0121991,0.529627,8.22144,1,11451,8365,3072,0.266879
4,8447,8.89443,1.17117,0.0123088,0.53213,8.33782,1,11520,8447,3092,0.267462
4,8532,9.0061,1.17117,0.0124108,0.534474,8.44692,1,11571,8532,3110,0.268138
4,8612,9.1253,1.17117,0.0125148,0.537053,8.56332,1,11626,8612,3132,0.268691
4,8698,9.24383,1.17117,0.0126156,0.539852,8.67882,1,11733,8698,3154,0.269229
4,8773,9.35907,1.17117,0.012723,0.541958,8.79174,1,11784,8773,3172,0.269622
4,8856,9.4753,1.17117,0.0128358,0.544337,8.90535,1,11838,8856,3190,0.27011
4,8925,9.58998,1.17117,0.0129274,0.547023,9.01714,1,11897,8925,3212,0.270642
4,8998,9.70869,1.17117,0.0130275,0.549915,9.13275,1,11965,8998,3233,0.271471
4,9087,9.83015,1.17117,0.0131319,0.552307,9.25158,1,12060,9087,3251,0.271974
4,9162,9.94709,1.17117,0.0132227,0.55652,9.36409,1,12172,9162,3273,0.273943
5,1,6.3902e-05,inf,3.849e-06,3.7341e-05,2.0787e-05,1,1,1,3,1.0394e-05
5,514,0.100205,1.69955,0.000804181,0.0272053,0.0715627,1,996,514,288,0.0114815
5,790,0.200987,1.67069,0.00124109,0.043543,0.155211,1,1445,790,431,0.0189203
5,1017,0.301601,1.67069,0.00160372,0.0560816,0.242636,1,1802,1017,538,0.0225493
5,1206,0.402268,1.67069,0.00191936,0.066028,0.332785,1,2106,1206,636,0.0254803
5,1369,0.5034,1.67069,0.00226737,0.075338,0.424013,1,2353,1369,709,0.0287597
5,1520,0.605738,1.66975,0.0025145,0.0862594,0.514989,1,2609,1520,788,0.0341063
5,1654,0.706172,1.66975,0.00273854,0.0946733,0.606602,1,2828,1654,863,0.0369072
5,1784,0.808629,1.66975,0.00295334,0.102376,0.700969,1,3068,1784,931,0.0395914
5,1903,0.909572,1.66195,0.00315429,0.118804,0.785128,1,3243,1903,979,0.0522063
5,2025,1.01223,1.66195,0.00335831,0.128402,0.877832,1,3395,2025,1033,0.0542942
5,2140,1.1142,1.66195,0.0035585,0.134706,0.973139,1,3578,2140,1091,0.0562498
5,2249,1.21729,1.66171,0.00375097,0.143782,1.06683,1,3740,2249,1142,0.0615279
5,2351,1.31951,1.66171,0.00391996,0.150247,1.16227,1,4022,2351,1200,0.063331
5,2446,1.42332,1.6616,0.0040828,0.163805,1.2522,1,4178,2446,1246,0.0732939
5,2536,1.52831,1.6616,0.00428528,0.170189,1.35044,1,4320,2536,1291,0.0751232
5,2624,1.63098,1.65248,0.00443272,0.183123,1.43991,1,4487,2624,1336,0.0844775
5,2712,1.73449,1.65089,0.00458554,0.19762,1.52866,1,4628,2712,1374,0.0958374
5,2813,1.83777,1.65089,0.00475492,0.201896,1.62738,1,4780,2813,1412,0.0969441
5,2885,1.94177,1.65057,0.00488272,0.220062,1.71298,1,4941,2885,1453,0.111597
5,2965,2.04647,1.64998,0.00501746,0.229749,1.80774,1,5128,2965,1497,0.117728
5,3047,2.15143,1.64998,0.00515796,0.234579,1.90761,1,5324,3047,1541,0.118956
5,3132,2.25594,1.64998,0.00530347,0.239283,2.00716,1,5522,3132,1582,0.119999
5,3215,2.36141,1.64998,0.00545167,0.244661,2.107,1,5660,3215,1621,0.122117
5,3294,2.46559,1.64998,0.00559295,0.248874,2.20673,1,5804,3294,1659,0.123096
5,3376,2.57196,1.64998,0.00572999,0.253482,2.30824,1,5934,3376,1697,0.124565
5,3449,2.67718,1.64998,0.0058605,0.25788,2.40883,1,6081,3449,1737,0.125704
5,3529,2.78251,1.64998,0.00599638,0.262041,2.50976,1,6174,3529,1773,0.126943
5,3602,2.88861,1.64998,0.00612803,0.2662,2.61147,1,6296,3602,1810,0.128052
5,3672,2.99409,1.64998,0.00625352,0.270422,2.71251,1,6414,3672,1847,0.129203
5,3735,3.1018,1.64998,0.00636439,0.275253,2.81518,1,6599,3735,1889,0.130376
5,3802,3.20827,1.64998,0.00648142,0.279405,2.91726,1,6737,3802,1926,0.131293
5,3874,3.31534,1.64998,0.00661346,0.283008,3.0205,1,6830,3874,1957,0.132089
5,3939,3.42223,1.64998,0.00672972,0.287842,3.12234,1,6956,3939,1993,0.133836
5,4005,3.52987,1.64998,0.00685713,0.293035,3.22458,1,7063,4005,2025,0.136111
5,4065,3.63607,1.64998,0.00696491,0.303722,3.3199,1,7155,4065,2057,0.136955
5,4129,3.7428,1.64998,0.00707346,0.307331,3.42282,1,7254,4129,2090,0.137837
5,4198,3.84894,1.64998,0.00718395,0.310374,3.52571,1,7343,4198,2119,0.138506
5,4266,3.95912,1.64998,0.00730328,0.314104,3.63195,1,7487,4266,2148,0.139547
5,4331,4.06512,1.64998,0.00741877,0.31773,3.73413,1,7625,4331,2178,0.140493
5,4401,4.17315,1.64998,0.00754117,0.321964,3.83771,1,7709,4401,2204,0.142312
5,4467,4.28192,1.64998,0.00766282,0.326108,3.94212,1,7802,4467,2232,0.143631
5,4524,4.38962,1.64998,0.0077606,0.331376,4.04436,1,7973,4524,2264,0.145894
5,4587,4.49586,1.64998,0.00787339,0.334641,4.14715,1,8057,4587,2291,0.146632
5,4654,4.60763,1.64998,0.00802891,0.337513,4.2558,1,8204,4654,2315,0.147209
5,4715,4.71745,1.64998,0.00813708,0.341302,4.36163,1,8340,4715,2344,0.148072
5,4771,4.82693,1.64998,0.00823448,0.345491,4.46674,1,8501,4771,2376,0.149367
5,4831,4.93752,1.64998,0.00834034,0.349196,4.57343,1,8595,4831,2405,0.15046
5,4905,5.04676,1.20005,0.00845506,0.357954,4.67371,1,8718,4905,2427,0.157207
5,4969,5.15762,1.19343,0.00855015,0.381205,4.76113,1,8863,4969,2447,0.178508
5,5060,5.26734,1.19343,0.00867295,0.384781,4.86701,1,8967,5060,2469,0.179966
5,5146,5.37903,1.19343,0.00879959,0.388188,4.97504,1,9085,5146,2494,0.180785
5,5252,5.48939,1.19278,0.00890507,0.402617,5.0707,1,9229,5252,2514,0.19328
5,5332,5.59897,1.19278,0.00902518,0.405692,5.17694,1,9317,5332,2539,0.193929
5,5423,5.70847,1.19278,0.00914952,0.408573,5.28331,1,9459,5423,2555,0.19511
5,5525,5.82149,1.19278,0.00926962,0.411174,5.39347,1,9554,5525,2578,0.195718
5,5620,5.93063,1.19278,0.00938434,0.413413,5.50011,1,9611,5620,2598,0.196183
5,5711,6.0429,1.19278,0.00950291,0.416096,5.60945,1,9671,5711,2619,0.196959
5,5784,6.15742,1.19278,0.00961916,0.419665,5.72017,1,9791,5784,2645,0.197765
5,5874,6.26861,1.19278,0.00974042,0.422098,5.82868,1,9870,5874,2665,0.198284
5,5961,6.38152,1.19278,0.00985437,0.424558,5.93889,1,9927,5961,2685,0.198941
5,6048,6.49488,1.19278,0.00997023,0.427145,6.04941,1,9995,6048,2707,0.199513
5,6136,6.60667,1.19278,0.0100834,0.42928,6.15883,1,10050,6136,2726,0.199954
5,6238,6.71803,1.19278,0.0102058,0.431173,6.26804,1,10145,6238,2742,0.200301
5,6310,6.83125,1.19278,0.0103202,0.433602,6.37862,1,10268,6310,2762,0.200807
5,6375,6.94384,1.19275,0.0104048,0.450405,6.47421,1,10356,6375,2785,0.21545
5,6463,7.0598,1.19275,0.0105238,0.45324,6.58708,1,10432,6463,2807,0.216165
5,6546,7.17181,1.19275,0.0106346,0.455837,6.69627,1,10542,6546,2826,0.216859
5,6632,7.28807,1.19275,0.010749,0.458515,6.8096,1,10623,6632,2847,0.217504
5,6715,7.39865,1.19275,0.0108545,0.461203,6.91725,1,10741,6715,2867,0.218236
5,6803,7.5167,1.19275,0.0109746,0.463454,7.03282,1,10811,6803,2885,0.218803
5,6887,7.62812,1.19275,0.0110796,0.467072,7.14038,1,10892,6887,2904,0.220624
5,6977,7.7422,1.19275,0.0111905,0.469397,7.25189,1,10942,6977,2922,0.22127
5,7049,7.85778,1.19275,0.0112894,0.4734,7.36325,1,11045,7049,2946,0.222948
5,7112,7.9703,1.1893,0.0113688,0.504077,7.44492,1,11116,7112,2961,0.252127
5,7181,8.08841,1.1893,0.0114769,0.507131,7.55976,1,11191,7181,2985,0.252782
5,7258,8.20343,1.1893,0.0115805,0.51004,7.67165,1,11266,7258,3006,0.253615
5,7324,8.31409,1.1893,0.0116733,0.512832,7.77933,1,11334,7324,3028,0.254297
5,7397,8.43248,1.1893,0.0117722,0.515989,7.89435,1,11464,7397,3051,0.2551
5,7482,8.5478,1.1893,0.0118727,0.518678,8.00675,1,11524,7482,3073,0.255772
5,7561,8.66204,1.1893,0.0119731,0.521143,8.1183,1,11575,7561,3094,0.256365
5,7638,8.7804,1.1893,0.0120759,0.523573,8.234,1,11650,7638,3115,0.256852
5,7713,8.89667,1.1893,0.0121737,0.526307,8.34732,1,11746,7713,3138,0.257387
5,7786,9.012,1.1893,0.0122796,0.52963,8.4591,1,11836,7786,3159,0.258388
5,7864,9.13001,1.1893,0.0123989,0.534422,8.57206,1,11937,7864,3177,0.261181
5,7942,9.24743,1.1893,0.0124944,0.537548,8.68613,1,12039,7942,3201,0.261915
5,8026,9.36046,1.1893,0.0126145,0.538716,8.79776,1,12064,8026,3211,0.262102
5,8091,9.47698,1.1893,0.012713,0.54159,8.91121,1,12157,8091,3232,0.262856
5,8164,9.59541,1.1893,0.0128154,0.544064,9.02696,1,12247,8164,3251,0.263432
5,8241,9.71394,1.1893,0.0129201,0.54631,9.14302,1,12311,8241,3269,0.263951
5,8320,9.83191,1.1893,0.013021,0.548746,9.25833,1,12404,8320,3289,0.264523
5,8394,9.95037,1.1893,0.013128,0.551146,9.37418,1,12483,8394,3305,0.265321
6,1,3.657e-05,inf,6.16e-06,4.234e-06,2.3097e-05,1,1,1,2,0
6,562,0.101748,1.66578,0.000854978,0.0257655,0.0744164,1,986,562,288,0.00944013
6,838,0.202236,1.66563,0.00132039,0.0396488,0.160144,1,1382,838,428,0.0142182
6,1054,0.303268,1.66404,0.00166761,0.0539616,0.246233,1,1756,1054,538,0.0194697
6,1231,0.404584,1.66353,0.00194747,0.0660272,0.334972,1,2058,1231,639,0.0245352
6,1399,0.50558,1.66353,0.00221848,0.0745916,0.426911,1,2359,1399,726,0.0268765
6,1547,0.607765,1.66293,0.00245945,0.0879698,0.515274,1,2591,1547,799,0.0350078
6,1687,0.709927,1.66293,0.00270119,0.0950856,0.609894,1,2799,1687,865,0.0372217
6,1813,0.811386,1.6628,0.00290714,0.103529,0.702531,1,3002,1813,934,0.0406939
6,1925,0.913062,1.66279,0.00309538,0.11239,0.795009,1,3219,1925,1002,0.0444499
6,2044,1.01546,1.66279,0.00330595,0.121157,0.88828,1,3372,2044,1056,0.0455836
6,2160,1.11678,1.66279,0.00349804,0.126659,0.983749,1,3533,2160,1111,0.0467969
6,2271,1.21882,1.66279,0.00369129,0.132396,1.07973,1,3704,2271,1162,0.0484977
6,2386,1.32235,1.66279,0.003883,0.13776,1.17754,1,3864,2386,1211,0.0499632
6,2481,1.42402,1.66279,0.00405045,0.143519,1.27316,1,4035,2481,1263,0.0516712
6,2582,1.52743,1.66279,0.00421829,0.14838,1.37141,1,4178,2582,1310,0.0529311
6,2679,1.63078,1.66279,0.00439114,0.153317,1.46952,1,4365,2679,1355,0.0543435
6,2764,1.73502,1.66266,0.00454436,0.161938,1.56488,1,4557,2764,1401,0.0591207
6,2855,1.83759,1.66266,0.00469641,0.167079,1.66203,1,4715,2855,1446,0.0606367
6,2944,1.94242,1.66266,0.00485001,0.172713,1.76095,1,4862,2944,1488,0.0628675
6,3028,2.04653,1.66266,0.00501709,0.177885,1.8596,1,5053,3028,1526,0.0643033
6,3101,2.15056,1.65633,0.00515067,0.193771,1.94751,1,5217,3101,1562,0.0770194
6,3173,2.25447,1.65157,0.00528194,0.211431,2.03354,1,5415,3173,1596,0.0916248
6,3257,2.35954,1.65157,0.00542937,0.215464,2.13431,1,5611,3257,1634,0.0925245
6,3341,2.46687,1.65157,0.00557835,0.219512,2.23727,1,5765,3341,1672,0.0934114
6,3419,2.58131,1.2035,0.00571386,0.233713,2.33726,1,5979,3419,1712,0.104069
6,3529,2.68695,1.2035,0.00586321,0.237673,2.43863,1,6169,3529,1745,0.105222
6,3648,2.79014,1.2035,0.00600525,0.242585,2.53659,1,6380,3648,1777,0.107181
6,3775,2.89643,1.2035,0.00615423,0.246994,2.63814,1,6611,3775,1809,0.108775
6,3901,3.00075,1.2035,0.00630937,0.250113,2.73899,1,6748,3901,1837,0.109373
6,3999,3.10607,1.2035,0.00644257,0.258704,2.83544,1,6965,3999,1870,0.11491
6,4111,3.21209,1.2035,0.00658577,0.261734,2.93812,1,7039,4111,1899,0.115566
6,4219,3.32001,1.2035,0.00672358,0.265142,3.04234,1,7159,4219,1928,0.116409
6,4310,3.42572,1.2035,0.00684599,0.269295,3.14363,1,7283,4310,1963,0.11752
6,4417,3.53382,1.2035,0.00698612,0.27253,3.24821,1,7386,4417,1991,0.118383
6,4513,3.64229,1.19704,0.00710738,0.287389,3.34156,1,7488,4513,2016,0.131093
6,4632,3.74956,1.19704,0.00724326,0.290268,3.44563,1,7595,4632,2042,0.131711
6,4719,3.85797,1.19682,0.00735721,0.304347,3.53972,1,7697,4719,2069,0.136536
6,4818,3.96398,1.19401,0.00747385,0.315915,3.63391,1,7800,4818,2092,0.14609
6,4914,4.07205,1.19401,0.00761243,0.319291,3.73833,1,7907,4914,2119,0.146819
6,5020,4.18058,1.19401,0.00774678,0.32235,3.84351,1,8000,5020,2144,0.147621
6,5111,4.28696,1.19401,0.00787266,0.325442,3.94653,1,8086,5111,2169,0.148407
6,5210,4.39774,1.19401,0.00799585,0.329219,4.05326,1,8190,5210,2199,0.149254
6,5302,4.50494,1.19401,0.00811595,0.332723,4.1567,1,8276,5302,2227,0.150237
6,5391,4.6144,1.19401,0.00823375,0.336001,4.26263,1,8391,5391,2256,0.150941
6,5485,4.72346,1.19401,0.00835616,0.338912,4.36852,1,8476,5485,2281,0.151641
6,5582,4.83524,1.19401,0.00847203,0.342215,4.47673,1,8609,5582,2309,0.152423
6,5672,4.94287,1.19401,0.00858444,0.345224,4.58112,1,8712,5672,2335,0.15312
6,5747,5.05205,1.19355,0.00869492,0.364404,4.6709,1,8795,5747,2356,0.170261
6,5840,5.16349,1.19355,0.00881734,0.367318,4.77916,1,8878,5840,2381,0.170854
6,5924,5.27555,1.19262,0.00892705,0.375655,4.88265,1,8988,5924,2407,0.176734
6,6026,5.38359,1.19245,0.00904869,0.383916,4.98216,1,9054,6026,2424,0.183369
6,6113,5.49194,1.19214,0.00916302,0.392266,5.08192,1,9156,6113,2446,0.189558
6,6194,5.60301,1.19214,0.00926812,0.395826,5.18921,1,9231,6194,2475,0.19067
6,6285,5.71428,1.19214,0.00938822,0.398537,5.2975,1,9318,6285,2498,0.191306
6,6378,5.82778,1.19214,0.00950986,0.401393,5.40789,1,9385,6378,2522,0.191915
6,6477,5.93637,1.19214,0.00964382,0.403241,5.51437,1,9485,6477,2537,0.19232
6,6563,6.04879,1.19214,0.00975969,0.40649,5.62329,1,9579,6563,2562,0.193064
6,6649,6.16143,1.19206,0.00987171,0.415929,5.72626,1,9651,6649,2583,0.200423
6,6722,6.26968,1.19206,0.0099741,0.41946,5.83076,1,9813,6722,2607,0.201532
6,6809,6.38056,1.19122,0.0100896,0.427823,5.93305,1,9893,6809,2626,0.207982
6,6890,6.49383,1.19122,0.0102039,0.430945,6.04296,1,9994,6890,2650,0.208687
6,6973,6.6131,1.19122,0.0103109,0.440423,6.15251,1,10150,6973,2674,0.215797
6,7056,6.71784,1.19122,0.0104129,0.443584,6.25385,1,10245,7056,2696,0.216734
6,7148,6.83158,1.19122,0.0105269,0.44625,6.36468,1,10318,7148,2717,0.217368
6,7229,6.94141,1.19122,0.0106354,0.448682,6.47186,1,10378,7229,2738,0.2179
6,7305,7.05555,1.19122,0.0107417,0.451381,6.58307,1,10471,7305,2761,0.218441
6,7389,7.17085,1.19122,0.0108876,0.453693,6.69578,1,10529,7389,2778,0.218868
6,7471,7.28116,1.19122,0.0109965,0.455902,6.80365,1,10610,7471,2795,0.219305
6,7547,7.39527,1.19122,0.0111078,0.458669,6.91477,1,10681,7547,2818,0.219836
6,7630,7.51061,1.19122,0.0112094,0.461971,7.02657,1,10809,7630,2843,0.220584
6,7708,7.62208,1.19122,0.0113083,0.464966,7.13483,1,10932,7708,2866,0.221349
6,7783,7.73949,1.19122,0.0114107,0.468181,7.2488,1,11010,7783,2892,0.222005
6,7855,7.85371,1.19122,0.0115208,0.470771,7.36021,1,11084,7855,2912,0.222659
6,7951,7.96605,1.19122,0.0116332,0.472801,7.47027,1,11129,7951,2929,0.223089
6,8025,8.08252,1.19122,0.0117476,0.475235,7.58408,1,11188,8025,2948,0.223571
6,8115,8.19872,1.19122,0.0118646,0.478104,7.69715,1,11253,8115,2968,0.224415
6,8178,8.31336,1.19122,0.0119574,0.482222,7.80748,1,11356,8178,2992,0.226151
6,8261,8.43011,1.19122,0.0120648,0.485104,7.92111,1,11412,8261,3013,0.226997
6,8350,8.54588,1.19122,0.0121718,0.487799,8.03395,1,11493,8350,3033,0.227653
6,8427,8.66044,1.19122,0.0122753,0.490225,8.14585,1,11558,8427,3053,0.228152
6,8505,8.77955,1.19122,0.012382,0.493174,8.26179,1,11642,8505,3075,0.228986
6,8586,8.89485,1.19122,0.0124901,0.495378,8.37466,1,11698,8586,3092,0.229579
6,8654,9.0111,1.19122,0.0125933,0.498424,8.48766,1,11778,8654,3114,0.230561
6,8725,9.1259,1.19122,0.0126945,0.500818,8.59985,1,11844,8725,3134,0.231052
6,8804,9.24488,1.19122,0.0128185,0.503071,8.71633,1,11886,8804,3150,0.23161
6,8870,9.36158,1.19122,0.0129174,0.506032,8.82986,1,11947,8870,3172,0.232207
6,8944,9.4819,1.19122,0.0130291,0.508969,8.94701,1,12005,8944,3191,0.23305
6,9025,9.6015,1.19122,0.0131399,0.511907,9.06345,1,12107,9025,3210,0.233893
6,9088,9.72063,1.19074,0.0132362,0.525909,9.16837,1,12174,9088,3227,0.246139
6,9156,9.83572,1.19074,0.0133416,0.52813,9.28104,1,12236,9156,3245,0.24664
6,9224,9.95177,1.19074,0.0134363,0.530769,9.39421,1,12321,9224,3266,0.247192
7,1,6.3132e-05,inf,3.85e-06,3.7339e-05,1.9248e-05,1,1,1,3,1.0394e-05
7,520,0.100718,1.68551,0.000814155,0.0328991,0.0663636,1,979,520,267,0.0179914
7,782,0.201082,1.66357,0.00126223,0.056147,0.14259,1,1444,782,404,0.0323867
7,1020,0.302357,1.66115,0.00165602,0.0700241,0.229291,1,1799,1020,510,0.0387638
7,1203,0.40314,1.65961,0.00195399,0.0854129,0.314021,1,2148,1203,607,0.0456651
7,1382,0.503485,1.65646,0.00227927,0.0975227,0.4017,1,2412,1382,685,0.05209
7,1539,0.605471,1.65646,0.00253834,0.105698,0.495052,1,2670,1539,768,0.0543504
7,1673,0.706761,1.6544,0.00275699,0.124038,0.577614,1,2866,1673,831,0.0680535
7,1820,0.808822,1.6544,0.00300105,0.132196,0.671089,1,3074,1820,893,0.0715835
7,1948,0.910787,1.6544,0.00322316,0.138759,0.766115,1,3286,1948,958,0.0732561
7,2061,1.01556,1.6544,0.00341486,0.148735,0.860561,1,3483,2061,1025,0.0747447
7,2165,1.11873,1.65429,0.00359041,0.159328,0.952821,1,3709,2165,1087,0.0803993
7,2268,1.22035,1.65393,0.00376094,0.172157,1.0413,1,3895,2268,1138,0.0892531
7,2376,1.32409,1.65393,0.00394725,0.177696,1.13917,1,4054,2376,1192,0.0905905
7,2481,1.42575,1.65393,0.00413087,0.182477,1.23574,1,4199,2481,1241,0.0916237
7,2575,1.53062,1.65393,0.00429179,0.188146,1.33465,1,4385,2575,1295,0.0930391
7,2662,1.63354,1.65381,0.00443845,0.197906,1.42753,1,4548,2662,1345,0.0988396
7,2751,1.73662,1.65381,0.00459204,0.203125,1.52512,1,4728,2751,1392,0.100246
7,2832,1.84066,1.6534,0.00473486,0.220363,1.61168,1,4859,2832,1430,0.114367
7,2923,1.94346,1.6534,0.00489308,0.224898,1.70967,1,5010,2923,1471,0.115511
7,3008,2.04918,1.6534,0.00504089,0.230324,1.80969,1,5164,3008,1515,0.117301
7,3087,2.15357,1.6534,0.00518139,0.236107,1.90805,1,5335,3087,1559,0.119455
7,3169,2.25789,1.65323,0.00534385,0.247302,2.0009,1,5438,3169,1592,0.127765
7,3247,2.36207,1.65323,0.00547858,0.252942,2.0992,1,5587,3247,1633,0.129871
7,3321,2.46736,1.65323,0.00561601,0.2573,2.19988,1,5724,3321,1675,0.130762
7,3402,2.57158,1.65323,0.00575344,0.261275,2.29988,1,5843,3402,1714,0.131588
7,3477,2.67784,1.65323,0.00588394,0.265651,2.40152,1,6001,3477,1753,0.132661
7,3552,2.78169,1.65323,0.00601906,0.269632,2.50114,1,6142,3552,1790,0.133573
7,3621,2.8878,1.65323,0.00614725,0.274241,2.60241,1,6321,3621,1831,0.134621
7,3690,2.99267,1.65323,0.00627082,0.278237,2.70306,1,6436,3690,1867,0.135683
7,3756,3.09814,1.65323,0.00638939,0.284468,2.80209,1,6577,3756,1903,0.138863
7,3832,3.2048,1.65323,0.00652567,0.288411,2.90456,1,6696,3832,1935,0.13986
7,3890,3.31108,1.65293,0.00663691,0.305599,2.99345,1,6799,3890,1967,0.153858
7,3952,3.41994,1.65293,0.00675086,0.31024,3.09746,1,6935,3952,2005,0.155101
7,4021,3.52537,1.65293,0.00687289,0.313714,3.19919,1,7034,4021,2036,0.155923
7,4078,3.63188,1.65293,0.00697606,0.325226,3.294,1,7150,4078,2069,0.157388
7,4138,3.73982,1.65205,0.00708077,0.335753,3.39122,1,7347,4138,2101,0.165108
7,4197,3.84681,1.65205,0.00718586,0.339844,3.49393,1,7492,4197,2136,0.166148
7,4258,3.95476,1.65205,0.00729364,0.344001,3.59753,1,7598,4258,2169,0.167422
7,4326,4.06153,1.65205,0.00741297,0.34736,3.70073,1,7698,4326,2196,0.16826
7,4387,4.16912,1.65205,0.00752307,0.350971,3.80451,1,7845,4387,2227,0.169021
7,4445,4.27828,1.65205,0.00762816,0.355392,3.90906,1,7978,4445,2261,0.170259
7,4510,4.38786,1.65205,0.00775789,0.35851,4.0153,1,8078,4510,2286,0.170944
7,4563,4.49637,1.65205,0.00786067,0.362656,4.11949,1,8211,4563,2320,0.171927
7,4625,4.6037,1.65205,0.00797192,0.365966,4.2233,1,8308,4625,2347,0.172816
7,4669,4.71539,1.65201,0.00805584,0.390428,4.31038,1,8436,4669,2374,0.19477
7,4731,4.82437,1.65201,0.00816863,0.39335,4.41624,1,8524,4731,2400,0.195488
7,4791,4.93203,1.65201,0.00827718,0.396707,4.52034,1,8668,4791,2426,0.196485
7,4851,5.04369,1.65201,0.0083842,0.400275,4.62826,1,8803,4851,2454,0.197473
7,4911,5.15277,1.65201,0.00849159,0.403911,4.73351,1,8901,4911,2481,0.19871
7,4965,5.26235,1.65201,0.00859822,0.407333,4.83948,1,9001,4965,2510,0.199465
7,5017,5.36996,1.65201,0.00869792,0.410981,4.94326,1,9120,5017,2538,0.200314
7,5072,5.4793,1.65201,0.00880186,0.414156,5.04925,1,9263,5072,2565,0.200861
7,5127,5.59103,1.65201,0.0089031,0.417922,5.15704,1,9356,5127,2593,0.202083
7,5167,5.70197,1.64958,0.0089797,0.442057,5.24369,1,9449,5167,2617,0.223808
7,5223,5.81184,1.64958,0.00908132,0.445056,5.35038,1,9533,5223,2642,0.224566
7,5274,5.92064,1.64958,0.00917448,0.448512,5.45555,1,9682,5274,2671,0.225346
7,5328,6.03186,1.64958,0.00927841,0.451653,5.56345,1,9785,5328,2697,0.226091
7,5379,6.14413,1.64958,0.00937504,0.45502,5.67219,1,9878,5379,2724,0.226837
7,5429,6.25601,1.64958,0.00946781,0.458358,5.78056,1,10015,5429,2751,0.227657
7,5476,6.36827,1.64957,0.00957021,0.471451,5.87956,1,10091,5476,2773,0.238687
7,5531,6.48263,1.64957,0.0096957,0.47646,5.9887,1,10172,5531,2795,0.241177
7,5585,6.5939,1.64957,0.00980541,0.479328,6.09692,1,10284,5585,2818,0.241741
7,5635,6.70685,1.64957,0.00989973,0.482705,6.20632,1,10428,5635,2846,0.242404
7,5689,6.8213,1.64957,0.0100017,0.485706,6.31759,1,10527,5689,2870,0.243169
7,5740,6.93584,1.64957,0.0101003,0.488758,6.42891,1,10613,5740,2895,0.243902
7,5787,7.04815,1.64957,0.0101954,0.491824,6.53798,1,10692,5787,2921,0.244561
7,5846,7.16094,1.64957,0.010307,0.494325,6.64809,1,10749,5846,2939,0.245418
7,5886,7.27435,1.6464,0.010384,0.510425,6.74526,1,10843,5886,2965,0.259185
7,5932,7.38541,1.64621,0.0104741,0.521804,6.84478,1,10907,5932,2985,0.268679
7,5975,7.50185,1.64621,0.0105707,0.52592,6.95692,1,11003,5975,3014,0.269571
7,6020,7.61505,1.64621,0.01066,0.528954,7.06694,1,11076,6020,3039,0.270155
7,6070,7.74553,1.20086,0.0107578,0.548182,7.17802,1,11191,6070,3061,0.287124
7,6141,7.85844,1.20086,0.0108525,0.551086,7.28782,1,11286,6141,3082,0.288091
7,6219,7.97372,1.20086,0.0109634,0.553219,7.40074,1,11328,6219,3099,0.288752
7,6293,8.08961,1.20086,0.0110623,0.555879,7.51376,1,11437,6293,3120,0.289353
7,6359,8.20218,1.20086,0.0111624,0.558199,7.62382,1,11498,6359,3140,0.289888
7,6439,8.31794,1.20086,0.0112602,0.560992,7.73649,1,11564,6439,3162,0.29049
7,6518,8.4326,1.20086,0.0113633,0.562883,7.84904,1,11609,6518,3179,0.290889
7,6598,8.55204,1.20086,0.0114819,0.565981,7.96516,1,11663,6598,3193,0.292671
7,6665,8.67154,1.20086,0.0115766,0.568775,8.08167,1,11756,6665,3217,0.293248
7,6713,8.78375,1.19019,0.011654,0.604067,8.15844,1,11815,6713,3227,0.327533
7,6788,8.89901,1.19019,0.0117494,0.606787,8.27077,1,11936,6788,3248,0.328181
7,6849,9.01782,1.19019,0.0118526,0.609186,8.38699,1,11989,6849,3269,0.328693
7,6913,9.133,1.19019,0.0119565,0.611896,8.49926,1,12078,6913,3288,0.329404
7,6981,9.24952,1.19019,0.0120535,0.615905,8.61157,1,12193,6981,3307,0.331428
7,7056,9.36832,1.19019,0.0121575,0.618127,8.72793,1,12281,7056,3325,0.331902
7,7131,9.48484,1.19019,0.0122599,0.620416,8.84195,1,12375,7131,3343,0.332404
7,7195,9.60109,1.19019,0.0123534,0.623041,8.95538,1,12482,7195,3364,0.332897
7,7261,9.7198,1.19019,0.0124581,0.625188,9.07174,1,12535,7261,3382,0.333365
7,7318,9.83467,1.19019,0.0125582,0.627369,9.18426,1,12624,7318,3399,0.333879
7,7395,9.95778,1.19019,0.0126706,0.62935,9.30516,1,12671,7395,3415,0.334351
8,1,1.9633e-05,inf,3.465e-06,0,1.4628e-05,1,0,1,2,0
8,574,0.100978,1.65886,0.000874606,0.0282462,0.0711258,1,1017,574,275,0.0122522
8,866,0.202309,1.6581,0.00134425,0.0429829,0.156862,1,1466,866,418,0.01771
8,1071,0.303233,1.65027,0.00167184,0.0611052,0.239065,1,1810,1071,528,0.0267791
8,1265,0.403807,1.65027,0.00199212,0.070575,0.329609,1,2142,1265,624,0.0296889
8,1447,0.504952,1.65027,0.00229738,0.0786739,0.422127,1,2392,1447,705,0.031979
8,1586,0.607344,1.64771,0.00252912,0.0923008,0.510475,1,2698,1586,786,0.0396595
8,1720,0.708088,1.64408,0.00275431,0.10722,0.595902,1,2903,1720,851,0.0498669
8,1859,0.810396,1.64408,0.00298221,0.114152,0.690869,1,3134,1859,919,0.0517158
8,1984,0.912948,1.64408,0.00319932,0.121061,0.786142,1,3363,1984,982,0.0538454
8,2100,1.01421,1.64408,0.00339873,0.130379,0.877739,1,3556,2100,1038,0.0554364
8,2211,1.11706,1.64347,0.00358851,0.140402,0.970229,1,3769,2211,1094,0.0610774
8,2322,1.2203,1.64347,0.00378253,0.146345,1.06718,1,3950,2322,1150,0.0625541
8,2423,1.32178,1.64347,0.00396,0.153253,1.16143,1,4153,2423,1203,0.0650074
8,2516,1.42463,1.64183,0.00411822,0.168654,1.24859,1,4302,2516,1249,0.0767973
8,2611,1.52797,1.64119,0.0042826,0.180167,1.34013,1,4458,2611,1292,0.0848204
8,2702,1.63181,1.64068,0.00443427,0.19088,1.43298,1,4598,2702,1338,0.0919597
8,2804,1.73572,1.64068,0.00460327,0.195385,1.53209,1,4747,2804,1382,0.0929664
8,2895,1.83942,1.64068,0.00476956,0.200406,1.63048,1,4893,2895,1426,0.0943957
8,2980,1.9489,1.6388,0.00491237,0.211863,1.72825,1,5061,2980,1473,0.102064
8,3070,2.05166,1.6388,0.00506598,0.216248,1.82636,1,5198,3070,1512,0.103388
8,3159,2.15726,1.6388,0.00522111,0.22035,1.92757,1,5313,3159,1551,0.104372
8,3245,2.26185,1.6388,0.00538048,0.224881,2.02736,1,5422,3245,1589,0.105749
8,3322,2.36731,1.6388,0.00551983,0.230013,2.12744,1,5565,3322,1631,0.107038
8,3393,2.47094,1.63869,0.00564456,0.240467,2.22038,1,5684,3393,1670,0.114136
8,3474,2.57549,1.63869,0.00578276,0.244388,2.32076,1,5792,3474,1707,0.115028
8,3550,2.68195,1.63869,0.00591288,0.248627,2.42274,1,5905,3550,1747,0.115976
8,3634,2.78812,1.63869,0.00605107,0.252303,2.52498,1,6022,3634,1781,0.116809
8,3707,2.89369,1.63869,0.00618233,0.256274,2.62635,1,6134,3707,1818,0.117744
8,3782,3.00046,1.63869,0.00631784,0.260144,2.72902,1,6241,3782,1852,0.11866
8,3857,3.10842,1.63869,0.00644526,0.264009,2.83288,1,6355,3857,1887,0.119665
8,3931,3.21305,1.63869,0.00657422,0.267666,2.93362,1,6472,3931,1919,0.120578
8,3993,3.3192,1.63869,0.00669201,0.272405,3.03481,1,6606,3993,1958,0.121557
8,4052,3.42867,1.63376,0.00680403,0.284376,3.13211,1,6744,4052,1992,0.130318
8,4128,3.53542,1.63376,0.00694108,0.287699,3.23529,1,6837,4128,2020,0.131085
8,4186,3.64193,1.63376,0.00704809,0.298766,3.33054,1,6956,4186,2052,0.132185
8,4252,3.74857,1.63367,0.00715703,0.308207,3.42754,1,7069,4252,2082,0.138984
8,4318,3.85876,1.63367,0.00727559,0.312504,3.53324,1,7178,4318,2116,0.140453
8,4379,3.97004,1.63367,0.00739108,0.316796,3.64002,1,7300,4379,2149,0.141562
8,4437,4.07374,1.63367,0.00752042,0.320401,3.73989,1,7383,4437,2177,0.142312
8,4502,4.18049,1.63367,0.0076336,0.324431,3.84232,1,7465,4502,2205,0.143883
8,4560,4.29044,1.63367,0.00773753,0.329437,3.94706,1,7588,4560,2239,0.145872
8,4612,4.3995,1.63195,0.00783262,0.349985,4.03541,1,7672,4612,2264,0.164095
8,4656,4.50868,1.63177,0.00793078,0.368182,4.12622,1,7776,4656,2290,0.179629
8,4714,4.61739,1.63177,0.00803626,0.371902,4.23102,1,7884,4714,2322,0.180336
8,4777,4.72532,1.63177,0.00815522,0.375342,4.33531,1,7985,4777,2348,0.181372
8,4836,4.83602,1.63177,0.00827147,0.379622,4.44153,1,8109,4836,2377,0.18286
8,4893,4.94347,1.63177,0.00837502,0.383031,4.54538,1,8264,4893,2407,0.18351
8,4955,5.05615,1.63177,0.0084905,0.386387,4.65451,1,8391,4955,2433,0.184307
8,5015,5.16646,1.63177,0.0085979,0.389771,4.76124,1,8524,5015,2460,0.185237
8,5071,5.27631,1.63177,0.00870454,0.393023,4.86765,1,8624,5071,2488,0.186071
8,5130,5.38587,1.63177,0.00880732,0.396891,4.97316,1,8871,5130,2515,0.187281
8,5187,5.49725,1.63177,0.00891741,0.400306,5.08093,1,8984,5187,2541,0.188184
8,5242,5.61001,1.63177,0.00901519,0.404381,5.18943,1,9152,5242,2570,0.189389
8,5291,5.71915,1.63177,0.00910912,0.407976,5.29481,1,9243,5291,2600,0.190399
8,5342,5.83027,1.20186,0.00924539,0.424225,5.38943,1,9418,5342,2625,0.20371
8,5422,5.94271,1.20186,0.00935395,0.427752,5.49812,1,9512,5422,2647,0.205183
8,5486,6.05489,1.18623,0.00943594,0.458436,5.57943,1,9607,5486,2663,0.234263
8,5566,6.16995,1.18623,0.00954026,0.461166,5.69153,1,9668,5566,2689,0.23476
8,5655,6.28006,1.18623,0.00964613,0.466581,5.79599,1,9765,5655,2709,0.238267
8,5745,6.39345,1.18623,0.00975353,0.469544,5.90617,1,9883,5745,2733,0.238855
8,5820,6.5043,1.18442,0.00986171,0.485231,6.0011,1,9996,5820,2751,0.252615
8,5907,6.6204,1.18442,0.00997219,0.488323,6.11387,1,10082,5907,2774,0.253397
8,5986,6.73094,1.18442,0.0100765,0.49071,6.2218,1,10160,5986,2795,0.253825
8,6062,6.84229,1.18442,0.0101808,0.493187,6.33045,1,10218,6062,2816,0.254343
8,6148,6.95713,1.18442,0.0102844,0.496174,6.44207,1,10289,6148,2841,0.25506
8,6228,7.07163,1.18442,0.0103968,0.501368,6.55114,1,10361,6228,2860,0.258429
8,6322,7.18446,1.18442,0.0105073,0.503636,6.66145,1,10421,6322,2880,0.258839
8,6389,7.2982,1.18442,0.0106108,0.50653,6.77209,1,10487,6389,2903,0.259665
8,6472,7.41237,1.18442,0.0107267,0.508988,6.88354,1,10546,6472,2923,0.260163
8,6559,7.52703,1.18442,0.0108414,0.511977,6.99494,1,10645,6559,2945,0.260711
8,6642,7.64251,1.18442,0.0109546,0.515085,7.10707,1,10747,6642,2962,0.261987
8,6712,7.75582,1.18442,0.0110566,0.522272,7.21299,1,10876,6712,2981,0.267351
8,6792,7.86804,1.18442,0.0111548,0.525505,7.32175,1,10950,6792,3003,0.268469
8,6867,7.98468,1.18442,0.0112687,0.528022,7.43565,1,11011,6867,3023,0.269123
8,6938,8.09913,1.18442,0.0113742,0.531888,7.54603,1,11094,6938,3043,0.27101
8,6995,8.21312,1.17877,0.0114558,0.56174,7.62999,1,11165,6995,3057,0.299494
8,7069,8.32962,1.17877,0.011559,0.563977,7.74404,1,11217,7069,3077,0.299906
8,7165,8.44369,1.17877,0.0116729,0.566938,7.8549,1,11297,7165,3094,0.301103
8,7250,8.5608,1.17877,0.0117949,0.57037,7.96833,1,11408,7250,3110,0.302691
8,7347,8.68006,1.17877,0.0119239,0.572464,8.08522,1,11450,7347,3123,0.303301
8,7432,8.79662,1.17877,0.0120324,0.574996,8.19901,1,11525,7432,3142,0.303772
8,7508,8.9087,1.17877,0.012141,0.577839,8.30801,1,11595,7508,3161,0.304562
8,7594,9.02526,1.17877,0.0122499,0.580983,8.42118,1,11701,7594,3178,0.305792
8,7672,9.14702,1.17877,0.0123593,0.583593,8.54011,1,11772,7672,3197,0.306491
8,7747,9.26377,1.17877,0.0124574,0.587533,8.6527,1,11853,7747,3216,0.308596
8,7816,9.378,1.17877,0.0126018,0.589784,8.76443,1,11932,7816,3235,0.309118
8,7896,9.49662,1.17877,0.0127107,0.592672,8.87992,1,12026,7896,3256,0.309869
8,7962,9.61381,1.17877,0.0128332,0.595748,8.9938,1,12106,7962,3275,0.31072
8,8024,9.73325,1.17877,0.0129321,0.59903,9.10977,1,12194,8024,3296,0.311854
8,8103,9.84998,1.17877,0.0130256,0.602019,9.22328,1,12294,8103,3317,0.312524
8,8172,9.97135,1.17877,0.0131261,0.604461,9.342,1,12351,8172,3337,0.313084
9,1,2.3867e-05,inf,3.849e-06,0,1.8093e-05,1,0,1,2,0
9,545,0.100969,1.69518,0.0008238,0.0272922,0.0721625,1,1077,545,283,0.0112298
9,812,0.201454,1.66158,0.00124725,0.0471826,0.151996,1,1528,812,422,0.0220515
9,1040,0.302678,1.66158,0.00160602,0.0595965,0.240149,1,1905,1040,533,0.0254811
9,1229,0.402817,1.66095,0.00191283,0.073029,0.326313,1,2213,1229,621,0.0326423
9,1367,0.504634,1.64943,0.00220578,0.09178,0.408874,1,2511,1367,702,0.0452779
9,1509,0.604739,1.64943,0.00244906,0.100074,0.500218,1,2836,1509,780,0.047235
9,1641,0.706751,1.64907,0.00266887,0.114865,0.587047,1,3081,1641,847,0.056895
9,1778,0.808529,1.64876,0.00289677,0.123826,0.679459,1,3268,1778,910,0.0612334
9,1903,0.911531,1.64876,0.00310156,0.132003,0.773901,1,3533,1903,975,0.0643168
9,2020,1.01291,1.64876,0.00332252,0.141519,0.865391,1,3711,2020,1034,0.0658047
9,2145,1.115,1.64863,0.003525,0.150267,0.958387,1,3908,2145,1083,0.0707205
9,2265,1.21792,1.64863,0.00371786,0.155747,1.05548,1,4081,2265,1135,0.072231
9,2373,1.32063,1.64863,0.00390302,0.161055,1.15256,1,4261,2373,1187,0.0734644
9,2478,1.42328,1.64863,0.00408433,0.166828,1.24912,1,4423,2478,1237,0.0754646
9,2587,1.52632,1.64863,0.00427373,0.171776,1.34689,1,4568,2587,1279,0.0769421
9,2686,1.62964,1.64863,0.00444773,0.176879,1.4448,1,4722,2686,1324,0.0782128
9,2781,1.73338,1.64863,0.00462596,0.182615,1.54242,1,4927,2781,1369,0.0800709
9,2881,1.83634,1.64863,0.00479458,0.187162,1.64053,1,5097,2881,1410,0.0811434
9,2959,1.9397,1.64291,0.00493547,0.201405,1.72941,1,5225,2959,1451,0.0918755
9,3044,2.04446,1.64291,0.00508868,0.206498,1.82881,1,5365,3044,1495,0.093294
9,3131,2.1494,1.64291,0.00524035,0.210916,1.92907,1,5472,3131,1536,0.0943322
9,3218,2.25354,1.64291,0.00539164,0.215149,2.0287,1,5598,3218,1576,0.0953308
9,3290,2.35775,1.64263,0.00552483,0.230641,2.11718,1,5731,3290,1609,0.107771
9,3370,2.46375,1.64263,0.00567651,0.235115,2.21844,1,5851,3370,1649,0.108824
9,3444,2.56993,1.64263,0.0058097,0.240186,2.31932,1,6048,3444,1692,0.110107
9,3526,2.67501,1.64263,0.00595289,0.244171,2.42015,1,6184,3526,1724,0.111257
9,3598,2.78012,1.64263,0.00608493,0.248577,2.52063,1,6312,3598,1761,0.112266
9,3667,2.88647,1.64263,0.00620889,0.253759,2.62158,1,6458,3667,1802,0.113864
9,3735,2.99128,1.64263,0.00634054,0.258244,2.72165,1,6603,3735,1838,0.115012
9,3800,3.09743,1.64263,0.00649106,0.262627,2.82316,1,6698,3800,1873,0.115853
9,3870,3.20453,1.64263,0.00662001,0.2672,2.92543,1,6812,3870,1910,0.116985
9,3938,3.31091,1.64263,0.00674782,0.271429,3.02737,1,6925,3938,1945,0.118231
9,4010,3.41823,1.64263,0.00688178,0.27515,3.13073,1,7031,4010,1974,0.119047
9,4079,3.52537,1.64263,0.00700535,0.279503,3.23329,1,7166,4079,2008,0.120215
9,4148,3.63357,1.64263,0.00712969,0.283181,3.33759,1,7262,4148,2040,0.121096
9,4208,3.74138,1.64263,0.00723863,0.293833,3.43456,1,7354,4208,2071,0.121921
9,4274,3.84931,1.64263,0.00738953,0.29818,3.53789,1,7465,4274,2103,0.123058
9,4341,3.95698,1.64263,0.00753197,0.301951,3.64155,1,7571,4341,2131,0.123808
9,4401,4.06845,1.64263,0.0076921,0.306704,3.74797,1,7716,4401,2159,0.124937
9,4466,4.17465,1.64263,0.00782299,0.310823,3.84982,1,7842,4466,2187,0.126
9,4532,4.28328,1.64263,0.00794425,0.314442,3.95462,1,8074,4532,2215,0.126806
9,4586,4.39321,1.64263,0.00807359,0.3189,4.05987,1,8166,4586,2240,0.128045
9,4647,4.50253,1.64263,0.00818137,0.322618,4.16527,1,8281,4647,2272,0.128838
9,4735,4.61171,1.20677,0.00830687,0.33131,4.26551,1,8397,4735,2294,0.135443
9,4832,4.72192,1.20677,0.00842428,0.338265,4.36848,1,8567,4832,2318,0.139741
9,4924,4.83572,1.20663,0.00854131,0.350137,4.47017,1,8696,4924,2340,0.149453
9,5022,4.94334,1.20663,0.00867258,0.35302,4.57464,1,8790,5022,2358,0.15065
9,5100,5.05601,1.20663,0.00881078,0.356918,4.68313,1,8895,5100,2385,0.151525
9,5182,5.16781,1.20663,0.00894475,0.361347,4.79023,1,9047,5182,2411,0.153073
9,5280,5.28097,1.20663,0.00907062,0.364184,4.90027,1,9116,5280,2435,0.153647
9,5374,5.38977,1.20663,0.0091811,0.368052,5.00495,1,9204,5374,2461,0.154922
9,5465,5.49972,1.20663,0.00930236,0.370945,5.11176,1,9338,5465,2481,0.155765
9,5551,5.6112,1.20663,0.00941323,0.37431,5.21963,1,9427,5551,2507,0.156644
9,5645,5.72244,1.20663,0.00952525,0.377182,5.32775,1,9547,5645,2532,0.157198
9,5730,5.8375,1.20663,0.00963803,0.381228,5.43852,1,9658,5730,2557,0.158819
9,5813,5.94877,1.20663,0.00974697,0.384377,5.54641,1,9782,5813,2582,0.159554
9,5896,6.06246,1.20663,0.00989634,0.387089,5.65712,1,9834,5896,2602,0.160053
9,5972,6.17348,1.20663,0.0100087,0.390366,5.76463,1,9924,5972,2627,0.16086
9,6054,6.28486,1.20663,0.0101516,0.392859,5.87324,1,10030,6054,2644,0.161369
9,6155,6.41308,1.20471,0.0102724,0.412669,5.98138,1,10118,6155,2662,0.179218
9,6232,6.52888,1.20471,0.0103879,0.416289,6.09333,1,10265,6232,2686,0.180561
9,6312,6.63864,1.20471,0.0104992,0.418875,6.20027,1,10374,6312,2707,0.181152
9,6394,6.75356,1.20471,0.010605,0.421955,6.31188,1,10464,6394,2733,0.181921
9,6443,6.86869,1.18928,0.0106635,0.479147,6.36969,1,10546,6443,2745,0.237915
9,6546,6.98194,1.18928,0.0107821,0.481714,6.48004,1,10640,6546,2764,0.238685
9,6615,7.0969,1.18928,0.0108857,0.485556,6.59095,1,10759,6615,2791,0.239743
9,6694,7.2104,1.18928,0.0109896,0.488554,6.70122,1,10842,6694,2814,0.240497
9,6768,7.32536,1.18928,0.0111051,0.491702,6.81281,1,10953,6768,2836,0.241299
9,6853,7.43902,1.18928,0.0112159,0.493956,6.92397,1,11006,6853,2855,0.241715
9,6931,7.55437,1.18928,0.0113307,0.496642,7.03641,1,11089,6931,2875,0.242379
9,7009,7.67067,1.18928,0.0114423,0.499506,7.14963,1,11169,7009,2896,0.243153
9,7103,7.78343,1.18928,0.0115562,0.501657,7.25999,1,11217,7103,2914,0.243559
9,7183,7.89886,1.18922,0.0116509,0.518391,7.35846,1,11343,7183,2933,0.258331
9,7256,8.01412,1.18922,0.0117533,0.521315,7.47058,1,11425,7256,2957,0.258963
9,7332,8.12907,1.18922,0.011848,0.524542,7.5821,1,11542,7332,2981,0.259826
9,7404,8.24365,1.18922,0.0119755,0.527648,7.69329,1,11589,7404,2999,0.260589
9,7487,8.36255,1.18922,0.0121071,0.530463,7.8091,1,11644,7487,3020,0.261263
9,7571,8.47942,1.18922,0.0122395,0.533387,7.92278,1,11707,7571,3042,0.261815
9,7656,8.59488,1.18922,0.01235,0.535702,8.03568,1,11798,7656,3060,0.262294
9,7744,8.71502,1.18922,0.0124624,0.538108,8.15317,1,11855,7744,3079,0.262866
9,7825,8.82981,1.18922,0.0125671,0.540542,8.2653,1,11942,7825,3099,0.263364
9,7907,8.94671,1.18922,0.0126753,0.543165,8.37935,1,12002,7907,3117,0.264181
9,7982,9.06734,1.18922,0.0127908,0.545538,8.49739,1,12078,7982,3135,0.264708
9,8049,9.18581,1.18922,0.0128982,0.548678,8.61251,1,12178,8049,3157,0.265506
9,8120,9.30496,1.18922,0.0130341,0.551656,8.72843,1,12240,8120,3175,0.266259
9,8184,9.41989,1.18922,0.0131392,0.55482,8.83999,1,12324,8184,3195,0.267172
9,8269,9.54015,1.18922,0.0132647,0.557084,8.95772,1,12369,8269,3211,0.267609
9,8343,9.65956,1.18922,0.0133713,0.559562,9.07443,1,12425,8343,3230,0.268182
9,8417,9.77597,1.18922,0.0134798,0.561395,9.1888,1,12477,8417,3246,0.268562
9,8495,9.89835,1.18922,0.0135872,0.563952,9.3084,1,12572,8495,3266,0.269149
