op,#iters,time,#nodes,#displacements,solution cost,path length
n,0,0,2,22,inf,0
e,1,0.00296101,3,22,inf,0
e,2,0.00580192,4,22,inf,0
e,3,0.00836412,5,22,inf,0
e,4,0.0117794,6,22,inf,0
e,5,0.0145764,7,22,inf,0
e,6,0.0174935,8,22,inf,0
e,7,0.0211932,9,22,inf,0
e,8,0.0279587,10,22,inf,0
e,9,0.0308431,11,22,inf,0
e,10,0.0336278,12,22,inf,0
e,11,0.0364802,13,22,inf,0
e,12,0.039228,14,22,inf,0
e,13,0.0401172,15,22,inf,0
e,14,0.0432449,16,22,inf,0
e,15,0.0448417,17,22,inf,0
e,16,0.0481376,18,22,inf,0
e,17,0.0538841,19,22,inf,0
e,18,0.0557176,20,22,inf,0
e,19,0.0587994,21,22,inf,0
d,19,0.0609293,21,23,inf,0
e,20,0.0638361,22,23,inf,0
e,21,0.0666027,23,23,inf,0
e,22,0.0693739,24,23,inf,0
e,23,0.0732869,25,23,inf,0
e,24,0.0760843,26,23,inf,0
e,25,0.0786554,27,23,inf,0
e,26,0.0840446,28,23,inf,0
e,27,0.086643,29,23,inf,0
e,28,0.0891948,30,23,inf,0
e,29,0.0917909,31,23,inf,0
e,30,0.0949486,32,23,inf,0
e,31,0.0975135,33,23,inf,0
e,32,0.102099,34,23,inf,0
e,33,0.104563,35,23,inf,0
e,34,0.107237,36,23,inf,0
e,35,0.109781,37,23,inf,0
e,36,0.112385,38,23,inf,0
e,37,0.11494,39,23,inf,0
e,38,0.132676,40,23,inf,0
e,39,0.135522,41,23,inf,0
d,39,0.137561,41,24,inf,0
e,40,0.141075,42,24,inf,0
e,41,0.143201,43,24,inf,0
e,42,0.145653,44,24,inf,0
e,43,0.148393,45,24,inf,0
e,44,0.163779,46,24,inf,0
e,45,0.177692,47,24,inf,0
e,46,0.177699,47,24,inf,0
e,47,0.18031,48,24,inf,0
e,48,0.18113,49,24,inf,0
e,49,0.191811,50,24,inf,0
e,50,0.195099,51,24,inf,0
e,51,0.20059,52,24,inf,0
e,52,0.203154,53,24,inf,0
e,53,0.208081,54,24,inf,0
e,54,0.210694,55,24,inf,0
e,55,0.214288,56,24,inf,0
e,56,0.218075,57,24,inf,0
e,57,0.21809,57,24,inf,0
e,58,0.218101,57,24,inf,0
e,59,0.223595,58,24,inf,0
d,59,0.225862,58,25,inf,0
e,60,0.225875,58,25,inf,0
e,61,0.225883,58,25,inf,0
e,62,0.22873,59,25,inf,0
e,63,0.228739,59,25,inf,0
e,64,0.231553,60,25,inf,0
e,65,0.231563,60,25,inf,0
e,66,0.231571,60,25,inf,0
e,67,0.231577,60,25,inf,0
e,68,0.234376,61,25,inf,0
e,69,0.234383,61,25,inf,0
e,70,0.238954,62,25,inf,0
e,71,0.244195,63,25,inf,0
e,72,0.244205,63,25,inf,0
e,73,0.244213,63,25,inf,0
e,74,0.246785,64,25,inf,0
e,75,0.246792,64,25,inf,0
e,76,0.249367,65,25,inf,0
e,77,0.252041,66,25,inf,0
e,78,0.25205,66,25,inf,0
e,79,0.254767,67,25,inf,0
d,79,0.259852,67,26,inf,0
e,80,0.265356,68,26,inf,0
e,81,0.265365,68,26,inf,0
e,82,0.267967,69,26,inf,0
e,83,0.282143,70,26,inf,0
e,84,0.287533,71,26,inf,0
e,85,0.288228,71,26,inf,0
e,86,0.301347,72,26,inf,0
e,87,0.31858,73,26,inf,0
e,88,0.318591,73,26,inf,0
e,89,0.324287,74,26,inf,0
e,90,0.324297,74,26,inf,0
e,91,0.324306,74,26,inf,0
e,92,0.336208,75,26,inf,0
e,93,0.336222,75,26,inf,0
e,94,0.336231,75,26,inf,0
e,95,0.33624,75,26,inf,0
e,96,0.336249,75,26,inf,0
e,97,0.337003,75,26,inf,0
e,98,0.340237,76,26,inf,0
e,99,0.34025,76,26,inf,0
d,99,0.344008,76,27,inf,0
e,100,0.363817,77,27,inf,0
e,101,0.366409,78,27,inf,0
e,102,0.366423,78,27,inf,0
e,103,0.387953,79,27,inf,0
e,104,0.393106,80,27,inf,0
e,105,0.393116,80,27,inf,0
e,106,0.393125,80,27,inf,0
e,107,0.393134,80,27,inf,0
e,108,0.393142,80,27,inf,0
e,109,0.393151,80,27,inf,0
e,110,0.393725,80,27,inf,0
e,111,0.412284,81,27,inf,0
e,112,0.412301,81,27,inf,0
e,113,0.413026,81,27,inf,0
e,114,0.413035,81,27,inf,0
e,115,0.413043,81,27,inf,0
e,116,0.423297,82,27,inf,0
e,117,0.423307,82,27,inf,0
e,118,0.424005,82,27,inf,0
e,119,0.4247,82,27,inf,0
d,119,0.431704,82,28,inf,0
e,120,0.432404,82,28,inf,0
e,121,0.444352,83,28,inf,0
e,122,0.447087,84,28,inf,0
e,123,0.467354,85,28,inf,0
e,124,0.468057,85,28,inf,0
e,125,0.468066,85,28,inf,0
e,126,0.47065,86,28,inf,0
e,127,0.471229,86,28,inf,0
e,128,0.471237,86,28,inf,0
e,129,0.471246,86,28,inf,0
e,130,0.471255,86,28,inf,0
e,131,0.471265,86,28,inf,0
e,132,0.47127,86,28,inf,0
e,133,0.492422,87,28,inf,0
e,134,0.498945,88,28,inf,0
e,135,0.498963,88,28,inf,0
e,136,0.501931,89,28,inf,0
e,137,0.501943,89,28,inf,0
e,138,0.501953,89,28,inf,0
e,139,0.504524,90,28,inf,0
d,139,0.505043,90,28,inf,0
e,140,0.505056,90,28,inf,0
e,141,0.533959,91,28,inf,0
e,142,0.548444,92,28,inf,0
e,143,0.548457,92,28,inf,0
e,144,0.551078,93,28,inf,0
e,145,0.551088,93,28,inf,0
e,146,0.553661,94,28,inf,0
e,147,0.561454,95,28,inf,0
e,148,0.564095,96,28,inf,0
e,149,0.564105,96,28,inf,0
e,150,0.575905,97,28,inf,0
e,151,0.575915,97,28,inf,0
e,152,0.578496,98,28,inf,0
e,153,0.578503,98,28,inf,0
e,154,0.578513,98,28,inf,0
e,155,0.578523,98,28,inf,0
e,156,0.581104,99,28,inf,0
e,157,0.581804,99,28,inf,0
e,158,0.584371,100,28,inf,0
e,159,0.58438,100,28,inf,0
d,159,0.590566,100,29,inf,0
e,160,0.590578,100,29,inf,0
e,161,0.590588,100,29,inf,0
e,162,0.591289,100,29,inf,0
e,163,0.591298,100,29,inf,0
e,164,0.591306,100,29,inf,0
e,165,0.591316,100,29,inf,0
e,166,0.5939,101,29,inf,0
e,167,0.620681,102,29,inf,0
e,168,0.620693,102,29,inf,0
e,169,0.623494,103,29,inf,0
e,170,0.626295,104,29,inf,0
e,171,0.661493,105,29,inf,0
e,172,0.662194,105,29,inf,0
e,173,0.664864,106,29,inf,0
e,174,0.664875,106,29,inf,0
e,175,0.664884,106,29,inf,0
e,176,0.66546,106,29,inf,0
e,177,0.666038,106,29,inf,0
e,178,0.668618,107,29,inf,0
e,179,0.668628,107,29,inf,0
d,179,0.673734,107,30,inf,0
e,180,0.673746,107,30,inf,0
e,181,0.673757,107,30,inf,0
e,182,0.673766,107,30,inf,0
e,183,0.683502,108,30,inf,0
e,184,0.683515,108,30,inf,0
e,185,0.684214,108,30,inf,0
e,186,0.684913,108,30,inf,0
e,187,0.703587,109,30,inf,0
e,188,0.7036,109,30,inf,0
e,189,0.720814,110,30,inf,0
e,190,0.73659,111,30,inf,0
e,191,0.736605,111,30,inf,0
e,192,0.736616,111,30,inf,0
e,193,0.739437,112,30,inf,0
e,194,0.764572,113,30,inf,0
e,195,0.779584,114,30,inf,0
e,196,0.779599,114,30,inf,0
e,197,0.779609,114,30,inf,0
e,198,0.796511,115,30,inf,0
e,199,0.796525,115,30,inf,0
d,199,0.802661,115,31,inf,0
e,200,0.843368,116,31,inf,0
e,201,0.846966,117,31,inf,0
e,202,0.846975,117,31,inf,0
e,203,0.872718,118,31,inf,0
e,204,0.872733,118,31,inf,0
e,205,0.872744,118,31,inf,0
e,206,0.875389,119,31,inf,0
e,207,0.889797,120,31,inf,0
e,208,0.892575,121,31,inf,0
e,209,0.892587,121,31,inf,0
e,210,0.892595,121,31,inf,0
e,211,0.892606,121,31,inf,0
e,212,0.895249,122,31,inf,0
e,213,0.8981,123,31,inf,0
e,214,0.899684,124,31,inf,0
e,215,0.899696,124,31,inf,0
e,216,0.899708,124,31,inf,0
e,217,0.900337,124,31,inf,0
e,218,0.903151,125,31,inf,0
e,219,0.906074,126,31,inf,0
d,219,0.919355,126,32,inf,0
e,220,0.921954,127,32,inf,0
e,221,0.948512,128,32,inf,0
e,222,0.949262,128,32,inf,0
e,223,0.949274,128,32,inf,0
e,224,0.952016,129,32,inf,0
e,225,0.973952,130,32,inf,0
e,226,0.976722,131,32,inf,0
e,227,0.976734,131,32,inf,0
e,228,0.976745,131,32,inf,0
e,229,0.979391,132,32,inf,0
e,230,1.01464,133,32,inf,0
e,231,1.01983,134,32,inf,0
e,232,1.05927,135,32,inf,0
e,233,1.1006,136,32,inf,0
e,234,1.11043,137,32,inf,0
e,235,1.11305,138,32,inf,0
e,236,1.11582,139,32,inf,0
e,237,1.11861,140,32,inf,0
e,238,1.12131,141,32,inf,0
e,239,1.15653,142,32,inf,0
d,239,1.16846,142,33,inf,0
e,240,1.17115,143,33,inf,0
e,241,1.17173,143,33,inf,0
e,242,1.17247,143,33,inf,0
e,243,1.17521,144,33,inf,0
e,244,1.17816,145,33,inf,0
e,245,1.18097,146,33,inf,0
e,246,1.18374,147,33,inf,0
e,247,1.18789,148,33,inf,0
e,248,1.19408,149,33,inf,0
e,249,1.19693,150,33,inf,0
e,250,1.19695,150,33,inf,0
e,251,1.19978,151,33,inf,0
e,252,1.20428,152,33,inf,0
e,253,1.20713,153,33,inf,0
e,254,1.21,154,33,inf,0
e,255,1.21295,155,33,inf,0
e,256,1.22089,156,33,inf,0
e,257,1.2333,157,33,inf,0
e,258,1.23609,158,33,inf,0
e,259,1.2361,158,33,inf,0
d,259,1.24608,158,34,inf,0
e,260,1.24672,158,34,inf,0
e,261,1.24673,158,34,inf,0
e,262,1.24749,158,34,inf,0
e,263,1.25036,159,34,inf,0
e,264,1.25037,159,34,inf,0
e,265,1.25764,160,34,inf,0
e,266,1.25766,160,34,inf,0
e,267,1.28594,161,34,inf,0
e,268,1.28595,161,34,inf,0
e,269,1.3462,162,34,inf,0
e,270,1.35232,163,34,inf,0
e,271,1.355,164,34,inf,0
e,272,1.36246,165,34,inf,0
e,273,1.36509,166,34,inf,0
e,274,1.37848,167,34,inf,0
e,275,1.42798,168,34,inf,0
e,276,1.428,168,34,inf,0
e,277,1.46867,169,34,inf,0
e,278,1.48117,170,34,inf,0
e,279,1.48262,171,34,inf,0
d,279,1.48833,171,35,inf,0
e,280,1.52361,172,35,inf,0
e,281,1.55283,173,35,inf,0
e,282,1.55761,174,35,inf,0
e,283,1.59285,175,35,inf,0
e,284,1.5972,176,35,inf,0
e,285,1.60551,177,35,inf,0
e,286,1.62294,178,35,inf,0
e,287,1.62557,179,35,inf,0
e,288,1.62828,180,35,inf,0
e,289,1.66991,181,35,inf,0
e,290,1.67269,182,35,inf,0
e,291,1.67538,183,35,inf,0
e,292,1.71537,184,35,inf,0
e,293,1.71834,185,35,inf,0
e,294,1.71836,185,35,inf,0
e,295,1.71837,185,35,inf,0
e,296,1.7503,186,35,inf,0
e,297,1.75297,187,35,inf,0
e,298,1.79139,188,35,inf,0
e,299,1.79515,189,35,inf,0
d,299,1.80418,189,36,inf,0
e,300,1.81318,190,36,inf,0
e,301,1.81402,190,36,inf,0
e,302,1.83473,191,36,inf,0
e,303,1.87766,192,36,inf,0
e,304,1.89137,193,36,inf,0
e,305,1.89846,194,36,inf,0
e,306,1.90143,195,36,inf,0
e,307,1.9043,196,36,inf,0
e,308,1.92458,197,36,inf,0
e,309,1.94291,198,36,inf,0
e,310,1.9553,199,36,inf,0
e,311,1.96999,200,36,inf,0
e,312,1.97849,201,36,inf,0
e,313,2.02351,202,36,inf,0
e,314,2.03328,203,36,inf,0
e,315,2.03597,204,36,inf,0
e,316,2.04655,205,36,inf,0
e,317,2.05084,206,36,inf,0
e,318,2.05086,206,36,inf,0
e,319,2.0632,207,36,inf,0
d,319,2.08498,207,37,inf,0
e,320,2.09206,208,37,inf,0
e,321,2.10476,209,37,inf,0
e,322,2.10478,209,37,inf,0
e,323,2.14724,210,37,inf,0
e,324,2.14726,210,37,inf,0
e,325,2.15367,211,37,inf,0
e,326,2.15467,211,37,inf,0
e,327,2.16718,212,37,inf,0
e,328,2.1679,212,37,inf,0
e,329,2.1921,213,37,inf,0
e,330,2.19212,213,37,inf,0
e,331,2.19481,214,37,inf,0
e,332,2.2229,215,37,inf,0
e,333,2.22291,215,37,inf,0
e,334,2.2416,216,37,inf,0
e,335,2.25801,217,37,inf,0
e,336,2.2747,218,37,inf,0
e,337,2.28847,219,37,inf,0
e,338,2.31392,220,37,inf,0
e,339,2.33198,221,37,inf,0
d,339,2.34916,221,38,1.28165,0.987023
e,340,2.34918,221,38,1.28165,0.987023
o,340,2.78528,222,41,0.681608,0.918515
e,341,2.78531,222,41,0.681608,0.918515
e,342,2.83054,223,41,0.681608,0.918515
e,343,2.84106,224,41,0.681608,0.918515
e,344,2.84109,224,41,0.681608,0.918515
e,345,2.8411,224,41,0.681608,0.918515
e,346,2.89033,225,41,0.681608,0.918515
e,347,2.94125,226,41,0.681608,0.918515
e,348,2.94651,227,41,0.681608,0.918515
e,349,2.9561,228,41,0.681608,0.918515
e,350,2.95613,228,41,0.681608,0.918515
e,351,2.97995,229,41,0.681608,0.918515
e,352,2.97997,229,41,0.681608,0.918515
e,353,2.98959,230,41,0.681608,0.918515
e,354,2.99235,231,41,0.681608,0.918515
e,355,3.00379,232,41,0.681608,0.918515
e,356,3.00381,232,41,0.681608,0.918515
e,357,3.05827,233,41,0.681608,0.918515
e,358,3.07632,234,41,0.681608,0.918515
e,359,3.0909,235,41,0.681608,0.918515
d,359,3.10146,235,42,0.681608,0.918515
e,360,3.12532,236,42,0.681608,0.918515
e,361,3.13732,237,42,0.681608,0.918515
e,362,3.19103,238,42,0.681608,0.918515
e,363,3.20767,239,42,0.681608,0.918515
e,364,3.21577,240,42,0.681608,0.918515
e,365,3.23681,241,42,0.681608,0.918515
e,366,3.23687,241,42,0.681608,0.918515
e,367,3.24269,242,42,0.681608,0.918515
e,368,3.24585,243,42,0.681608,0.918515
e,369,3.24884,244,42,0.681608,0.918515
e,370,3.26248,245,42,0.681608,0.918515
e,371,3.2625,245,42,0.681608,0.918515
e,372,3.26884,246,42,0.681608,0.918515
e,373,3.29858,247,42,0.681608,0.918515
e,374,3.29861,247,42,0.681608,0.918515
e,375,3.30167,248,42,0.681608,0.918515
e,376,3.32342,249,42,0.681608,0.918515
e,377,3.35853,250,42,0.681608,0.918515
e,378,3.37897,251,42,0.681608,0.918515
e,379,3.3868,252,42,0.681608,0.918515
d,379,3.40391,252,43,0.681608,0.918515
e,380,3.40393,252,43,0.681608,0.918515
e,381,3.40395,252,43,0.681608,0.918515
e,382,3.42235,253,43,0.681608,0.918515
e,383,3.4397,254,43,0.681608,0.918515
e,384,3.4414,255,43,0.681608,0.918515
e,385,3.4609,256,43,0.681608,0.918515
e,386,3.46254,257,43,0.681608,0.918515
e,387,3.47086,258,43,0.681608,0.918515
e,388,3.47288,259,43,0.681608,0.918515
e,389,3.52237,260,43,0.681608,0.918515
e,390,3.54632,261,43,0.681608,0.918515
e,391,3.55743,262,43,0.681608,0.918515
e,392,3.55746,262,43,0.681608,0.918515
e,393,3.56348,263,43,0.681608,0.918515
e,394,3.5664,264,43,0.681608,0.918515
e,395,3.56643,264,43,0.681608,0.918515
e,396,3.56725,264,43,0.681608,0.918515
e,397,3.5755,265,43,0.681608,0.918515
e,398,3.58144,266,43,0.681608,0.918515
e,399,3.63511,267,43,0.681608,0.918515
d,399,3.64531,267,44,0.677557,0.87801
e,400,3.6625,268,44,0.677557,0.87801
o,400,4.03545,268,46,0.627382,0.877729
e,401,4.03641,268,46,0.627382,0.877729
e,402,4.05832,269,46,0.627382,0.877729
e,403,4.07375,270,46,0.627382,0.877729
e,404,4.07655,271,46,0.627382,0.877729
e,405,4.07936,272,46,0.627382,0.877729
e,406,4.10643,273,46,0.627382,0.877729
e,407,4.10645,273,46,0.627382,0.877729
e,408,4.13791,274,46,0.627382,0.877729
e,409,4.16042,275,46,0.627382,0.877729
e,410,4.2172,276,46,0.627382,0.877729
e,411,4.23045,277,46,0.627382,0.877729
e,412,4.2508,278,46,0.627382,0.877729
e,413,4.26035,279,46,0.627382,0.877729
e,414,4.26037,279,46,0.627382,0.877729
e,415,4.29769,280,46,0.627382,0.877729
e,416,4.29772,280,46,0.627382,0.877729
e,417,4.32843,281,46,0.627382,0.877729
e,418,4.35201,282,46,0.627382,0.877729
e,419,4.38933,283,46,0.627382,0.877729
d,419,4.4003,283,47,0.627382,0.877729
e,420,4.42528,284,47,0.627382,0.877729
e,421,4.42617,284,47,0.627382,0.877729
e,422,4.44039,285,47,0.627382,0.877729
e,423,4.44804,286,47,0.627382,0.877729
e,424,4.44806,286,47,0.627382,0.877729
e,425,4.44808,286,47,0.627382,0.877729
e,426,4.4481,286,47,0.627382,0.877729
e,427,4.47358,287,47,0.627382,0.877729
e,428,4.48106,288,47,0.627382,0.877729
e,429,4.48182,288,47,0.627382,0.877729
e,430,4.48285,288,47,0.627382,0.877729
e,431,4.51958,289,47,0.627382,0.877729
e,432,4.52698,290,47,0.627382,0.877729
e,433,4.52818,290,47,0.627382,0.877729
e,434,4.55057,291,47,0.627382,0.877729
e,435,4.55059,291,47,0.627382,0.877729
e,436,4.56379,292,47,0.627382,0.877729
e,437,4.58541,293,47,0.627382,0.877729
e,438,4.58544,293,47,0.627382,0.877729
e,439,4.59356,294,47,0.627382,0.877729
d,439,4.60524,294,48,0.627382,0.877729
e,440,4.64319,295,48,0.627382,0.877729
e,441,4.65234,296,48,0.627382,0.877729
e,442,4.65511,297,48,0.627382,0.877729
e,443,4.68689,298,48,0.627382,0.877729
e,444,4.74514,299,48,0.627382,0.877729
e,445,4.75663,300,48,0.627382,0.877729
e,446,4.77957,301,48,0.627382,0.877729
e,447,4.79103,302,48,0.627382,0.877729
e,448,4.79111,302,48,0.627382,0.877729
e,449,4.79398,303,48,0.627382,0.877729
e,450,4.79406,303,48,0.627382,0.877729
e,451,4.79713,304,48,0.627382,0.877729
e,452,4.85535,305,48,0.627382,0.877729
e,453,4.85871,306,48,0.627382,0.877729
e,454,4.85873,306,48,0.627382,0.877729
e,455,4.87767,307,48,0.627382,0.877729
e,456,4.88799,308,48,0.627382,0.877729
e,457,4.94227,309,48,0.627382,0.877729
e,458,4.94324,309,48,0.627382,0.877729
e,459,5.00505,310,48,0.627382,0.877729
d,459,5.02005,310,49,0.627382,0.877729
e,460,5.07306,311,49,0.627382,0.877729
e,461,5.07311,311,49,0.627382,0.877729
e,462,5.07414,311,49,0.627382,0.877729
e,463,5.10112,312,49,0.627382,0.877729
e,464,5.10114,312,49,0.627382,0.877729
e,465,5.119,313,49,0.627382,0.877729
e,466,5.12204,314,49,0.627382,0.877729
e,467,5.15751,315,49,0.627382,0.877729
e,468,5.15754,315,49,0.627382,0.877729
e,469,5.15756,315,49,0.627382,0.877729
e,470,5.15758,315,49,0.627382,0.877729
e,471,5.18056,316,49,0.627382,0.877729
e,472,5.18061,316,49,0.627382,0.877729
e,473,5.24885,317,49,0.627382,0.877729
e,474,5.24892,317,49,0.627382,0.877729
e,475,5.27101,318,49,0.627382,0.877729
e,476,5.32121,319,49,0.627382,0.877729
e,477,5.32124,319,49,0.627382,0.877729
e,478,5.33039,320,49,0.627382,0.877729
e,479,5.35986,321,49,0.627382,0.877729
d,479,5.37438,321,50,0.627382,0.877729
e,480,5.37443,321,50,0.627382,0.877729
e,481,5.38209,322,50,0.627382,0.877729
e,482,5.38212,322,50,0.627382,0.877729
e,483,5.39658,323,50,0.627382,0.877729
e,484,5.44171,324,50,0.627382,0.877729
e,485,5.48208,325,50,0.627382,0.877729
e,486,5.48211,325,50,0.627382,0.877729
e,487,5.48212,325,50,0.627382,0.877729
e,488,5.50003,326,50,0.627382,0.877729
e,489,5.51353,327,50,0.627382,0.877729
e,490,5.53482,328,50,0.627382,0.877729
e,491,5.53487,328,50,0.627382,0.877729
e,492,5.53489,328,50,0.627382,0.877729
e,493,5.53583,328,50,0.627382,0.877729
e,494,5.53861,329,50,0.627382,0.877729
e,495,5.53944,329,50,0.627382,0.877729
e,496,5.54221,330,50,0.627382,0.877729
e,497,5.54315,330,50,0.627382,0.877729
e,498,5.54317,330,50,0.627382,0.877729
e,499,5.54319,330,50,0.627382,0.877729
d,499,5.56429,330,51,0.627382,0.877729
e,500,5.56653,331,51,0.627382,0.877729
e,501,5.59165,332,51,0.627382,0.877729
e,502,5.59255,332,51,0.627382,0.877729
e,503,5.60048,333,51,0.627382,0.877729
e,504,5.60051,333,51,0.627382,0.877729
e,505,5.62477,334,51,0.627382,0.877729
e,506,5.6248,334,51,0.627382,0.877729
e,507,5.65239,335,51,0.627382,0.877729
e,508,5.65242,335,51,0.627382,0.877729
e,509,5.65669,336,51,0.627382,0.877729
e,510,5.68765,337,51,0.627382,0.877729
e,511,5.70725,338,51,0.627382,0.877729
e,512,5.71832,339,51,0.627382,0.877729
e,513,5.72114,340,51,0.627382,0.877729
e,514,5.75957,341,51,0.627382,0.877729
e,515,5.81303,342,51,0.627382,0.877729
e,516,5.84198,343,51,0.627382,0.877729
e,517,5.86523,344,51,0.627382,0.877729
e,518,5.8661,344,51,0.627382,0.877729
e,519,5.90593,345,51,0.627382,0.877729
d,519,5.9207,345,52,0.627382,0.877729
e,520,5.9218,345,52,0.627382,0.877729
e,521,5.92182,345,52,0.627382,0.877729
e,522,5.95952,346,52,0.627382,0.877729
e,523,5.98877,347,52,0.627382,0.877729
e,524,5.99184,348,52,0.627382,0.877729
e,525,6.05619,349,52,0.627382,0.877729
e,526,6.0571,349,52,0.627382,0.877729
e,527,6.05783,349,52,0.627382,0.877729
e,528,6.07762,350,52,0.627382,0.877729
e,529,6.12662,351,52,0.627382,0.877729
e,530,6.14815,352,52,0.627382,0.877729
e,531,6.17127,353,52,0.627382,0.877729
e,532,6.21123,354,52,0.627382,0.877729
e,533,6.21417,355,52,0.627382,0.877729
e,534,6.23701,356,52,0.627382,0.877729
e,535,6.23707,356,52,0.627382,0.877729
e,536,6.24144,357,52,0.627382,0.877729
e,537,6.24146,357,52,0.627382,0.877729
e,538,6.27461,358,52,0.627382,0.877729
e,539,6.32478,359,52,0.627382,0.877729
d,539,6.34898,359,53,0.627382,0.877729
e,540,6.41158,360,53,0.627382,0.877729
e,541,6.41462,361,53,0.627382,0.877729
e,542,6.43903,362,53,0.627382,0.877729
e,543,6.49544,363,53,0.627382,0.877729
e,544,6.52307,364,53,0.627382,0.877729
e,545,6.56856,365,53,0.627382,0.877729
e,546,6.60768,366,53,0.627382,0.877729
e,547,6.66055,367,53,0.627382,0.877729
e,548,6.66066,367,53,0.627382,0.877729
e,549,6.68056,368,53,0.627382,0.877729
e,550,6.73257,369,53,0.627382,0.877729
e,551,6.73952,370,53,0.627382,0.877729
e,552,6.76774,371,53,0.627382,0.877729
e,553,6.79621,372,53,0.627382,0.877729
e,554,6.86519,373,53,0.627382,0.877729
e,555,6.91677,374,53,0.627382,0.877729
e,556,6.97276,375,53,0.627382,0.877729
e,557,6.9728,375,53,0.627382,0.877729
e,558,6.97282,375,53,0.627382,0.877729
e,559,6.99597,376,53,0.627382,0.877729
d,559,7.03563,376,54,0.627382,0.877729
e,560,7.03883,377,54,0.627382,0.877729
e,561,7.05651,378,54,0.627382,0.877729
e,562,7.10588,379,54,0.627382,0.877729
e,563,7.10885,380,54,0.627382,0.877729
e,564,7.13208,381,54,0.627382,0.877729
e,565,7.14067,382,54,0.627382,0.877729
e,566,7.1563,383,54,0.627382,0.877729
e,567,7.17781,384,54,0.627382,0.877729
e,568,7.17789,384,54,0.627382,0.877729
e,569,7.17791,384,54,0.627382,0.877729
e,570,7.19728,385,54,0.627382,0.877729
e,571,7.19732,385,54,0.627382,0.877729
e,572,7.23168,386,54,0.627382,0.877729
e,573,7.23491,387,54,0.627382,0.877729
e,574,7.26611,388,54,0.627382,0.877729
e,575,7.26614,388,54,0.627382,0.877729
e,576,7.26616,388,54,0.627382,0.877729
e,577,7.30529,389,54,0.627382,0.877729
e,578,7.30532,389,54,0.627382,0.877729
e,579,7.30609,389,54,0.627382,0.877729
d,579,7.32519,389,55,0.627382,0.877729
e,580,7.32595,389,55,0.627382,0.877729
e,581,7.32884,390,55,0.627382,0.877729
e,582,7.33004,390,55,0.627382,0.877729
e,583,7.33006,390,55,0.627382,0.877729
e,584,7.33443,391,55,0.627382,0.877729
e,585,7.37365,392,55,0.627382,0.877729
e,586,7.37368,392,55,0.627382,0.877729
e,587,7.3877,393,55,0.627382,0.877729
e,588,7.43569,394,55,0.627382,0.877729
e,589,7.4568,395,55,0.627382,0.877729
e,590,7.45684,395,55,0.627382,0.877729
e,591,7.45803,395,55,0.627382,0.877729
e,592,7.48687,396,55,0.627382,0.877729
e,593,7.54751,397,55,0.627382,0.877729
e,594,7.55081,398,55,0.627382,0.877729
e,595,7.55348,399,55,0.627382,0.877729
e,596,7.58932,400,55,0.627382,0.877729
e,597,7.62614,401,55,0.627382,0.877729
e,598,7.62687,401,55,0.627382,0.877729
e,599,7.63292,402,55,0.627382,0.877729
d,599,7.63329,402,55,0.627382,0.877729
e,600,7.63591,403,55,0.627382,0.877729
e,601,7.6369,403,55,0.627382,0.877729
e,602,7.67692,404,55,0.627382,0.877729
e,603,7.67704,404,55,0.627382,0.877729
e,604,7.68778,405,55,0.627382,0.877729
e,605,7.70124,406,55,0.627382,0.877729
e,606,7.70128,406,55,0.627382,0.877729
e,607,7.74492,407,55,0.627382,0.877729
e,608,7.745,407,55,0.627382,0.877729
e,609,7.74502,407,55,0.627382,0.877729
e,610,7.74503,407,55,0.627382,0.877729
e,611,7.76231,408,55,0.627382,0.877729
e,612,7.80669,409,55,0.627382,0.877729
e,613,7.80674,409,55,0.627382,0.877729
e,614,7.85214,410,55,0.627382,0.877729
e,615,7.85506,411,55,0.627382,0.877729
e,616,7.8551,411,55,0.627382,0.877729
e,617,7.85512,411,55,0.627382,0.877729
e,618,7.86405,412,55,0.627382,0.877729
e,619,7.90435,413,55,0.627382,0.877729
d,619,7.92649,413,56,0.627382,0.877729
e,620,7.93796,414,56,0.627382,0.877729
e,621,7.95063,415,56,0.627382,0.877729
e,622,7.95068,415,56,0.627382,0.877729
e,623,7.9507,415,56,0.627382,0.877729
e,624,8.00566,416,56,0.627382,0.877729
e,625,8.00569,416,56,0.627382,0.877729
e,626,8.025,417,56,0.627382,0.877729
e,627,8.02781,418,56,0.627382,0.877729
e,628,8.07922,419,56,0.627382,0.877729
e,629,8.0819,420,56,0.627382,0.877729
e,630,8.08192,420,56,0.627382,0.877729
e,631,8.08194,420,56,0.627382,0.877729
e,632,8.08196,420,56,0.627382,0.877729
e,633,8.09547,421,56,0.627382,0.877729
e,634,8.11264,422,56,0.627382,0.877729
e,635,8.1127,422,56,0.627382,0.877729
e,636,8.13232,423,56,0.627382,0.877729
e,637,8.1944,424,56,0.627382,0.877729
e,638,8.19452,424,56,0.627382,0.877729
e,639,8.20896,425,56,0.627382,0.877729
d,639,8.2314,425,57,0.627382,0.877729
e,640,8.23424,426,57,0.627382,0.877729
e,641,8.23426,426,57,0.627382,0.877729
e,642,8.23429,426,57,0.627382,0.877729
e,643,8.26734,427,57,0.627382,0.877729
e,644,8.33476,428,57,0.627382,0.877729
e,645,8.3348,428,57,0.627382,0.877729
e,646,8.35099,429,57,0.627382,0.877729
e,647,8.3786,430,57,0.627382,0.877729
e,648,8.4098,431,57,0.627382,0.877729
e,649,8.41565,432,57,0.627382,0.877729
e,650,8.41851,433,57,0.627382,0.877729
e,651,8.41922,433,57,0.627382,0.877729
e,652,8.47009,434,57,0.627382,0.877729
e,653,8.47021,434,57,0.627382,0.877729
e,654,8.51647,435,57,0.627382,0.877729
e,655,8.57624,436,57,0.627382,0.877729
e,656,8.60803,437,57,0.627382,0.877729
e,657,8.60903,437,57,0.627382,0.877729
e,658,8.63212,438,57,0.627382,0.877729
e,659,8.63225,438,57,0.627382,0.877729
d,659,8.66216,438,58,0.627382,0.877729
e,660,8.70627,439,58,0.627382,0.877729
e,661,8.73548,440,58,0.627382,0.877729
e,662,8.74746,441,58,0.627382,0.877729
e,663,8.77591,442,58,0.627382,0.877729
e,664,8.7817,443,58,0.627382,0.877729
e,665,8.83505,444,58,0.627382,0.877729
e,666,8.87929,445,58,0.627382,0.877729
e,667,8.87937,445,58,0.627382,0.877729
e,668,8.8876,446,58,0.627382,0.877729
e,669,8.92261,447,58,0.627382,0.877729
e,670,8.92578,448,58,0.627382,0.877729
e,671,8.96102,449,58,0.627382,0.877729
e,672,8.96112,449,58,0.627382,0.877729
e,673,8.96114,449,58,0.627382,0.877729
e,674,9.00488,450,58,0.627382,0.877729
e,675,9.04453,451,58,0.627382,0.877729
e,676,9.04554,451,58,0.627382,0.877729
e,677,9.04557,451,58,0.627382,0.877729
e,678,9.04559,451,58,0.627382,0.877729
e,679,9.04562,451,58,0.627382,0.877729
d,679,9.07048,451,59,0.627382,0.877729
e,680,9.07055,451,59,0.627382,0.877729
e,681,9.07057,451,59,0.627382,0.877729
e,682,9.11516,452,59,0.627382,0.877729
e,683,9.1153,452,59,0.627382,0.877729
e,684,9.15931,453,59,0.627382,0.877729
e,685,9.15941,453,59,0.627382,0.877729
e,686,9.16201,454,59,0.627382,0.877729
e,687,9.21146,455,59,0.627382,0.877729
e,688,9.26396,456,59,0.627382,0.877729
e,689,9.30557,457,59,0.627382,0.877729
e,690,9.32537,458,59,0.627382,0.877729
e,691,9.32541,458,59,0.627382,0.877729
e,692,9.35065,459,59,0.627382,0.877729
e,693,9.36339,460,59,0.627382,0.877729
e,694,9.39247,461,59,0.627382,0.877729
e,695,9.40934,462,59,0.627382,0.877729
e,696,9.45511,463,59,0.627382,0.877729
e,697,9.51627,464,59,0.627382,0.877729
e,698,9.51633,464,59,0.627382,0.877729
e,699,9.51635,464,59,0.627382,0.877729
d,699,9.5468,464,60,0.627382,0.877729
e,700,9.5469,464,60,0.627382,0.877729
e,701,9.56485,465,60,0.627382,0.877729
e,702,9.56493,465,60,0.627382,0.877729
e,703,9.56787,466,60,0.627382,0.877729
e,704,9.62293,467,60,0.627382,0.877729
e,705,9.68454,468,60,0.627382,0.877729
e,706,9.68459,468,60,0.627382,0.877729
e,707,9.71755,469,60,0.627382,0.877729
e,708,9.75759,470,60,0.627382,0.877729
e,709,9.7709,471,60,0.627382,0.877729
e,710,9.77093,471,60,0.627382,0.877729
e,711,9.81594,472,60,0.627382,0.877729
e,712,9.86626,473,60,0.627382,0.877729
e,713,9.86965,474,60,0.627382,0.877729
e,714,9.89867,475,60,0.627382,0.877729
e,715,9.89873,475,60,0.627382,0.877729
e,716,9.93802,476,60,0.627382,0.877729
e,717,9.93817,476,60,0.627382,0.877729
e,718,10.0126,477,60,0.627382,0.877729
e,719,10.0483,478,60,0.627382,0.877729
d,719,10.0897,478,61,0.627352,0.877431
e,720,10.1003,479,61,0.627352,0.877431
o,720,10.5372,479,62,0.627004,0.877729
e,721,10.5698,480,62,0.627004,0.877729
e,722,10.5699,480,62,0.627004,0.877729
e,723,10.6093,481,62,0.627004,0.877729
e,724,10.6802,482,62,0.627004,0.877729
e,725,10.6804,482,62,0.627004,0.877729
e,726,10.6833,483,62,0.627004,0.877729
e,727,10.7029,484,62,0.627004,0.877729
e,728,10.7392,485,62,0.627004,0.877729
e,729,10.7848,486,62,0.627004,0.877729
e,730,10.8394,487,62,0.627004,0.877729
e,731,10.8639,488,62,0.627004,0.877729
e,732,10.864,488,62,0.627004,0.877729
e,733,10.8801,489,62,0.627004,0.877729
e,734,10.9305,490,62,0.627004,0.877729
e,735,10.9605,491,62,0.627004,0.877729
e,736,10.9893,492,62,0.627004,0.877729
e,737,11.0438,493,62,0.627004,0.877729
e,738,11.0767,494,62,0.627004,0.877729
e,739,11.1181,495,62,0.627004,0.877729
d,739,11.1512,495,63,0.627004,0.877729
e,740,11.1542,496,63,0.627004,0.877729
e,741,11.2055,497,63,0.627004,0.877729
e,742,11.2202,498,63,0.627004,0.877729
e,743,11.2757,499,63,0.627004,0.877729
e,744,11.2868,500,63,0.627004,0.877729
e,745,11.2876,500,63,0.627004,0.877729
e,746,11.3223,501,63,0.627004,0.877729
e,747,11.3224,501,63,0.627004,0.877729
e,748,11.3224,501,63,0.627004,0.877729
e,749,11.3839,502,63,0.627004,0.877729
e,750,11.3841,502,63,0.627004,0.877729
e,751,11.3841,502,63,0.627004,0.877729
e,752,11.3841,502,63,0.627004,0.877729
e,753,11.4159,503,63,0.627004,0.877729
e,754,11.4217,504,63,0.627004,0.877729
e,755,11.4245,505,63,0.627004,0.877729
e,756,11.4245,505,63,0.627004,0.877729
e,757,11.4616,506,63,0.627004,0.877729
e,758,11.4907,507,63,0.627004,0.877729
e,759,11.5257,508,63,0.627004,0.877729
d,759,11.5692,508,64,0.627004,0.877729
e,760,11.5923,509,64,0.627004,0.877729
e,761,11.621,510,64,0.627004,0.877729
e,762,11.679,511,64,0.627004,0.877729
e,763,11.6792,511,64,0.627004,0.877729
e,764,11.7206,512,64,0.627004,0.877729
e,765,11.727,513,64,0.627004,0.877729
e,766,11.783,514,64,0.627004,0.877729
e,767,11.7831,514,64,0.627004,0.877729
e,768,11.7832,514,64,0.627004,0.877729
e,769,11.7841,514,64,0.627004,0.877729
e,770,11.7848,514,64,0.627004,0.877729
e,771,11.8027,515,64,0.627004,0.877729
e,772,11.8583,516,64,0.627004,0.877729
e,773,11.8735,517,64,0.627004,0.877729
e,774,11.9261,518,64,0.627004,0.877729
e,775,11.984,519,64,0.627004,0.877729
e,776,12.0091,520,64,0.627004,0.877729
e,777,12.0479,521,64,0.627004,0.877729
e,778,12.0938,522,64,0.627004,0.877729
e,779,12.1079,523,64,0.627004,0.877729
d,779,12.1416,523,65,0.627004,0.877729
e,780,12.18,524,65,0.627004,0.877729
e,781,12.2348,525,65,0.627004,0.877729
e,782,12.2763,526,65,0.627004,0.877729
e,783,12.3218,527,65,0.627004,0.877729
e,784,12.3469,528,65,0.627004,0.877729
e,785,12.3607,529,65,0.627004,0.877729
e,786,12.3607,529,65,0.627004,0.877729
e,787,12.3608,529,65,0.627004,0.877729
e,788,12.3608,529,65,0.627004,0.877729
e,789,12.3874,530,65,0.627004,0.877729
e,790,12.4202,531,65,0.627004,0.877729
e,791,12.4708,532,65,0.627004,0.877729
e,792,12.5207,533,65,0.627004,0.877729
e,793,12.5572,534,65,0.627004,0.877729
e,794,12.5574,534,65,0.627004,0.877729
e,795,12.5574,534,65,0.627004,0.877729
e,796,12.6125,535,65,0.627004,0.877729
e,797,12.6134,535,65,0.627004,0.877729
e,798,12.6167,536,65,0.627004,0.877729
e,799,12.6198,537,65,0.627004,0.877729
d,799,12.6683,537,66,0.627004,0.877729
e,800,12.7104,538,66,0.627004,0.877729
e,801,12.7487,539,66,0.627004,0.877729
e,802,12.7488,539,66,0.627004,0.877729
e,803,12.7515,540,66,0.627004,0.877729
e,804,12.7952,541,66,0.627004,0.877729
e,805,12.8093,542,66,0.627004,0.877729
e,806,12.812,543,66,0.627004,0.877729
e,807,12.8121,543,66,0.627004,0.877729
e,808,12.8735,544,66,0.627004,0.877729
e,809,12.9134,545,66,0.627004,0.877729
e,810,12.9134,545,66,0.627004,0.877729
e,811,12.9387,546,66,0.627004,0.877729
e,812,12.9916,547,66,0.627004,0.877729
e,813,13.044,548,66,0.627004,0.877729
e,814,13.0969,549,66,0.627004,0.877729
e,815,13.1206,550,66,0.627004,0.877729
e,816,13.1206,550,66,0.627004,0.877729
e,817,13.1206,550,66,0.627004,0.877729
e,818,13.186,551,66,0.627004,0.877729
e,819,13.2041,552,66,0.627004,0.877729
d,819,13.2426,552,67,0.627004,0.877729
e,820,13.2773,553,67,0.627004,0.877729
e,821,13.3342,554,67,0.627004,0.877729
e,822,13.3598,555,67,0.627004,0.877729
e,823,13.3599,555,67,0.627004,0.877729
e,824,13.3599,555,67,0.627004,0.877729
e,825,13.36,555,67,0.627004,0.877729
e,826,13.3901,556,67,0.627004,0.877729
e,827,13.4436,557,67,0.627004,0.877729
e,828,13.5029,558,67,0.627004,0.877729
e,829,13.5657,559,67,0.627004,0.877729
e,830,13.5658,559,67,0.627004,0.877729
e,831,13.5658,559,67,0.627004,0.877729
e,832,13.5896,560,67,0.627004,0.877729
e,833,13.6357,561,67,0.627004,0.877729
e,834,13.679,562,67,0.627004,0.877729
e,835,13.6935,563,67,0.627004,0.877729
e,836,13.7381,564,67,0.627004,0.877729
e,837,13.7611,565,67,0.627004,0.877729
e,838,13.8352,566,67,0.627004,0.877729
e,839,13.8889,567,67,0.627004,0.877729
d,839,13.9295,567,68,0.627004,0.877729
e,840,13.9296,567,68,0.627004,0.877729
e,841,13.9328,568,68,0.627004,0.877729
e,842,13.9873,569,68,0.627004,0.877729
e,843,14.0454,570,68,0.627004,0.877729
e,844,14.0485,571,68,0.627004,0.877729
e,845,14.0807,572,68,0.627004,0.877729
e,846,14.0808,572,68,0.627004,0.877729
e,847,14.0808,572,68,0.627004,0.877729
e,848,14.1155,573,68,0.627004,0.877729
e,849,14.1617,574,68,0.627004,0.877729
e,850,14.1618,574,68,0.627004,0.877729
e,851,14.1781,575,68,0.627004,0.877729
e,852,14.2277,576,68,0.627004,0.877729
e,853,14.2651,577,68,0.627004,0.877729
e,854,14.2936,578,68,0.627004,0.877729
e,855,14.2938,578,68,0.627004,0.877729
e,856,14.3565,579,68,0.627004,0.877729
e,857,14.3846,580,68,0.627004,0.877729
e,858,14.4207,581,68,0.627004,0.877729
e,859,14.453,582,68,0.627004,0.877729
d,859,14.4926,582,69,0.627004,0.877729
e,860,14.5489,583,69,0.627004,0.877729
e,861,14.6049,584,69,0.627004,0.877729
e,862,14.6628,585,69,0.627004,0.877729
e,863,14.7088,586,69,0.627004,0.877729
e,864,14.7474,587,69,0.627004,0.877729
e,865,14.7591,588,69,0.627004,0.877729
e,866,14.778,589,69,0.627004,0.877729
e,867,14.7892,590,69,0.627004,0.877729
e,868,14.7923,591,69,0.627004,0.877729
e,869,14.8028,592,69,0.627004,0.877729
e,870,14.8645,593,69,0.627004,0.877729
e,871,14.9272,594,69,0.627004,0.877729
e,872,14.9457,595,69,0.627004,0.877729
e,873,14.9459,595,69,0.627004,0.877729
e,874,14.9858,596,69,0.627004,0.877729
e,875,15.0478,597,69,0.627004,0.877729
e,876,15.0557,598,69,0.627004,0.877729
e,877,15.1161,599,69,0.627004,0.877729
e,878,15.1211,600,69,0.627004,0.877729
e,879,15.1722,601,69,0.627004,0.877729
d,879,15.2193,601,70,0.627004,0.877729
e,880,15.2221,602,70,0.627004,0.877729
e,881,15.2249,603,70,0.627004,0.877729
e,882,15.2908,604,70,0.627004,0.877729
e,883,15.3484,605,70,0.627004,0.877729
e,884,15.4129,606,70,0.627004,0.877729
e,885,15.4438,607,70,0.627004,0.877729
e,886,15.4836,608,70,0.627004,0.877729
e,887,15.5366,609,70,0.627004,0.877729
e,888,15.5399,610,70,0.627004,0.877729
e,889,15.5827,611,70,0.627004,0.877729
e,890,15.6162,612,70,0.627004,0.877729
e,891,15.6811,613,70,0.627004,0.877729
e,892,15.7231,614,70,0.627004,0.877729
e,893,15.7232,614,70,0.627004,0.877729
e,894,15.7232,614,70,0.627004,0.877729
e,895,15.7505,615,70,0.627004,0.877729
e,896,15.7506,615,70,0.627004,0.877729
e,897,15.7688,616,70,0.627004,0.877729
e,898,15.8032,617,70,0.627004,0.877729
e,899,15.8556,618,70,0.627004,0.877729
d,899,15.9886,618,71,0.627004,0.877729
e,900,16.0421,619,71,0.627004,0.877729
e,901,16.0926,620,71,0.627004,0.877729
e,902,16.1161,621,71,0.627004,0.877729
e,903,16.1766,622,71,0.627004,0.877729
e,904,16.229,623,71,0.627004,0.877729
e,905,16.2605,624,71,0.627004,0.877729
e,906,16.3237,625,71,0.627004,0.877729
e,907,16.3708,626,71,0.627004,0.877729
e,908,16.4171,627,71,0.627004,0.877729
e,909,16.4171,627,71,0.627004,0.877729
e,910,16.4582,628,71,0.627004,0.877729
e,911,16.4627,629,71,0.627004,0.877729
e,912,16.4627,629,71,0.627004,0.877729
e,913,16.4628,629,71,0.627004,0.877729
e,914,16.5132,630,71,0.627004,0.877729
e,915,16.568,631,71,0.627004,0.877729
e,916,16.6038,632,71,0.627004,0.877729
e,917,16.6039,632,71,0.627004,0.877729
e,918,16.6378,633,71,0.627004,0.877729
e,919,16.6713,634,71,0.627004,0.877729
d,919,16.721,634,72,0.627004,0.877729
e,920,16.7212,634,72,0.627004,0.877729
e,921,16.7244,635,72,0.627004,0.877729
e,922,16.7358,636,72,0.627004,0.877729
e,923,16.7358,636,72,0.627004,0.877729
e,924,16.7899,637,72,0.627004,0.877729
e,925,16.79,637,72,0.627004,0.877729
e,926,16.791,637,72,0.627004,0.877729
e,927,16.791,637,72,0.627004,0.877729
e,928,16.9437,638,72,0.627004,0.877729
e,929,16.9849,639,72,0.627004,0.877729
e,930,16.9849,639,72,0.627004,0.877729
e,931,16.9995,640,72,0.627004,0.877729
e,932,17.0167,641,72,0.627004,0.877729
e,933,17.0832,642,72,0.627004,0.877729
e,934,17.1379,643,72,0.627004,0.877729
e,935,17.1961,644,72,0.627004,0.877729
e,936,17.2546,645,72,0.627004,0.877729
e,937,17.307,646,72,0.627004,0.877729
e,938,17.3081,646,72,0.627004,0.877729
e,939,17.3669,647,72,0.627004,0.877729
d,939,17.4305,647,73,0.627004,0.877729
e,940,17.4451,648,73,0.627004,0.877729
e,941,17.4852,649,73,0.627004,0.877729
e,942,17.5034,650,73,0.627004,0.877729
e,943,17.5654,651,73,0.627004,0.877729
e,944,17.6228,652,73,0.627004,0.877729
e,945,17.623,652,73,0.627004,0.877729
e,946,17.6516,653,73,0.627004,0.877729
e,947,17.6518,653,73,0.627004,0.877729
e,948,17.6573,654,73,0.627004,0.877729
e,949,17.7108,655,73,0.627004,0.877729
e,950,17.765,656,73,0.627004,0.877729
e,951,17.8212,657,73,0.627004,0.877729
e,952,17.85,658,73,0.627004,0.877729
e,953,17.8906,659,73,0.627004,0.877729
e,954,17.9446,660,73,0.627004,0.877729
e,955,17.9737,661,73,0.627004,0.877729
e,956,17.9738,661,73,0.627004,0.877729
e,957,18.0067,662,73,0.627004,0.877729
e,958,18.0067,662,73,0.627004,0.877729
e,959,18.0068,662,73,0.627004,0.877729
d,959,18.0649,662,74,0.627004,0.877729
e,960,18.0793,663,74,0.627004,0.877729
e,961,18.1515,664,74,0.627004,0.877729
e,962,18.175,665,74,0.627004,0.877729
e,963,18.2171,666,74,0.627004,0.877729
e,964,18.2172,666,74,0.627004,0.877729
e,965,18.2595,667,74,0.627004,0.877729
e,966,18.2893,668,74,0.627004,0.877729
e,967,18.2895,668,74,0.627004,0.877729
e,968,18.2935,669,74,0.627004,0.877729
e,969,18.3316,670,74,0.627004,0.877729
e,970,18.3317,670,74,0.627004,0.877729
e,971,18.39,671,74,0.627004,0.877729
e,972,18.393,672,74,0.627004,0.877729
e,973,18.4308,673,74,0.627004,0.877729
e,974,18.4749,674,74,0.627004,0.877729
e,975,18.5166,675,74,0.627004,0.877729
e,976,18.5373,676,74,0.627004,0.877729
e,977,18.5426,677,74,0.627004,0.877729
e,978,18.5427,677,74,0.627004,0.877729
e,979,18.5446,678,74,0.627004,0.877729
d,979,18.6058,678,75,0.627004,0.877729
e,980,18.6396,679,75,0.627004,0.877729
e,981,18.7004,680,75,0.627004,0.877729
e,982,18.7005,680,75,0.627004,0.877729
e,983,18.7557,681,75,0.627004,0.877729
e,984,18.7988,682,75,0.627004,0.877729
e,985,18.8015,683,75,0.627004,0.877729
e,986,18.8755,684,75,0.627004,0.877729
e,987,18.9207,685,75,0.627004,0.877729
e,988,18.9208,685,75,0.627004,0.877729
e,989,18.9789,686,75,0.627004,0.877729
e,990,18.9816,687,75,0.627004,0.877729
e,991,19.0376,688,75,0.627004,0.877729
e,992,19.0377,688,75,0.627004,0.877729
e,993,19.0955,689,75,0.627004,0.877729
e,994,19.0957,689,75,0.627004,0.877729
e,995,19.0957,689,75,0.627004,0.877729
e,996,19.149,690,75,0.627004,0.877729
e,997,19.2038,691,75,0.627004,0.877729
e,998,19.2552,692,75,0.627004,0.877729
e,999,19.308,693,75,0.627004,0.877729
d,999,19.3716,693,76,0.627004,0.877729
e,1000,19.4228,694,76,0.627004,0.877729
e,1001,19.423,694,76,0.627004,0.877729
e,1002,19.4504,695,76,0.627004,0.877729
e,1003,19.4626,696,76,0.627004,0.877729
e,1004,19.4635,696,76,0.627004,0.877729
e,1005,19.4636,696,76,0.627004,0.877729
e,1006,19.4954,697,76,0.627004,0.877729
e,1007,19.5582,698,76,0.627004,0.877729
e,1008,19.5876,699,76,0.627004,0.877729
e,1009,19.5884,699,76,0.627004,0.877729
e,1010,19.5885,699,76,0.627004,0.877729
e,1011,19.6176,700,76,0.627004,0.877729
e,1012,19.6177,700,76,0.627004,0.877729
e,1013,19.6177,700,76,0.627004,0.877729
e,1014,19.6177,700,76,0.627004,0.877729
e,1015,19.6178,700,76,0.627004,0.877729
e,1016,19.6178,700,76,0.627004,0.877729
e,1017,19.6669,701,76,0.627004,0.877729
e,1018,19.7087,702,76,0.627004,0.877729
e,1019,19.7493,703,76,0.627004,0.877729
d,1019,19.815,703,77,0.627004,0.877729
e,1020,19.8469,704,77,0.627004,0.877729
e,1021,19.9015,705,77,0.627004,0.877729
e,1022,19.9476,706,77,0.627004,0.877729
e,1023,19.9713,707,77,0.627004,0.877729
e,1024,20.0075,708,77,0.627004,0.877729
e,1025,20.0407,709,77,0.627004,0.877729
e,1026,20.0985,710,77,0.627004,0.877729
e,1027,20.0987,710,77,0.627004,0.877729
e,1028,20.1449,711,77,0.627004,0.877729
e,1029,20.1452,711,77,0.627004,0.877729
e,1030,20.1663,712,77,0.627004,0.877729
e,1031,20.1692,713,77,0.627004,0.877729
e,1032,20.1692,713,77,0.627004,0.877729
e,1033,20.1693,713,77,0.627004,0.877729
e,1034,20.2306,714,77,0.627004,0.877729
e,1035,20.2308,714,77,0.627004,0.877729
e,1036,20.2742,715,77,0.627004,0.877729
e,1037,20.3326,716,77,0.627004,0.877729
e,1038,20.3642,717,77,0.627004,0.877729
e,1039,20.3727,718,77,0.627004,0.877729
d,1039,20.4362,718,78,0.627004,0.877729
e,1040,20.4896,719,78,0.627004,0.877729
e,1041,20.5607,720,78,0.627004,0.877729
e,1042,20.561,720,78,0.627004,0.877729
e,1043,20.5751,721,78,0.627004,0.877729
e,1044,20.6153,722,78,0.627004,0.877729
e,1045,20.6519,723,78,0.627004,0.877729
e,1046,20.6924,724,78,0.627004,0.877729
e,1047,20.7204,725,78,0.627004,0.877729
e,1048,20.7626,726,78,0.627004,0.877729
e,1049,20.7627,726,78,0.627004,0.877729
e,1050,20.7982,727,78,0.627004,0.877729
e,1051,20.848,728,78,0.627004,0.877729
e,1052,20.9038,729,78,0.627004,0.877729
e,1053,20.9041,729,78,0.627004,0.877729
e,1054,20.9318,730,78,0.627004,0.877729
e,1055,20.9483,731,78,0.627004,0.877729
e,1056,20.9954,732,78,0.627004,0.877729
e,1057,21.0483,733,78,0.627004,0.877729
e,1058,21.13,734,78,0.627004,0.877729
e,1059,21.1302,734,78,0.627004,0.877729
d,1059,21.2021,734,79,0.626974,0.877431
e,1060,21.2145,735,79,0.626974,0.877431
o,1060,22.0138,735,82,0.618699,0.824813
e,1061,22.035,736,82,0.618699,0.824813
e,1062,22.0351,736,82,0.618699,0.824813
e,1063,22.0783,737,82,0.618699,0.824813
e,1064,22.0792,737,82,0.618699,0.824813
e,1065,22.0792,737,82,0.618699,0.824813
e,1066,22.1357,738,82,0.618699,0.824813
e,1067,22.1541,739,82,0.618699,0.824813
e,1068,22.2036,740,82,0.618699,0.824813
e,1069,22.2092,741,82,0.618699,0.824813
e,1070,22.2092,741,82,0.618699,0.824813
e,1071,22.2624,742,82,0.618699,0.824813
e,1072,22.2626,742,82,0.618699,0.824813
e,1073,22.2959,743,82,0.618699,0.824813
e,1074,22.3494,744,82,0.618699,0.824813
e,1075,22.4131,745,82,0.618699,0.824813
e,1076,22.4275,746,82,0.618699,0.824813
e,1077,22.4766,747,82,0.618699,0.824813
e,1078,22.4766,747,82,0.618699,0.824813
e,1079,22.5224,748,82,0.618699,0.824813
d,1079,22.6054,748,83,0.618699,0.824813
e,1080,22.6056,748,83,0.618699,0.824813
e,1081,22.6323,749,83,0.618699,0.824813
e,1082,22.6936,750,83,0.618699,0.824813
e,1083,22.7171,751,83,0.618699,0.824813
e,1084,22.7768,752,83,0.618699,0.824813
e,1085,22.8272,753,83,0.618699,0.824813
e,1086,22.8326,754,83,0.618699,0.824813
e,1087,22.8778,755,83,0.618699,0.824813
e,1088,22.9274,756,83,0.618699,0.824813
e,1089,23.0038,757,83,0.618699,0.824813
e,1090,23.0366,758,83,0.618699,0.824813
e,1091,23.0367,758,83,0.618699,0.824813
e,1092,23.1004,759,83,0.618699,0.824813
e,1093,23.1122,760,83,0.618699,0.824813
e,1094,23.1247,761,83,0.618699,0.824813
e,1095,23.1247,761,83,0.618699,0.824813
e,1096,23.1248,761,83,0.618699,0.824813
e,1097,23.1624,762,83,0.618699,0.824813
e,1098,23.2044,763,83,0.618699,0.824813
e,1099,23.2686,764,83,0.618699,0.824813
d,1099,23.345,764,84,0.618699,0.824813
e,1100,23.379,765,84,0.618699,0.824813
e,1101,23.3938,766,84,0.618699,0.824813
e,1102,23.4546,767,84,0.618699,0.824813
e,1103,23.4567,768,84,0.618699,0.824813
e,1104,23.4568,768,84,0.618699,0.824813
e,1105,23.4568,768,84,0.618699,0.824813
e,1106,23.4569,768,84,0.618699,0.824813
e,1107,23.5225,769,84,0.618699,0.824813
e,1108,23.5862,770,84,0.618699,0.824813
e,1109,23.6028,771,84,0.618699,0.824813
e,1110,23.6553,772,84,0.618699,0.824813
e,1111,23.6583,773,84,0.618699,0.824813
e,1112,23.6877,774,84,0.618699,0.824813
e,1113,23.739,775,84,0.618699,0.824813
e,1114,23.7961,776,84,0.618699,0.824813
e,1115,23.8541,777,84,0.618699,0.824813
e,1116,23.8542,777,84,0.618699,0.824813
e,1117,23.9156,778,84,0.618699,0.824813
e,1118,23.9683,779,84,0.618699,0.824813
e,1119,24.0224,780,84,0.618699,0.824813
d,1119,24.0957,780,85,0.618699,0.824813
e,1120,24.1135,781,85,0.618699,0.824813
e,1121,24.1135,781,85,0.618699,0.824813
e,1122,24.183,782,85,0.618699,0.824813
e,1123,24.2236,783,85,0.618699,0.824813
e,1124,24.2663,784,85,0.618699,0.824813
e,1125,24.3089,785,85,0.618699,0.824813
e,1126,24.337,786,85,0.618699,0.824813
e,1127,24.3371,786,85,0.618699,0.824813
e,1128,24.3493,787,85,0.618699,0.824813
e,1129,24.4117,788,85,0.618699,0.824813
e,1130,24.451,789,85,0.618699,0.824813
e,1131,24.4511,789,85,0.618699,0.824813
e,1132,24.5041,790,85,0.618699,0.824813
e,1133,24.5596,791,85,0.618699,0.824813
e,1134,24.6146,792,85,0.618699,0.824813
e,1135,24.6146,792,85,0.618699,0.824813
e,1136,24.6516,793,85,0.618699,0.824813
e,1137,24.6517,793,85,0.618699,0.824813
e,1138,24.6517,793,85,0.618699,0.824813
e,1139,24.6952,794,85,0.618699,0.824813
d,1139,24.7872,794,86,0.618699,0.824813
e,1140,24.8443,795,86,0.618699,0.824813
e,1141,24.8735,796,86,0.618699,0.824813
e,1142,24.9351,797,86,0.618699,0.824813
e,1143,24.9969,798,86,0.618699,0.824813
e,1144,25.0519,799,86,0.618699,0.824813
e,1145,25.111,800,86,0.618699,0.824813
e,1146,25.1587,801,86,0.618699,0.824813
e,1147,25.1708,802,86,0.618699,0.824813
e,1148,25.2304,803,86,0.618699,0.824813
e,1149,25.2307,803,86,0.618699,0.824813
e,1150,25.2308,803,86,0.618699,0.824813
e,1151,25.2338,804,86,0.618699,0.824813
e,1152,25.2339,804,86,0.618699,0.824813
e,1153,25.237,805,86,0.618699,0.824813
e,1154,25.297,806,86,0.618699,0.824813
e,1155,25.3681,807,86,0.618699,0.824813
e,1156,25.3915,808,86,0.618699,0.824813
e,1157,25.3915,808,86,0.618699,0.824813
e,1158,25.4396,809,86,0.618699,0.824813
e,1159,25.4397,809,86,0.618699,0.824813
d,1159,25.5183,809,87,0.618699,0.824813
e,1160,25.5186,809,87,0.618699,0.824813
e,1161,25.5298,810,87,0.618699,0.824813
e,1162,25.584,811,87,0.618699,0.824813
e,1163,25.5841,811,87,0.618699,0.824813
e,1164,25.5841,811,87,0.618699,0.824813
e,1165,25.6347,812,87,0.618699,0.824813
e,1166,25.6816,813,87,0.618699,0.824813
e,1167,25.6817,813,87,0.618699,0.824813
e,1168,25.7378,814,87,0.618699,0.824813
e,1169,25.7925,815,87,0.618699,0.824813
e,1170,25.805,816,87,0.618699,0.824813
e,1171,25.805,816,87,0.618699,0.824813
e,1172,25.8506,817,87,0.618699,0.824813
e,1173,25.8507,817,87,0.618699,0.824813
e,1174,25.9135,818,87,0.618699,0.824813
e,1175,25.9136,818,87,0.618699,0.824813
e,1176,25.9143,818,87,0.618699,0.824813
e,1177,25.9172,819,87,0.618699,0.824813
e,1178,25.9794,820,87,0.618699,0.824813
e,1179,25.9795,820,87,0.618699,0.824813
d,1179,26.0567,820,88,0.618699,0.824813
e,1180,26.113,821,88,0.618699,0.824813
e,1181,26.1622,822,88,0.618699,0.824813
e,1182,26.2043,823,88,0.618699,0.824813
e,1183,26.2554,824,88,0.618699,0.824813
e,1184,26.2815,825,88,0.618699,0.824813
e,1185,26.2816,825,88,0.618699,0.824813
e,1186,26.3428,826,88,0.618699,0.824813
e,1187,26.3827,827,88,0.618699,0.824813
e,1188,26.3973,828,88,0.618699,0.824813
e,1189,26.4518,829,88,0.618699,0.824813
e,1190,26.5089,830,88,0.618699,0.824813
e,1191,26.5568,831,88,0.618699,0.824813
e,1192,26.5827,832,88,0.618699,0.824813
e,1193,26.588,833,88,0.618699,0.824813
e,1194,26.6264,834,88,0.618699,0.824813
e,1195,26.6816,835,88,0.618699,0.824813
e,1196,26.7445,836,88,0.618699,0.824813
e,1197,26.7732,837,88,0.618699,0.824813
e,1198,26.7732,837,88,0.618699,0.824813
e,1199,26.8298,838,88,0.618699,0.824813
d,1199,26.923,838,89,0.618699,0.824813
e,1200,26.9889,839,89,0.618699,0.824813
e,1201,27.0436,840,89,0.618699,0.824813
e,1202,27.1107,841,89,0.618699,0.824813
e,1203,27.174,842,89,0.618699,0.824813
e,1204,27.2265,843,89,0.618699,0.824813
e,1205,27.2881,844,89,0.618699,0.824813
e,1206,27.3518,845,89,0.618699,0.824813
e,1207,27.352,845,89,0.618699,0.824813
e,1208,27.3521,845,89,0.618699,0.824813
e,1209,27.3521,845,89,0.618699,0.824813
e,1210,27.3995,846,89,0.618699,0.824813
e,1211,27.4386,847,89,0.618699,0.824813
e,1212,27.4897,848,89,0.618699,0.824813
e,1213,27.4898,848,89,0.618699,0.824813
e,1214,27.5457,849,89,0.618699,0.824813
e,1215,27.6172,850,89,0.618699,0.824813
e,1216,27.6173,850,89,0.618699,0.824813
e,1217,27.6173,850,89,0.618699,0.824813
e,1218,27.6174,850,89,0.618699,0.824813
e,1219,27.651,851,89,0.618699,0.824813
d,1219,27.6516,851,89,0.618699,0.824813
e,1220,27.6517,851,89,0.618699,0.824813
e,1221,27.6833,852,89,0.618699,0.824813
e,1222,27.6842,852,89,0.618699,0.824813
e,1223,27.6842,852,89,0.618699,0.824813
e,1224,27.6874,853,89,0.618699,0.824813
e,1225,27.7464,854,89,0.618699,0.824813
e,1226,27.7616,855,89,0.618699,0.824813
e,1227,27.7991,856,89,0.618699,0.824813
e,1228,27.7992,856,89,0.618699,0.824813
e,1229,27.8002,856,89,0.618699,0.824813
e,1230,27.8012,856,89,0.618699,0.824813
e,1231,27.8433,857,89,0.618699,0.824813
e,1232,27.8436,857,89,0.618699,0.824813
e,1233,27.883,858,89,0.618699,0.824813
e,1234,27.9469,859,89,0.618699,0.824813
e,1235,27.9669,860,89,0.618699,0.824813
e,1236,28.0265,861,89,0.618699,0.824813
e,1237,28.0806,862,89,0.618699,0.824813
e,1238,28.1149,863,89,0.618699,0.824813
e,1239,28.1379,864,89,0.618699,0.824813
d,1239,28.2364,864,90,0.618699,0.824813
e,1240,28.2946,865,90,0.618699,0.824813
e,1241,28.2948,865,90,0.618699,0.824813
e,1242,28.2948,865,90,0.618699,0.824813
e,1243,28.2949,865,90,0.618699,0.824813
e,1244,28.2949,865,90,0.618699,0.824813
e,1245,28.295,865,90,0.618699,0.824813
e,1246,28.3585,866,90,0.618699,0.824813
e,1247,28.3629,867,90,0.618699,0.824813
e,1248,28.4044,868,90,0.618699,0.824813
e,1249,28.4599,869,90,0.618699,0.824813
e,1250,28.46,869,90,0.618699,0.824813
e,1251,28.5013,870,90,0.618699,0.824813
e,1252,28.5042,871,90,0.618699,0.824813
e,1253,28.5555,872,90,0.618699,0.824813
e,1254,28.5556,872,90,0.618699,0.824813
e,1255,28.58,873,90,0.618699,0.824813
e,1256,28.5901,874,90,0.618699,0.824813
e,1257,28.5909,874,90,0.618699,0.824813
e,1258,28.6452,875,90,0.618699,0.824813
e,1259,28.6453,875,90,0.618699,0.824813
d,1259,28.7474,875,91,0.618699,0.824813
e,1260,28.7999,876,91,0.618699,0.824813
e,1261,28.8007,876,91,0.618699,0.824813
e,1262,28.8008,876,91,0.618699,0.824813
e,1263,28.8336,877,91,0.618699,0.824813
e,1264,28.8337,877,91,0.618699,0.824813
e,1265,28.8751,878,91,0.618699,0.824813
e,1266,28.9192,879,91,0.618699,0.824813
e,1267,28.977,880,91,0.618699,0.824813
e,1268,29.0399,881,91,0.618699,0.824813
e,1269,29.0427,882,91,0.618699,0.824813
e,1270,29.0502,883,91,0.618699,0.824813
e,1271,29.0502,883,91,0.618699,0.824813
e,1272,29.1081,884,91,0.618699,0.824813
e,1273,29.1501,885,91,0.618699,0.824813
e,1274,29.2146,886,91,0.618699,0.824813
e,1275,29.2518,887,91,0.618699,0.824813
e,1276,29.2896,888,91,0.618699,0.824813
e,1277,29.3385,889,91,0.618699,0.824813
e,1278,29.3725,890,91,0.618699,0.824813
e,1279,29.4149,891,91,0.618699,0.824813
d,1279,29.5107,891,92,0.618699,0.824813
e,1280,29.5587,892,92,0.618699,0.824813
e,1281,29.5588,892,92,0.618699,0.824813
e,1282,29.5778,893,92,0.618699,0.824813
e,1283,29.5868,894,92,0.618699,0.824813
e,1284,29.5869,894,92,0.618699,0.824813
e,1285,29.6473,895,92,0.618699,0.824813
e,1286,29.6918,896,92,0.618699,0.824813
e,1287,29.7469,897,92,0.618699,0.824813
e,1288,29.7931,898,92,0.618699,0.824813
e,1289,29.8365,899,92,0.618699,0.824813
e,1290,29.8795,900,92,0.618699,0.824813
e,1291,29.9317,901,92,0.618699,0.824813
e,1292,29.9943,902,92,0.618699,0.824813
e,1293,30.0397,903,92,0.618699,0.824813
e,1294,30.0398,903,92,0.618699,0.824813
e,1295,30.0796,904,92,0.618699,0.824813
e,1296,30.1181,905,92,0.618699,0.824813
e,1297,30.1189,905,92,0.618699,0.824813
e,1298,30.1245,906,92,0.618699,0.824813
e,1299,30.1773,907,92,0.618699,0.824813
d,1299,30.269,907,93,0.618699,0.824813
e,1300,30.3265,908,93,0.618699,0.824813
e,1301,30.337,909,93,0.618699,0.824813
e,1302,30.3955,910,93,0.618699,0.824813
e,1303,30.3956,910,93,0.618699,0.824813
e,1304,30.456,911,93,0.618699,0.824813
e,1305,30.4561,911,93,0.618699,0.824813
e,1306,30.4561,911,93,0.618699,0.824813
e,1307,30.4933,912,93,0.618699,0.824813
e,1308,30.4936,912,93,0.618699,0.824813
e,1309,30.5569,913,93,0.618699,0.824813
e,1310,30.5571,913,93,0.618699,0.824813
e,1311,30.6109,914,93,0.618699,0.824813
e,1312,30.6552,915,93,0.618699,0.824813
e,1313,30.6554,915,93,0.618699,0.824813
e,1314,30.6585,916,93,0.618699,0.824813
e,1315,30.722,917,93,0.618699,0.824813
e,1316,30.7223,917,93,0.618699,0.824813
e,1317,30.7642,918,93,0.618699,0.824813
e,1318,30.7673,919,93,0.618699,0.824813
e,1319,30.7674,919,93,0.618699,0.824813
d,1319,30.8649,919,94,0.618699,0.824813
e,1320,30.9224,920,94,0.618699,0.824813
e,1321,30.9768,921,94,0.618699,0.824813
e,1322,31.0287,922,94,0.618699,0.824813
e,1323,31.0782,923,94,0.618699,0.824813
e,1324,31.0784,923,94,0.618699,0.824813
e,1325,31.1114,924,94,0.618699,0.824813
e,1326,31.1694,925,94,0.618699,0.824813
e,1327,31.2218,926,94,0.618699,0.824813
e,1328,31.2672,927,94,0.618699,0.824813
e,1329,31.3067,928,94,0.618699,0.824813
e,1330,31.3068,928,94,0.618699,0.824813
e,1331,31.3143,929,94,0.618699,0.824813
e,1332,31.3224,930,94,0.618699,0.824813
e,1333,31.3717,931,94,0.618699,0.824813
e,1334,31.4365,932,94,0.618699,0.824813
e,1335,31.4999,933,94,0.618699,0.824813
e,1336,31.5001,933,94,0.618699,0.824813
e,1337,31.5154,934,94,0.618699,0.824813
e,1338,31.5155,934,94,0.618699,0.824813
e,1339,31.5629,935,94,0.618699,0.824813
d,1339,31.6708,935,95,0.618699,0.824813
e,1340,31.7204,936,95,0.618699,0.824813
e,1341,31.7625,937,95,0.618699,0.824813
e,1342,31.816,938,95,0.618699,0.824813
e,1343,31.8479,939,95,0.618699,0.824813
e,1344,31.8619,940,95,0.618699,0.824813
e,1345,31.9104,941,95,0.618699,0.824813
e,1346,31.9106,941,95,0.618699,0.824813
e,1347,31.9394,942,95,0.618699,0.824813
e,1348,31.9616,943,95,0.618699,0.824813
e,1349,32.0282,944,95,0.618699,0.824813
e,1350,32.0284,944,95,0.618699,0.824813
e,1351,32.0284,944,95,0.618699,0.824813
e,1352,32.0285,944,95,0.618699,0.824813
e,1353,32.0705,945,95,0.618699,0.824813
e,1354,32.1324,946,95,0.618699,0.824813
e,1355,32.2012,947,95,0.618699,0.824813
e,1356,32.2537,948,95,0.618699,0.824813
e,1357,32.257,949,95,0.618699,0.824813
e,1358,32.2727,950,95,0.618699,0.824813
e,1359,32.2737,950,95,0.618699,0.824813
d,1359,32.3794,950,96,0.618699,0.824813
e,1360,32.4161,951,96,0.618699,0.824813
e,1361,32.4378,952,96,0.618699,0.824813
e,1362,32.4978,953,96,0.618699,0.824813
e,1363,32.4981,953,96,0.618699,0.824813
e,1364,32.5258,954,96,0.618699,0.824813
e,1365,32.5716,955,96,0.618699,0.824813
e,1366,32.6063,956,96,0.618699,0.824813
e,1367,32.6379,957,96,0.618699,0.824813
e,1368,32.6411,958,96,0.618699,0.824813
e,1369,32.7003,959,96,0.618699,0.824813
e,1370,32.7088,960,96,0.618699,0.824813
e,1371,32.7494,961,96,0.618699,0.824813
e,1372,32.7495,961,96,0.618699,0.824813
e,1373,32.7495,961,96,0.618699,0.824813
e,1374,32.7523,962,96,0.618699,0.824813
e,1375,32.7552,963,96,0.618699,0.824813
e,1376,32.7553,963,96,0.618699,0.824813
e,1377,32.8098,964,96,0.618699,0.824813
e,1378,32.8647,965,96,0.618699,0.824813
e,1379,32.9167,966,96,0.618699,0.824813
d,1379,33.03,966,97,0.618699,0.824813
e,1380,33.0516,967,97,0.618699,0.824813
e,1381,33.0517,967,97,0.618699,0.824813
e,1382,33.0517,967,97,0.618699,0.824813
e,1383,33.0518,967,97,0.618699,0.824813
e,1384,33.1018,968,97,0.618699,0.824813
e,1385,33.1366,969,97,0.618699,0.824813
e,1386,33.1771,970,97,0.618699,0.824813
e,1387,33.1803,971,97,0.618699,0.824813
e,1388,33.228,972,97,0.618699,0.824813
e,1389,33.2935,973,97,0.618699,0.824813
e,1390,33.351,974,97,0.618699,0.824813
e,1391,33.3684,975,97,0.618699,0.824813
e,1392,33.4265,976,97,0.618699,0.824813
e,1393,33.4721,977,97,0.618699,0.824813
e,1394,33.4724,977,97,0.618699,0.824813
e,1395,33.5146,978,97,0.618699,0.824813
e,1396,33.581,979,97,0.618699,0.824813
e,1397,33.5818,979,97,0.618699,0.824813
e,1398,33.5819,979,97,0.618699,0.824813
e,1399,33.6244,980,97,0.618699,0.824813
d,1399,33.7784,980,98,0.618699,0.824813
e,1400,33.7787,980,98,0.618699,0.824813
e,1401,33.8279,981,98,0.618699,0.824813
e,1402,33.8709,982,98,0.618699,0.824813
e,1403,33.9335,983,98,0.618699,0.824813
e,1404,33.9874,984,98,0.618699,0.824813
e,1405,33.9875,984,98,0.618699,0.824813
e,1406,34.0414,985,98,0.618699,0.824813
e,1407,34.0414,985,98,0.618699,0.824813
e,1408,34.0898,986,98,0.618699,0.824813
e,1409,34.0899,986,98,0.618699,0.824813
e,1410,34.1379,987,98,0.618699,0.824813
e,1411,34.1897,988,98,0.618699,0.824813
e,1412,34.1908,988,98,0.618699,0.824813
e,1413,34.2546,989,98,0.618699,0.824813
e,1414,34.3019,990,98,0.618699,0.824813
e,1415,34.302,990,98,0.618699,0.824813
e,1416,34.3021,990,98,0.618699,0.824813
e,1417,34.3498,991,98,0.618699,0.824813
e,1418,34.4071,992,98,0.618699,0.824813
e,1419,34.4177,993,98,0.618699,0.824813
d,1419,34.5245,993,99,0.618699,0.824813
e,1420,34.59,994,99,0.618699,0.824813
e,1421,34.6441,995,99,0.618699,0.824813
e,1422,34.6442,995,99,0.618699,0.824813
e,1423,34.7048,996,99,0.618699,0.824813
e,1424,34.7677,997,99,0.618699,0.824813
e,1425,34.7681,997,99,0.618699,0.824813
e,1426,34.7688,997,99,0.618699,0.824813
e,1427,34.8236,998,99,0.618699,0.824813
e,1428,34.869,999,99,0.618699,0.824813
e,1429,34.9306,1000,99,0.618699,0.824813
e,1430,34.962,1001,99,0.618699,0.824813
e,1431,34.9621,1001,99,0.618699,0.824813
e,1432,35.0005,1002,99,0.618699,0.824813
e,1433,35.0403,1003,99,0.618699,0.824813
e,1434,35.102,1004,99,0.618699,0.824813
e,1435,35.1609,1005,99,0.618699,0.824813
e,1436,35.1875,1006,99,0.618699,0.824813
e,1437,35.1876,1006,99,0.618699,0.824813
e,1438,35.2274,1007,99,0.618699,0.824813
e,1439,35.2796,1008,99,0.618699,0.824813
d,1439,35.3898,1008,100,0.618699,0.824813
e,1440,35.4545,1009,100,0.618699,0.824813
e,1441,35.4546,1009,100,0.618699,0.824813
e,1442,35.5184,1010,100,0.618699,0.824813
e,1443,35.5838,1011,100,0.618699,0.824813
e,1444,35.63,1012,100,0.618699,0.824813
e,1445,35.6943,1013,100,0.618699,0.824813
e,1446,35.6945,1013,100,0.618699,0.824813
e,1447,35.7186,1014,100,0.618699,0.824813
e,1448,35.7685,1015,100,0.618699,0.824813
e,1449,35.8246,1016,100,0.618699,0.824813
e,1450,35.8913,1017,100,0.618699,0.824813
e,1451,35.9276,1018,100,0.618699,0.824813
e,1452,35.9639,1019,100,0.618699,0.824813
e,1453,36.0057,1020,100,0.618699,0.824813
e,1454,36.0484,1021,100,0.618699,0.824813
e,1455,36.0989,1022,100,0.618699,0.824813
e,1456,36.1278,1023,100,0.618699,0.824813
e,1457,36.1882,1024,100,0.618699,0.824813
e,1458,36.1883,1024,100,0.618699,0.824813
e,1459,36.2495,1025,100,0.618699,0.824813
d,1459,36.4104,1025,101,0.618699,0.824813
e,1460,36.4548,1026,101,0.618699,0.824813
e,1461,36.4551,1026,101,0.618699,0.824813
e,1462,36.5165,1027,101,0.618699,0.824813
e,1463,36.5168,1027,101,0.618699,0.824813
e,1464,36.5169,1027,101,0.618699,0.824813
e,1465,36.517,1027,101,0.618699,0.824813
e,1466,36.5638,1028,101,0.618699,0.824813
e,1467,36.5641,1028,101,0.618699,0.824813
e,1468,36.6142,1029,101,0.618699,0.824813
e,1469,36.6523,1030,101,0.618699,0.824813
e,1470,36.6916,1031,101,0.618699,0.824813
e,1471,36.7434,1032,101,0.618699,0.824813
e,1472,36.7483,1033,101,0.618699,0.824813
e,1473,36.7484,1033,101,0.618699,0.824813
e,1474,36.8003,1034,101,0.618699,0.824813
e,1475,36.8343,1035,101,0.618699,0.824813
e,1476,36.9035,1036,101,0.618699,0.824813
e,1477,36.9374,1037,101,0.618699,0.824813
e,1478,36.9749,1038,101,0.618699,0.824813
e,1479,36.9783,1039,101,0.618699,0.824813
d,1479,37.1003,1039,102,0.618699,0.824813
e,1480,37.1613,1040,102,0.618699,0.824813
e,1481,37.2244,1041,102,0.618699,0.824813
e,1482,37.2245,1041,102,0.618699,0.824813
e,1483,37.2797,1042,102,0.618699,0.824813
e,1484,37.3304,1043,102,0.618699,0.824813
e,1485,37.3314,1043,102,0.618699,0.824813
e,1486,37.3315,1043,102,0.618699,0.824813
e,1487,37.383,1044,102,0.618699,0.824813
e,1488,37.4338,1045,102,0.618699,0.824813
e,1489,37.4339,1045,102,0.618699,0.824813
e,1490,37.5223,1046,102,0.618699,0.824813
e,1491,37.5233,1046,102,0.618699,0.824813
e,1492,37.5347,1047,102,0.618699,0.824813
e,1493,37.5806,1048,102,0.618699,0.824813
e,1494,37.5888,1049,102,0.618699,0.824813
e,1495,37.643,1050,102,0.618699,0.824813
e,1496,37.6432,1050,102,0.618699,0.824813
e,1497,37.7017,1051,102,0.618699,0.824813
e,1498,37.7406,1052,102,0.618699,0.824813
e,1499,37.7968,1053,102,0.618699,0.824813
d,1499,37.9193,1053,103,0.618699,0.824813
e,1500,37.9592,1054,103,0.618699,0.824813
e,1501,38.0336,1055,103,0.618699,0.824813
e,1502,38.0339,1055,103,0.618699,0.824813
e,1503,38.034,1055,103,0.618699,0.824813
e,1504,38.0919,1056,103,0.618699,0.824813
e,1505,38.1111,1057,103,0.618699,0.824813
e,1506,38.1623,1058,103,0.618699,0.824813
e,1507,38.2181,1059,103,0.618699,0.824813
e,1508,38.2182,1059,103,0.618699,0.824813
e,1509,38.2605,1060,103,0.618699,0.824813
e,1510,38.2637,1061,103,0.618699,0.824813
e,1511,38.2638,1061,103,0.618699,0.824813
e,1512,38.3086,1062,103,0.618699,0.824813
e,1513,38.3504,1063,103,0.618699,0.824813
e,1514,38.3841,1064,103,0.618699,0.824813
e,1515,38.4345,1065,103,0.618699,0.824813
e,1516,38.4772,1066,103,0.618699,0.824813
e,1517,38.4775,1066,103,0.618699,0.824813
e,1518,38.5364,1067,103,0.618699,0.824813
e,1519,38.5365,1067,103,0.618699,0.824813
d,1519,38.6683,1067,104,0.618699,0.824813
e,1520,38.7103,1068,104,0.618699,0.824813
e,1521,38.7114,1068,104,0.618699,0.824813
e,1522,38.7295,1069,104,0.618699,0.824813
e,1523,38.7833,1070,104,0.618699,0.824813
e,1524,38.8056,1071,104,0.618699,0.824813
e,1525,38.8058,1071,104,0.618699,0.824813
e,1526,38.8712,1072,104,0.618699,0.824813
e,1527,38.909,1073,104,0.618699,0.824813
e,1528,38.9652,1074,104,0.618699,0.824813
e,1529,39.0276,1075,104,0.618699,0.824813
e,1530,39.086,1076,104,0.618699,0.824813
e,1531,39.1385,1077,104,0.618699,0.824813
e,1532,39.1411,1078,104,0.618699,0.824813
e,1533,39.1994,1079,104,0.618699,0.824813
e,1534,39.2383,1080,104,0.618699,0.824813
e,1535,39.2885,1081,104,0.618699,0.824813
e,1536,39.327,1082,104,0.618699,0.824813
e,1537,39.3274,1082,104,0.618699,0.824813
e,1538,39.3883,1083,104,0.618699,0.824813
e,1539,39.4435,1084,104,0.618699,0.824813
d,1539,39.5737,1084,105,0.618699,0.824813
e,1540,39.5748,1084,105,0.618699,0.824813
e,1541,39.6405,1085,105,0.618699,0.824813
e,1542,39.6407,1085,105,0.618699,0.824813
e,1543,39.666,1086,105,0.618699,0.824813
e,1544,39.6661,1086,105,0.618699,0.824813
e,1545,39.7114,1087,105,0.618699,0.824813
e,1546,39.7174,1088,105,0.618699,0.824813
e,1547,39.7175,1088,105,0.618699,0.824813
e,1548,39.7518,1089,105,0.618699,0.824813
e,1549,39.803,1090,105,0.618699,0.824813
e,1550,39.8567,1091,105,0.618699,0.824813
e,1551,39.8986,1092,105,0.618699,0.824813
e,1552,39.9372,1093,105,0.618699,0.824813
e,1553,39.9731,1094,105,0.618699,0.824813
e,1554,40.0233,1095,105,0.618699,0.824813
e,1555,40.0258,1096,105,0.618699,0.824813
e,1556,40.0729,1097,105,0.618699,0.824813
e,1557,40.1458,1098,105,0.618699,0.824813
e,1558,40.1741,1099,105,0.618699,0.824813
e,1559,40.2047,1100,105,0.618699,0.824813
d,1559,40.3392,1100,106,0.618699,0.824813
e,1560,40.3871,1101,106,0.618699,0.824813
e,1561,40.4324,1102,106,0.618699,0.824813
e,1562,40.4326,1102,106,0.618699,0.824813
e,1563,40.4907,1103,106,0.618699,0.824813
e,1564,40.5507,1104,106,0.618699,0.824813
e,1565,40.5517,1104,106,0.618699,0.824813
e,1566,40.5518,1104,106,0.618699,0.824813
e,1567,40.5547,1105,106,0.618699,0.824813
e,1568,40.5985,1106,106,0.618699,0.824813
e,1569,40.661,1107,106,0.618699,0.824813
e,1570,40.6611,1107,106,0.618699,0.824813
e,1571,40.6966,1108,106,0.618699,0.824813
e,1572,40.7345,1109,106,0.618699,0.824813
e,1573,40.799,1110,106,0.618699,0.824813
e,1574,40.8506,1111,106,0.618699,0.824813
e,1575,40.8877,1112,106,0.618699,0.824813
e,1576,40.9424,1113,106,0.618699,0.824813
e,1577,40.9428,1113,106,0.618699,0.824813
e,1578,40.9429,1113,106,0.618699,0.824813
e,1579,40.943,1113,106,0.618699,0.824813
d,1579,41.0745,1113,107,0.618699,0.824813
e,1580,41.1276,1114,107,0.618699,0.824813
e,1581,41.1553,1115,107,0.618699,0.824813
e,1582,41.1563,1115,107,0.618699,0.824813
e,1583,41.2278,1116,107,0.618699,0.824813
e,1584,41.2725,1117,107,0.618699,0.824813
e,1585,41.3316,1118,107,0.618699,0.824813
e,1586,41.3508,1119,107,0.618699,0.824813
e,1587,41.3511,1119,107,0.618699,0.824813
e,1588,41.3512,1119,107,0.618699,0.824813
e,1589,41.403,1120,107,0.618699,0.824813
e,1590,41.4032,1120,107,0.618699,0.824813
e,1591,41.4657,1121,107,0.618699,0.824813
e,1592,41.5177,1122,107,0.618699,0.824813
e,1593,41.5179,1122,107,0.618699,0.824813
e,1594,41.5204,1123,107,0.618699,0.824813
e,1595,41.5205,1123,107,0.618699,0.824813
e,1596,41.6831,1124,107,0.618699,0.824813
e,1597,41.7397,1125,107,0.618699,0.824813
e,1598,41.7399,1125,107,0.618699,0.824813
e,1599,41.7754,1126,107,0.618699,0.824813
d,1599,41.9309,1126,108,0.618699,0.824813
e,1600,41.9476,1127,108,0.618699,0.824813
e,1601,42.0152,1128,108,0.618699,0.824813
e,1602,42.0155,1128,108,0.618699,0.824813
e,1603,42.0433,1129,108,0.618699,0.824813
e,1604,42.0434,1129,108,0.618699,0.824813
e,1605,42.0466,1130,108,0.618699,0.824813
e,1606,42.0788,1131,108,0.618699,0.824813
e,1607,42.0795,1131,108,0.618699,0.824813
e,1608,42.1517,1132,108,0.618699,0.824813
e,1609,42.1519,1132,108,0.618699,0.824813
e,1610,42.152,1132,108,0.618699,0.824813
e,1611,42.2085,1133,108,0.618699,0.824813
e,1612,42.2088,1133,108,0.618699,0.824813
e,1613,42.2763,1134,108,0.618699,0.824813
e,1614,42.2776,1134,108,0.618699,0.824813
e,1615,42.3287,1135,108,0.618699,0.824813
e,1616,42.3616,1136,108,0.618699,0.824813
e,1617,42.4172,1137,108,0.618699,0.824813
e,1618,42.4175,1137,108,0.618699,0.824813
e,1619,42.4567,1138,108,0.618699,0.824813
d,1619,42.5923,1138,109,0.618699,0.824813
e,1620,42.6419,1139,109,0.618699,0.824813
e,1621,42.6828,1140,109,0.618699,0.824813
e,1622,42.7416,1141,109,0.618699,0.824813
e,1623,42.7806,1142,109,0.618699,0.824813
e,1624,42.8235,1143,109,0.618699,0.824813
e,1625,42.8244,1143,109,0.618699,0.824813
e,1626,42.8274,1144,109,0.618699,0.824813
e,1627,42.8808,1145,109,0.618699,0.824813
e,1628,42.9597,1146,109,0.618699,0.824813
e,1629,42.983,1147,109,0.618699,0.824813
e,1630,43.0208,1148,109,0.618699,0.824813
e,1631,43.0798,1149,109,0.618699,0.824813
e,1632,43.1103,1150,109,0.618699,0.824813
e,1633,43.1104,1150,109,0.618699,0.824813
e,1634,43.1529,1151,109,0.618699,0.824813
e,1635,43.1908,1152,109,0.618699,0.824813
e,1636,43.2413,1153,109,0.618699,0.824813
e,1637,43.326,1154,109,0.618699,0.824813
e,1638,43.3831,1155,109,0.618699,0.824813
e,1639,43.4291,1156,109,0.618699,0.824813
d,1639,43.5782,1156,110,0.618699,0.824813
e,1640,43.6347,1157,110,0.618699,0.824813
e,1641,43.6764,1158,110,0.618699,0.824813
e,1642,43.7032,1159,110,0.618699,0.824813
e,1643,43.751,1160,110,0.618699,0.824813
e,1644,43.7512,1160,110,0.618699,0.824813
e,1645,43.7512,1160,110,0.618699,0.824813
e,1646,43.7513,1160,110,0.618699,0.824813
e,1647,43.8104,1161,110,0.618699,0.824813
e,1648,43.8116,1161,110,0.618699,0.824813
e,1649,43.8622,1162,110,0.618699,0.824813
e,1650,43.8626,1162,110,0.618699,0.824813
e,1651,43.9057,1163,110,0.618699,0.824813
e,1652,43.9061,1163,110,0.618699,0.824813
e,1653,43.9667,1164,110,0.618699,0.824813
e,1654,44.0019,1165,110,0.618699,0.824813
e,1655,44.002,1165,110,0.618699,0.824813
e,1656,44.0523,1166,110,0.618699,0.824813
e,1657,44.1145,1167,110,0.618699,0.824813
e,1658,44.1146,1167,110,0.618699,0.824813
e,1659,44.1251,1168,110,0.618699,0.824813
d,1659,44.2804,1168,111,0.618699,0.824813
e,1660,44.3521,1169,111,0.618699,0.824813
e,1661,44.3965,1170,111,0.618699,0.824813
e,1662,44.4448,1171,111,0.618699,0.824813
e,1663,44.5146,1172,111,0.618699,0.824813
e,1664,44.576,1173,111,0.618699,0.824813
e,1665,44.5761,1173,111,0.618699,0.824813
e,1666,44.5762,1173,111,0.618699,0.824813
e,1667,44.6199,1174,111,0.618699,0.824813
e,1668,44.6793,1175,111,0.618699,0.824813
e,1669,44.6794,1175,111,0.618699,0.824813
e,1670,44.7214,1176,111,0.618699,0.824813
e,1671,44.7642,1177,111,0.618699,0.824813
e,1672,44.7642,1177,111,0.618699,0.824813
e,1673,44.8057,1178,111,0.618699,0.824813
e,1674,44.8667,1179,111,0.618699,0.824813
e,1675,44.9225,1180,111,0.618699,0.824813
e,1676,44.9773,1181,111,0.618699,0.824813
e,1677,44.9804,1182,111,0.618699,0.824813
e,1678,45.0201,1183,111,0.618699,0.824813
e,1679,45.0202,1183,111,0.618699,0.824813
d,1679,45.17,1183,112,0.618699,0.824813
e,1680,45.1703,1183,112,0.618699,0.824813
e,1681,45.1704,1183,112,0.618699,0.824813
e,1682,45.211,1184,112,0.618699,0.824813
e,1683,45.246,1185,112,0.618699,0.824813
e,1684,45.2461,1185,112,0.618699,0.824813
e,1685,45.2637,1186,112,0.618699,0.824813
e,1686,45.3123,1187,112,0.618699,0.824813
e,1687,45.3847,1188,112,0.618699,0.824813
e,1688,45.4287,1189,112,0.618699,0.824813
e,1689,45.4886,1190,112,0.618699,0.824813
e,1690,45.4889,1190,112,0.618699,0.824813
e,1691,45.4889,1190,112,0.618699,0.824813
e,1692,45.489,1190,112,0.618699,0.824813
e,1693,45.4891,1190,112,0.618699,0.824813
e,1694,45.5238,1191,112,0.618699,0.824813
e,1695,45.5747,1192,112,0.618699,0.824813
e,1696,45.5748,1192,112,0.618699,0.824813
e,1697,45.5749,1192,112,0.618699,0.824813
e,1698,45.6117,1193,112,0.618699,0.824813
e,1699,45.6698,1194,112,0.618699,0.824813
d,1699,45.8343,1194,113,0.618699,0.824813
e,1700,45.8971,1195,113,0.618699,0.824813
e,1701,45.9687,1196,113,0.618699,0.824813
e,1702,46.0049,1197,113,0.618699,0.824813
e,1703,46.0654,1198,113,0.618699,0.824813
e,1704,46.1045,1199,113,0.618699,0.824813
e,1705,46.1679,1200,113,0.618699,0.824813
e,1706,46.168,1200,113,0.618699,0.824813
e,1707,46.2208,1201,113,0.618699,0.824813
e,1708,46.2209,1201,113,0.618699,0.824813
e,1709,46.2802,1202,113,0.618699,0.824813
e,1710,46.3302,1203,113,0.618699,0.824813
e,1711,46.3303,1203,113,0.618699,0.824813
e,1712,46.3993,1204,113,0.618699,0.824813
e,1713,46.3994,1204,113,0.618699,0.824813
e,1714,46.4374,1205,113,0.618699,0.824813
e,1715,46.5034,1206,113,0.618699,0.824813
e,1716,46.5038,1206,113,0.618699,0.824813
e,1717,46.5654,1207,113,0.618699,0.824813
e,1718,46.6156,1208,113,0.618699,0.824813
e,1719,46.6157,1208,113,0.618699,0.824813
d,1719,46.786,1208,114,0.618699,0.824813
e,1720,46.832,1209,114,0.618699,0.824813
e,1721,46.8829,1210,114,0.618699,0.824813
e,1722,46.9519,1211,114,0.618699,0.824813
e,1723,46.953,1211,114,0.618699,0.824813
e,1724,47.0152,1212,114,0.618699,0.824813
e,1725,47.0478,1213,114,0.618699,0.824813
e,1726,47.1123,1214,114,0.618699,0.824813
e,1727,47.1435,1215,114,0.618699,0.824813
e,1728,47.1436,1215,114,0.618699,0.824813
e,1729,47.1437,1215,114,0.618699,0.824813
e,1730,47.144,1216,114,0.618699,0.824813
e,1731,47.1441,1216,114,0.618699,0.824813
e,1732,47.2007,1217,114,0.618699,0.824813
e,1733,47.2639,1218,114,0.618699,0.824813
e,1734,47.3124,1219,114,0.618699,0.824813
e,1735,47.3125,1219,114,0.618699,0.824813
e,1736,47.3126,1219,114,0.618699,0.824813
e,1737,47.3761,1220,114,0.618699,0.824813
e,1738,47.4316,1221,114,0.618699,0.824813
e,1739,47.4738,1222,114,0.618699,0.824813
d,1739,47.6336,1222,115,0.618699,0.824813
e,1740,47.6374,1223,115,0.618699,0.824813
e,1741,47.6978,1224,115,0.618699,0.824813
e,1742,47.6987,1224,115,0.618699,0.824813
e,1743,47.7566,1225,115,0.618699,0.824813
e,1744,47.7991,1226,115,0.618699,0.824813
e,1745,47.7992,1226,115,0.618699,0.824813
e,1746,47.8409,1227,115,0.618699,0.824813
e,1747,47.8907,1228,115,0.618699,0.824813
e,1748,47.9464,1229,115,0.618699,0.824813
e,1749,47.9955,1230,115,0.618699,0.824813
e,1750,47.9964,1230,115,0.618699,0.824813
e,1751,48.0518,1231,115,0.618699,0.824813
e,1752,48.1172,1232,115,0.618699,0.824813
e,1753,48.1176,1232,115,0.618699,0.824813
e,1754,48.1591,1233,115,0.618699,0.824813
e,1755,48.1592,1233,115,0.618699,0.824813
e,1756,48.2146,1234,115,0.618699,0.824813
e,1757,48.274,1235,115,0.618699,0.824813
e,1758,48.2741,1235,115,0.618699,0.824813
e,1759,48.3418,1236,115,0.618699,0.824813
d,1759,48.5093,1236,116,0.618699,0.824813
e,1760,48.5097,1236,116,0.618699,0.824813
e,1761,48.5479,1237,116,0.618699,0.824813
e,1762,48.548,1237,116,0.618699,0.824813
e,1763,48.5481,1237,116,0.618699,0.824813
e,1764,48.5482,1237,116,0.618699,0.824813
e,1765,48.5887,1238,116,0.618699,0.824813
e,1766,48.6417,1239,116,0.618699,0.824813
e,1767,48.642,1239,116,0.618699,0.824813
e,1768,48.6768,1240,116,0.618699,0.824813
e,1769,48.6771,1240,116,0.618699,0.824813
e,1770,48.7227,1241,116,0.618699,0.824813
e,1771,48.7684,1242,116,0.618699,0.824813
e,1772,48.8139,1243,116,0.618699,0.824813
e,1773,48.8654,1244,116,0.618699,0.824813
e,1774,48.9302,1245,116,0.618699,0.824813
e,1775,48.9903,1246,116,0.618699,0.824813
e,1776,49.0405,1247,116,0.618699,0.824813
e,1777,49.0436,1248,116,0.618699,0.824813
e,1778,49.0445,1248,116,0.618699,0.824813
e,1779,49.0918,1249,116,0.618699,0.824813
d,1779,49.2651,1249,117,0.618699,0.824813
e,1780,49.3238,1250,117,0.618699,0.824813
e,1781,49.3267,1251,117,0.618699,0.824813
e,1782,49.3796,1252,117,0.618699,0.824813
e,1783,49.4634,1253,117,0.618699,0.824813
e,1784,49.5282,1254,117,0.618699,0.824813
e,1785,49.5284,1254,117,0.618699,0.824813
e,1786,49.5849,1255,117,0.618699,0.824813
e,1787,49.6368,1256,117,0.618699,0.824813
e,1788,49.6743,1257,117,0.618699,0.824813
e,1789,49.7435,1258,117,0.618699,0.824813
e,1790,49.7962,1259,117,0.618699,0.824813
e,1791,49.8431,1260,117,0.618699,0.824813
e,1792,49.9106,1261,117,0.618699,0.824813
e,1793,49.9493,1262,117,0.618699,0.824813
e,1794,49.9972,1263,117,0.618699,0.824813
e,1795,50.0003,1264,117,0.618699,0.824813
e,1796,50.0456,1265,117,0.618699,0.824813
e,1797,50.0457,1265,117,0.618699,0.824813
e,1798,50.1032,1266,117,0.618699,0.824813
e,1799,50.1818,1267,117,0.618699,0.824813
d,1799,50.4303,1267,118,0.618699,0.824813
e,1800,50.4621,1268,118,0.618699,0.824813
e,1801,50.4858,1269,118,0.618699,0.824813
e,1802,50.5227,1270,118,0.618699,0.824813
e,1803,50.5735,1271,118,0.618699,0.824813
e,1804,50.5736,1271,118,0.618699,0.824813
e,1805,50.5737,1271,118,0.618699,0.824813
e,1806,50.6224,1272,118,0.618699,0.824813
e,1807,50.6234,1272,118,0.618699,0.824813
e,1808,50.6235,1272,118,0.618699,0.824813
e,1809,50.6764,1273,118,0.618699,0.824813
e,1810,50.7291,1274,118,0.618699,0.824813
e,1811,50.7766,1275,118,0.618699,0.824813
e,1812,50.8188,1276,118,0.618699,0.824813
e,1813,50.8683,1277,118,0.618699,0.824813
e,1814,50.9172,1278,118,0.618699,0.824813
e,1815,50.9786,1279,118,0.618699,0.824813
e,1816,50.9787,1279,118,0.618699,0.824813
e,1817,50.9788,1279,118,0.618699,0.824813
e,1818,51.0326,1280,118,0.618699,0.824813
e,1819,51.0762,1281,118,0.618699,0.824813
d,1819,51.2589,1281,119,0.618699,0.824813
e,1820,51.3189,1282,119,0.618699,0.824813
e,1821,51.3191,1282,119,0.618699,0.824813
e,1822,51.3192,1282,119,0.618699,0.824813
e,1823,51.3561,1283,119,0.618699,0.824813
e,1824,51.4075,1284,119,0.618699,0.824813
e,1825,51.458,1285,119,0.618699,0.824813
e,1826,51.5115,1286,119,0.618699,0.824813
e,1827,51.5671,1287,119,0.618699,0.824813
e,1828,51.6262,1288,119,0.618699,0.824813
e,1829,51.6263,1288,119,0.618699,0.824813
e,1830,51.6941,1289,119,0.618699,0.824813
e,1831,51.7588,1290,119,0.618699,0.824813
e,1832,51.7592,1290,119,0.618699,0.824813
e,1833,51.7601,1290,119,0.618699,0.824813
e,1834,51.7602,1290,119,0.618699,0.824813
e,1835,51.7603,1290,119,0.618699,0.824813
e,1836,51.7604,1290,119,0.618699,0.824813
e,1837,51.8006,1291,119,0.618699,0.824813
e,1838,51.8682,1292,119,0.618699,0.824813
e,1839,51.9077,1293,119,0.618699,0.824813
d,1839,52.0819,1293,120,0.618699,0.824813
e,1840,52.0823,1293,120,0.618699,0.824813
e,1841,52.0853,1294,120,0.618699,0.824813
e,1842,52.1295,1295,120,0.618699,0.824813
e,1843,52.1991,1296,120,0.618699,0.824813
e,1844,52.2611,1297,120,0.618699,0.824813
e,1845,52.3103,1298,120,0.618699,0.824813
e,1846,52.3525,1299,120,0.618699,0.824813
e,1847,52.3955,1300,120,0.618699,0.824813
e,1848,52.403,1301,120,0.618699,0.824813
e,1849,52.4031,1301,120,0.618699,0.824813
e,1850,52.4691,1302,120,0.618699,0.824813
e,1851,52.5215,1303,120,0.618699,0.824813
e,1852,52.5244,1304,120,0.618699,0.824813
e,1853,52.5783,1305,120,0.618699,0.824813
e,1854,52.6462,1306,120,0.618699,0.824813
e,1855,52.6538,1307,120,0.618699,0.824813
e,1856,52.6539,1307,120,0.618699,0.824813
e,1857,52.7129,1308,120,0.618699,0.824813
e,1858,52.713,1308,120,0.618699,0.824813
e,1859,52.7131,1308,120,0.618699,0.824813
d,1859,52.8889,1308,121,0.618699,0.824813
e,1860,52.9226,1309,121,0.618699,0.824813
e,1861,52.9661,1310,121,0.618699,0.824813
e,1862,52.9662,1310,121,0.618699,0.824813
e,1863,53.0248,1311,121,0.618699,0.824813
e,1864,53.0937,1312,121,0.618699,0.824813
e,1865,53.1463,1313,121,0.618699,0.824813
e,1866,53.2119,1314,121,0.618699,0.824813
e,1867,53.2514,1315,121,0.618699,0.824813
e,1868,53.2515,1315,121,0.618699,0.824813
e,1869,53.3084,1316,121,0.618699,0.824813
e,1870,53.3085,1316,121,0.618699,0.824813
e,1871,53.3086,1316,121,0.618699,0.824813
e,1872,53.3466,1317,121,0.618699,0.824813
e,1873,53.3467,1317,121,0.618699,0.824813
e,1874,53.4069,1318,121,0.618699,0.824813
e,1875,53.4563,1319,121,0.618699,0.824813
e,1876,53.5182,1320,121,0.618699,0.824813
e,1877,53.5632,1321,121,0.618699,0.824813
e,1878,53.5964,1322,121,0.618699,0.824813
e,1879,53.6578,1323,121,0.618699,0.824813
d,1879,54.0944,1323,122,0.610378,0.824813
e,1880,54.1574,1324,122,0.610378,0.824813
o,1880,55.4151,1324,125,0.599479,0.824813
e,1881,55.4657,1325,125,0.599479,0.824813
e,1882,55.5193,1326,125,0.599479,0.824813
e,1883,55.5195,1326,125,0.599479,0.824813
e,1884,55.586,1327,125,0.599479,0.824813
e,1885,55.5862,1327,125,0.599479,0.824813
e,1886,55.5863,1327,125,0.599479,0.824813
e,1887,55.6256,1328,125,0.599479,0.824813
e,1888,55.6853,1329,125,0.599479,0.824813
e,1889,55.6856,1329,125,0.599479,0.824813
e,1890,55.6857,1329,125,0.599479,0.824813
e,1891,55.7599,1330,125,0.599479,0.824813
e,1892,55.8081,1331,125,0.599479,0.824813
e,1893,55.8082,1331,125,0.599479,0.824813
e,1894,55.8548,1332,125,0.599479,0.824813
e,1895,55.8954,1333,125,0.599479,0.824813
e,1896,55.8956,1333,125,0.599479,0.824813
e,1897,55.9497,1334,125,0.599479,0.824813
e,1898,55.9498,1334,125,0.599479,0.824813
e,1899,56.0101,1335,125,0.599479,0.824813
d,1899,56.1899,1335,126,0.599479,0.824813
e,1900,56.1902,1335,126,0.599479,0.824813
e,1901,56.1903,1335,126,0.599479,0.824813
e,1902,56.1904,1335,126,0.599479,0.824813
e,1903,56.1905,1335,126,0.599479,0.824813
e,1904,56.2679,1336,126,0.599479,0.824813
e,1905,56.3101,1337,126,0.599479,0.824813
e,1906,56.3419,1338,126,0.599479,0.824813
e,1907,56.3453,1339,126,0.599479,0.824813
e,1908,56.4092,1340,126,0.599479,0.824813
e,1909,56.4125,1341,126,0.599479,0.824813
e,1910,56.4126,1341,126,0.599479,0.824813
e,1911,56.4561,1342,126,0.599479,0.824813
e,1912,56.4563,1342,126,0.599479,0.824813
e,1913,56.4934,1343,126,0.599479,0.824813
e,1914,56.5337,1344,126,0.599479,0.824813
e,1915,56.5741,1345,126,0.599479,0.824813
e,1916,56.6093,1346,126,0.599479,0.824813
e,1917,56.6103,1346,126,0.599479,0.824813
e,1918,56.647,1347,126,0.599479,0.824813
e,1919,56.6918,1348,126,0.599479,0.824813
d,1919,56.8838,1348,127,0.599479,0.824813
e,1920,56.9492,1349,127,0.599479,0.824813
e,1921,56.9495,1349,127,0.599479,0.824813
e,1922,56.9496,1349,127,0.599479,0.824813
e,1923,57.0081,1350,127,0.599479,0.824813
e,1924,57.0592,1351,127,0.599479,0.824813
e,1925,57.1151,1352,127,0.599479,0.824813
e,1926,57.1674,1353,127,0.599479,0.824813
e,1927,57.2078,1354,127,0.599479,0.824813
e,1928,57.2079,1354,127,0.599479,0.824813
e,1929,57.2656,1355,127,0.599479,0.824813
e,1930,57.2667,1355,127,0.599479,0.824813
e,1931,57.2668,1355,127,0.599479,0.824813
e,1932,57.2677,1355,127,0.599479,0.824813
e,1933,57.3122,1356,127,0.599479,0.824813
e,1934,57.3123,1356,127,0.599479,0.824813
e,1935,57.3124,1356,127,0.599479,0.824813
e,1936,57.3125,1356,127,0.599479,0.824813
e,1937,57.3248,1357,127,0.599479,0.824813
e,1938,57.3896,1358,127,0.599479,0.824813
e,1939,57.39,1358,127,0.599479,0.824813
d,1939,57.5959,1358,128,0.599479,0.824813
e,1940,57.6361,1359,128,0.599479,0.824813
e,1941,57.6883,1360,128,0.599479,0.824813
e,1942,57.7345,1361,128,0.599479,0.824813
e,1943,57.7761,1362,128,0.599479,0.824813
e,1944,57.8186,1363,128,0.599479,0.824813
e,1945,57.8188,1363,128,0.599479,0.824813
e,1946,57.822,1364,128,0.599479,0.824813
e,1947,57.8635,1365,128,0.599479,0.824813
e,1948,57.867,1366,128,0.599479,0.824813
e,1949,57.907,1367,128,0.599479,0.824813
e,1950,57.9102,1368,128,0.599479,0.824813
e,1951,57.9103,1368,128,0.599479,0.824813
e,1952,57.9709,1369,128,0.599479,0.824813
e,1953,57.9743,1370,128,0.599479,0.824813
e,1954,57.9744,1370,128,0.599479,0.824813
e,1955,58.0282,1371,128,0.599479,0.824813
e,1956,58.0749,1372,128,0.599479,0.824813
e,1957,58.1137,1373,128,0.599479,0.824813
e,1958,58.1747,1374,128,0.599479,0.824813
e,1959,58.1748,1374,128,0.599479,0.824813
d,1959,58.3771,1374,129,0.599479,0.824813
e,1960,58.3774,1374,129,0.599479,0.824813
e,1961,58.3775,1374,129,0.599479,0.824813
e,1962,58.4278,1375,129,0.599479,0.824813
e,1963,58.4287,1375,129,0.599479,0.824813
e,1964,58.4288,1375,129,0.599479,0.824813
e,1965,58.4289,1375,129,0.599479,0.824813
e,1966,58.4431,1376,129,0.599479,0.824813
e,1967,58.4439,1376,129,0.599479,0.824813
e,1968,58.447,1377,129,0.599479,0.824813
e,1969,58.4471,1377,129,0.599479,0.824813
e,1970,58.5101,1378,129,0.599479,0.824813
e,1971,58.5134,1379,129,0.599479,0.824813
e,1972,58.5624,1380,129,0.599479,0.824813
e,1973,58.6368,1381,129,0.599479,0.824813
e,1974,58.6772,1382,129,0.599479,0.824813
e,1975,58.726,1383,129,0.599479,0.824813
e,1976,58.7263,1383,129,0.599479,0.824813
e,1977,58.7297,1384,129,0.599479,0.824813
e,1978,58.78,1385,129,0.599479,0.824813
e,1979,58.8303,1386,129,0.599479,0.824813
d,1979,59.0332,1386,130,0.599479,0.824813
e,1980,59.0947,1387,130,0.599479,0.824813
e,1981,59.0949,1387,130,0.599479,0.824813
e,1982,59.095,1387,130,0.599479,0.824813
e,1983,59.1611,1388,130,0.599479,0.824813
e,1984,59.2181,1389,130,0.599479,0.824813
e,1985,59.256,1390,130,0.599479,0.824813
e,1986,59.3082,1391,130,0.599479,0.824813
e,1987,59.3479,1392,130,0.599479,0.824813
e,1988,59.348,1392,130,0.599479,0.824813
e,1989,59.348,1392,130,0.599479,0.824813
e,1990,59.3481,1392,130,0.599479,0.824813
e,1991,59.4116,1393,130,0.599479,0.824813
e,1992,59.4554,1394,130,0.599479,0.824813
e,1993,59.4975,1395,130,0.599479,0.824813
e,1994,59.557,1396,130,0.599479,0.824813
e,1995,59.618,1397,130,0.599479,0.824813
e,1996,59.6897,1398,130,0.599479,0.824813
e,1997,59.69,1398,130,0.599479,0.824813
e,1998,59.7355,1399,130,0.599479,0.824813
e,1999,59.7596,1400,130,0.599479,0.824813
d,1999,59.9689,1400,131,0.599479,0.824813
e,2000,60.0164,1401,131,0.599479,0.824813
