time,body1,body2,cop x,cop y,cop z,fx,fy,fz,tx,ty,tz
0.2,Terrain,spikes,0.861829,0.0399527,-0.000739393,-1.0985,-1.55247,987.771,-5.83003e-05,3.35622e-05,0.000796508
0.21,Terrain,spikes,0.903148,0.0578181,-0.000721997,1.09314,1.58571,42.8763,-2.51214e-05,6.50094e-05,-0.000942956
0.22,Terrain,spikes,0.99819,0.196541,-0.000619311,0.0219656,0.0464667,48.9071,0.000319943,-0.000155665,1.26516e-06
0.23,Terrain,spikes,0.999054,0.20167,-0.00060116,0.012214,-0.0220137,48.9883,0.000170154,-0.000109838,-6.0948e-05
0.24,Terrain,spikes,1.00001,0.20105,-0.000585908,-0.000781481,-0.0135616,48.9358,0.000187019,-0.000105565,-2.09292e-05
0.25,Terrain,spikes,1.00267,0.19245,-0.000574928,0.00992247,0.0560522,61.1983,0.000218646,-0.000160675,0.00032776
0.25,spikes,plane,0.975045,0.159135,0.0899463,-0.000692744,-0.00203913,-12.2836,7.44708e-05,-6.00789e-05,-0.000288082
0.26,Terrain,spikes,1.00065,0.204982,-0.000556632,-0.0100966,-0.0668742,49.4653,0.000156295,-9.98428e-05,-5.94122e-05
0.26,spikes,plane,1.00059,0.205371,0.0900154,0.000224494,0.00153796,-0.489133,5.21192e-06,-5.93494e-06,-1.16152e-06
0.27,Terrain,spikes,1.00001,0.198202,-0.000545919,-0.000510547,0.0251884,49.4714,0.000133055,-9.65766e-05,4.32367e-05
0.27,spikes,plane,1.00006,0.197975,0.0900584,1.28762e-05,-0.000588096,-0.489166,4.97175e-06,-5.46027e-06,-1.41161e-06
0.28,Terrain,spikes,1.00083,0.20231,-0.000530787,-0.0112918,-0.0324503,49.3896,0.000206543,-9.19353e-05,-4.43508e-05
0.28,spikes,plane,1.00079,0.202359,0.0901055,0.000252436,0.000737776,-0.488436,4.63545e-06,-5.39767e-06,2.03988e-06
0.29,Terrain,spikes,0.998553,0.198741,-0.000519878,0.0135174,0.0216146,49.4988,0.000165576,-8.0734e-05,1.08708e-05
0.29,spikes,plane,0.998527,0.198508,0.0901467,-0.000309715,-0.000508006,-0.489478,5.11603e-06,-4.67109e-06,1.28232e-06
0.3,Terrain,spikes,0.99908,0.199865,-0.00050708,0.0108121,0.00407491,49.4509,8.81347e-05,-8.04357e-05,-9.18358e-06
0.3,spikes,plane,0.998759,0.199763,0.090189,-0.000265334,-0.000101893,-0.489081,4.32919e-06,-4.9252e-06,6.1151e-07
0.31,Terrain,spikes,0.997051,0.205117,-0.000493618,0.0374503,-0.0659676,49.1695,0.000136436,-9.26538e-05,-0.000142609
0.31,spikes,plane,0.996755,0.205475,0.0902315,-0.000870125,0.00151771,-0.486291,4.25918e-06,-4.71058e-06,2.64224e-06
0.32,Terrain,spikes,1.00402,0.194179,-0.000484563,-0.0552133,0.0813562,49.7157,0.000197227,-9.62391e-05,0.000200884
0.32,spikes,plane,1.00436,0.193585,0.0902675,0.00127337,-0.00188813,-0.491696,4.60237e-06,-4.56505e-06,-2.34739e-06
0.33,Terrain,spikes,0.998568,0.202641,-0.000471663,0.0139909,-0.0316184,49.4597,8.81262e-05,-5.66423e-05,-6.65419e-05
0.33,spikes,plane,0.998402,0.202832,0.0903075,-0.00032839,0.00072596,-0.489202,3.93056e-06,-4.21877e-06,1.16823e-06
0.34,Terrain,spikes,0.999757,0.201763,-0.00046109,0.00324478,-0.0237398,49.3932,7.57442e-05,-5.8407e-05,-3.72144e-05
0.34,spikes,plane,0.999604,0.201814,0.0903437,-8.48906e-05,0.000540209,-0.48857,4.4287e-06,-4.68107e-06,-1.46467e-06
0.35,Terrain,spikes,1.00012,0.197715,-0.000451781,-0.00169532,0.0316627,49.5175,7.50422e-05,-3.54221e-05,4.46379e-05
0.35,spikes,plane,1.00026,0.197572,0.090378,4.46372e-05,-0.000731398,-0.489761,4.04263e-06,-4.12654e-06,-2.03754e-07
0.36,Terrain,spikes,1.00125,0.200029,-0.00044063,-0.0172204,-0.000126778,49.4614,6.2839e-05,-3.05229e-05,1.62622e-05
0.36,spikes,plane,1.00127,0.199797,0.0904135,0.000390721,-1.30615e-05,-0.489289,4.10296e-06,-4.18942e-06,1.72013e-06
0.37,Terrain,spikes,1.00063,0.200043,-0.000430822,-0.00902717,-0.000695116,49.4438,8.2981e-05,-3.66783e-05,2.2028e-05
0.37,spikes,plane,1.0006,0.200059,0.0904469,0.000202079,1.33534e-05,-0.489093,3.52142e-06,-3.775e-06,-4.81938e-07
0.38,Terrain,spikes,0.999178,0.199981,-0.000421494,0.0113283,-9.74729e-06,49.4693,7.82633e-05,-2.76626e-05,-1.57397e-05
0.38,spikes,plane,0.999085,0.199953,0.090479,-0.000265383,-4.21466e-06,-0.48937,3.59682e-06,-3.69933e-06,-2.26872e-07
0.39,Terrain,spikes,0.998526,0.202965,-0.000411564,0.0205886,-0.041604,49.3725,8.39661e-05,-4.23869e-05,-7.05097e-05
0.39,spikes,plane,0.998415,0.203168,0.090511,-0.000477762,0.000955836,-0.48841,3.10468e-06,-3.56165e-06,-1.51122e-06
0.4,Terrain,spikes,1.00284,0.198135,-0.000403394,-0.0392888,0.0260061,49.5377,6.4336e-05,-2.58524e-05,6.85544e-05
0.4,spikes,plane,1.00305,0.197868,0.0905401,0.000904047,-0.000610653,-0.490091,3.65738e-06,-3.47247e-06,-4.05462e-07
0.41,Terrain,spikes,0.999054,0.199981,-0.000395146,0.020358,-0.00338381,49.4542,5.25906e-05,-1.31429e-05,-3.30893e-05
0.41,spikes,plane,0.99883,0.199939,0.0905687,-0.000480724,7.26466e-05,-0.489271,3.06233e-06,-3.04334e-06,-8.8383e-07
0.42,Terrain,spikes,1.00148,0.197066,-0.000387214,-0.0206849,0.039754,49.4288,6.7434e-05,-3.22597e-05,5.39293e-05
0.42,spikes,plane,1.00166,0.196742,0.0905963,0.000479307,-0.000926956,-0.48901,4.0883e-06,-3.42317e-06,9.09876e-07
0.43,Terrain,spikes,1.00033,0.2022,-0.000378009,-0.0043324,-0.0308058,49.4827,5.96292e-05,-2.47951e-05,-1.83971e-05
0.43,spikes,plane,1.00038,0.202299,0.0906251,9.90964e-05,0.000704162,-0.489573,4.43885e-06,-4.08103e-06,8.53927e-07
0.44,Terrain,spikes,0.997483,0.199856,-0.000371356,0.0352703,0.000627032,49.4772,5.44786e-05,-1.8101e-05,-3.47976e-05
0.44,spikes,plane,0.99723,0.199827,0.09065,-0.000820694,-1.89283e-05,-0.489512,4.39038e-06,-4.03986e-06,2.95498e-07
0.45,Terrain,spikes,1.003,0.200992,-0.000362658,-0.0410465,-0.0136191,49.4556,3.27518e-05,-1.07754e-05,3.07986e-05
0.45,spikes,plane,1.00327,0.201167,0.090677,0.000947851,0.000316666,-0.489323,4.54578e-06,-3.86458e-06,4.0094e-07
0.46,Terrain,spikes,0.997733,0.199498,-0.000356664,0.0302451,0.00894836,49.485,1.68622e-05,-1.78641e-05,-2.59619e-05
0.46,spikes,plane,0.997483,0.199491,0.0906999,-0.00070533,-0.00020788,-0.48961,4.06305e-06,-3.49786e-06,1.60791e-06
0.47,Terrain,spikes,1.00092,0.199222,-0.000349301,-0.0127442,0.00964645,49.4636,5.12466e-05,-2.57134e-05,1.95005e-05
0.47,spikes,plane,1.001,0.198956,0.0907241,0.000292312,-0.000237816,-0.489441,4.00537e-06,-3.42661e-06,2.00385e-06
0.48,Terrain,spikes,0.997985,0.200423,-0.000342644,0.0272013,-0.00568724,49.4606,2.98445e-05,-1.52852e-05,-3.00599e-05
0.48,spikes,plane,0.997796,0.200523,0.090747,-0.000632877,0.000131771,-0.489386,3.89341e-06,-3.37387e-06,-4.27547e-07
0.49,Terrain,spikes,1.00231,0.201504,-0.000335303,-0.0312724,-0.0206622,49.4757,2.64155e-05,-1.5098e-05,1.33745e-05
0.49,spikes,plane,1.00259,0.201702,0.0907703,0.00072619,0.000478855,-0.489558,3.90179e-06,-3.09084e-06,-1.02878e-06
0.5,Terrain,spikes,0.998121,0.19947,-0.000330055,0.0249986,0.00735171,49.4473,1.98069e-05,-1.32295e-05,-2.10986e-05
0.5,spikes,plane,0.99794,0.19936,0.0907902,-0.000582151,-0.000177135,-0.48929,3.84473e-06,-3.08735e-06,8.97887e-07
0.51,Terrain,spikes,1.00148,0.201458,-0.000323104,-0.0211297,-0.0196646,49.4596,6.63664e-06,-1.55767e-05,3.065e-06
0.51,spikes,plane,1.00153,0.201553,0.0908121,0.000482526,0.000450247,-0.48944,3.7771e-06,-3.19269e-06,-6.76371e-07
0.52,Terrain,spikes,0.999768,0.201078,-0.00031759,0.00248156,-0.0133709,49.4174,4.76545e-06,-7.98149e-06,-8.33353e-06
0.52,spikes,plane,0.999739,0.201106,0.0908316,-6.04663e-05,0.000303103,-0.489025,3.58157e-06,-3.01071e-06,-4.24123e-07
0.53,Terrain,spikes,0.999825,0.197454,-0.000312724,0.00179474,0.0362913,49.5555,1.2022e-05,-1.33699e-05,2.40294e-05
0.53,spikes,plane,0.999808,0.197261,0.0908498,-4.4017e-05,-0.000842289,-0.490371,3.62283e-06,-2.6987e-06,2.8142e-07
0.54,Terrain,spikes,1.00059,0.200173,-0.00030656,-0.0071343,-0.00352331,49.4658,1.75849e-05,-7.16785e-06,4.11901e-06
0.54,spikes,plane,1.00062,0.200205,0.0908695,0.000161763,7.89567e-05,-0.489512,3.27997e-06,-2.36161e-06,1.07509e-06
0.55,Terrain,spikes,0.999389,0.198172,-0.000301693,0.00810819,0.0248573,49.4749,3.14095e-05,-1.71906e-05,2.24048e-06
0.55,spikes,plane,0.999378,0.197979,0.090887,-0.000187821,-0.000581263,-0.489598,3.37035e-06,-2.27041e-06,-3.2412e-07
0.56,Terrain,spikes,1.00104,0.20199,-0.000295585,-0.0133986,-0.0279423,49.4699,1.31992e-05,-2.97044e-06,2.19887e-06
0.56,spikes,plane,1.00109,0.202221,0.0909059,0.000306319,0.000647238,-0.489576,3.06853e-06,-2.19922e-06,1.53761e-06
0.57,Terrain,spikes,0.998844,0.198422,-0.000291574,0.0154583,0.0222998,49.4785,8.62768e-06,-2.26607e-06,5.23767e-07
0.57,spikes,plane,0.998774,0.198255,0.0909215,-0.000358844,-0.000521647,-0.489651,3.12954e-06,-2.13013e-06,4.62685e-07
0.58,Terrain,spikes,1.00156,0.200753,-0.000285971,-0.0224343,-0.00968127,49.4598,1.35392e-05,-9.4627e-06,1.06349e-05
0.58,spikes,plane,1.0017,0.200821,0.0909391,0.000517498,0.000220961,-0.489489,3.07475e-06,-2.10029e-06,1.00226e-06
0.59,Terrain,spikes,1.00015,0.201398,-0.000281258,-0.00203524,-0.0194116,49.4724,1.64143e-05,-4.26793e-06,-1.05108e-05
0.59,spikes,plane,1.00018,0.201509,0.0909551,4.58192e-05,0.000445792,-0.489619,2.847e-06,-1.99341e-06,-7.39907e-07
0.6,Terrain,spikes,0.997655,0.198756,-0.000277474,0.0340066,0.0156108,49.4815,1.56045e-05,-8.35472e-06,-1.6612e-05
0.6,spikes,plane,0.997446,0.198664,0.0909694,-0.000790299,-0.000364458,-0.489698,2.72355e-06,-1.84655e-06,-6.20657e-07
0.61,Terrain,spikes,1.00455,0.197562,-0.000272613,-0.0611666,0.0330138,49.3182,1.30706e-05,-5.74596e-06,6.39408e-05
0.61,spikes,plane,1.00491,0.197348,0.0909849,0.00141316,-0.000768703,-0.48812,2.81422e-06,-1.6531e-06,7.64521e-07
0.62,Terrain,spikes,0.997388,0.203968,-0.000268137,0.0362636,-0.0556205,49.623,1.12553e-05,-3.94108e-06,-6.14115e-05
0.62,spikes,plane,0.997209,0.204366,0.0909997,-0.000840065,0.00128818,-0.491113,2.52384e-06,-1.95011e-06,-1.41245e-06
0.63,Terrain,spikes,0.99981,0.198071,-0.000264839,0.00099456,0.0292671,49.4885,6.1211e-06,-4.32486e-06,2.12373e-05
0.63,spikes,plane,0.999816,0.197914,0.0910124,-2.43556e-05,-0.000680846,-0.489793,2.62227e-06,-2.01969e-06,1.60217e-06
0.64,Terrain,spikes,1.00022,0.201404,-0.000260474,-0.0018929,-0.0208628,49.474,7.98249e-06,-1.1544e-06,-1.45726e-05
0.64,spikes,plane,1.00019,0.201495,0.0910264,3.91181e-05,0.000478006,-0.489677,2.58414e-06,-2.40915e-06,1.74809e-06
0.65,Terrain,spikes,0.999704,0.199921,-0.000256986,0.0036984,0.00152096,49.4827,8.15651e-06,-9.43931e-07,-4.17078e-06
0.65,spikes,plane,0.999757,0.199933,0.0910389,-8.39622e-05,-3.7552e-05,-0.489741,2.67961e-06,-2.39283e-06,1.6234e-06
0.66,Terrain,spikes,0.998996,0.197614,-0.000253719,0.0126401,0.0345851,49.4543,6.52675e-06,-3.27651e-06,1.51337e-05
0.66,spikes,plane,0.998771,0.197505,0.0910508,-0.000303058,-0.000799314,-0.489484,2.63262e-06,-2.27458e-06,1.4297e-07
0.67,Terrain,spikes,1.00028,0.202151,-0.000249455,-0.00266412,-0.0325931,49.5021,1.26543e-05,-2.73843e-06,-1.97141e-05
0.67,spikes,plane,1.00046,0.202279,0.091064,6.78376e-05,0.000747738,-0.489948,2.3022e-06,-2.25625e-06,2.88751e-06
0.68,Terrain,spikes,1.00226,0.200118,-0.000246189,-0.0311089,0.000482284,49.4504,-2.1392e-06,1.02065e-06,1.89625e-05
0.68,spikes,plane,1.00242,0.200248,0.0910754,0.000716953,-7.75151e-06,-0.489461,2.57372e-06,-2.19165e-06,-1.62538e-06
0.69,Terrain,spikes,0.99808,0.200684,-0.000243282,0.0273637,-0.0105175,49.4971,1.23437e-05,-9.52474e-08,-2.28747e-05
0.69,spikes,plane,0.997966,0.20066,0.0910861,-0.000633764,0.000235374,-0.489917,2.39553e-06,-2.34802e-06,6.37015e-07
0.7,Terrain,spikes,1.00062,0.199225,-0.000239959,-0.00911521,0.0105196,49.4879,8.49492e-06,-3.85635e-06,1.16948e-05
0.7,spikes,plane,1.00065,0.199233,0.0910973,0.000207627,-0.000243299,-0.489833,2.4695e-06,-2.12513e-06,3.65394e-07
0.71,Terrain,spikes,0.997672,0.201398,-0.000236775,0.0335328,-0.0196665,49.4029,3.91382e-06,-7.85777e-07,-3.57682e-05
0.71,spikes,plane,0.997668,0.201569,0.091108,-0.000768455,0.000455064,-0.488974,2.20454e-06,-2.17938e-06,-2.57611e-07
0.72,Terrain,spikes,1.00306,0.199827,-0.000233947,-0.0521069,0.0158505,49.5363,7.74865e-07,1.92324e-06,4.74456e-05
0.72,spikes,plane,1.00334,0.199608,0.0911178,0.00120467,-0.00037825,-0.490339,1.91712e-06,-1.74992e-06,1.26704e-06
0.73,Terrain,spikes,0.999657,0.199025,-0.000231786,0.00451543,0.0136382,49.4864,5.57971e-06,-5.62355e-07,6.51334e-06
0.73,spikes,plane,0.999566,0.199111,0.0911264,-0.000110413,-0.000310277,-0.489826,2.32767e-06,-2.14901e-06,1.02335e-06
0.74,Terrain,spikes,0.996926,0.201656,-0.000228828,0.0411022,-0.0210959,49.4663,1.04258e-05,-6.64379e-06,-3.49857e-05
0.74,spikes,plane,0.996615,0.20173,0.0911362,-0.000958311,0.000482151,-0.489647,2.07401e-06,-2.2263e-06,-5.10449e-07
0.75,Terrain,spikes,1.002,0.199608,-0.000225954,-0.0271958,0.00483357,49.5068,1.19648e-05,-5.14245e-06,1.56367e-05
0.75,spikes,plane,1.00219,0.199676,0.0911458,0.000628991,-0.000110142,-0.490044,2.26129e-06,-1.98754e-06,4.04774e-07
0.76,Terrain,spikes,0.998027,0.198356,-0.000223771,0.0287227,0.0228825,49.4754,5.43396e-06,-2.61167e-07,-4.50934e-06
0.76,spikes,plane,0.997917,0.198208,0.0911541,-0.000664885,-0.000534437,-0.489717,2.11638e-06,-2.01835e-06,-2.1874e-06
0.77,Terrain,spikes,1.00366,0.201869,-0.000220331,-0.0518907,-0.024107,49.4623,1.09379e-06,-1.26043e-06,1.68463e-05
0.77,spikes,plane,1.00396,0.202164,0.0911643,0.00120011,0.000563087,-0.489627,2.10904e-06,-1.95041e-06,1.98664e-06
0.78,Terrain,spikes,0.995816,0.201725,-0.000218559,0.0566259,-0.0228814,49.421,3.60167e-06,-9.4711e-07,-4.05559e-05
0.78,spikes,plane,0.995516,0.201832,0.0911715,-0.00131237,0.000524906,-0.489188,2.41644e-06,-2.25692e-06,-4.48864e-07
0.79,Terrain,spikes,1.00045,0.200204,-0.000216104,-0.00707662,-0.00227055,49.4795,1.1522e-06,1.55472e-06,-5.36323e-06
0.79,spikes,plane,1.00066,0.200364,0.0911797,0.000171616,5.68324e-05,-0.489764,2.49126e-06,-1.96269e-06,-3.16389e-07
0.8,Terrain,spikes,1.00207,0.198344,-0.000213986,-0.0285826,0.0235186,49.5685,5.10754e-06,-1.07374e-06,3.22235e-05
0.8,spikes,plane,1.0021,0.198184,0.0911872,0.000652456,-0.00054995,-0.490698,2.08589e-06,-1.40476e-06,-1.23825e-06
0.81,Terrain,spikes,1.00066,0.199998,-0.000211534,-0.00925684,0.000202049,49.4844,3.97826e-06,-6.43691e-07,5.86193e-06
0.81,spikes,plane,1.00079,0.200047,0.0911953,0.000216373,-5.4839e-06,-0.489837,1.98955e-06,-1.42914e-06,-3.20978e-07
0.82,Terrain,spikes,0.998102,0.2026,-0.000209105,0.0257828,-0.0356182,49.4024,8.94118e-07,7.82243e-07,-3.14003e-05
0.82,spikes,plane,0.99797,0.202918,0.0912031,-0.000598604,0.000827759,-0.489031,1.82535e-06,-1.60618e-06,-5.82352e-07
0.83,Terrain,spikes,1.00182,0.199183,-0.000207271,-0.0256177,0.0129103,49.5277,1.77755e-06,-2.22686e-06,1.98021e-05
0.83,spikes,plane,1.002,0.199066,0.0912098,0.000592963,-0.000305379,-0.490292,1.94295e-06,-1.31598e-06,-5.0917e-07
0.84,Terrain,spikes,0.998373,0.19803,-0.000205669,0.022581,0.0275754,49.522,1.3291e-06,-9.78878e-07,-3.59603e-07
0.84,spikes,plane,0.998233,0.197892,0.0912159,-0.000526101,-0.000641258,-0.490214,1.89696e-06,-1.38396e-06,-1.085e-07
0.85,Terrain,spikes,0.999958,0.198878,-0.00020346,0.00122961,0.0160711,49.4871,3.93707e-06,-3.92226e-07,4.84427e-06
0.85,spikes,plane,0.999936,0.198758,0.091223,-3.16322e-05,-0.000377495,-0.489889,1.78324e-06,-1.24935e-06,-8.46575e-07
0.86,Terrain,spikes,0.999337,0.200843,-0.000201333,0.00700912,-0.00943226,49.4691,-6.84387e-07,-2.78269e-06,-7.43623e-06
0.86,spikes,plane,0.999245,0.201143,0.0912299,-0.000166887,0.000227881,-0.489698,1.7638e-06,-1.42831e-06,3.80231e-08
0.87,Terrain,spikes,1.00224,0.200791,-0.00019959,-0.0322397,-0.00800083,49.4859,-1.39816e-06,-2.4742e-06,1.60761e-05
0.87,spikes,plane,1.00255,0.200772,0.0912359,0.000752147,0.000177447,-0.489887,2.05827e-06,-1.61513e-06,-5.48645e-07
0.88,Terrain,spikes,0.997247,0.202689,-0.000197999,0.0384946,-0.0367514,49.386,3.40088e-06,-4.59966e-07,-3.25981e-05
0.88,spikes,plane,0.99698,0.202931,0.0912416,-0.000896976,0.0008494,-0.488906,1.98871e-06,-2.06352e-06,1.34854e-06
0.89,Terrain,spikes,1.00173,0.197388,-0.000196751,-0.0245408,0.036808,49.5927,1.41334e-06,-7.90694e-07,2.29009e-05
0.89,spikes,plane,1.00189,0.197268,0.0912466,0.000566941,-0.000851258,-0.490924,1.86771e-06,-1.34196e-06,5.86186e-07
0.9,Terrain,spikes,1.0002,0.200228,-0.000195077,-0.00339665,-0.000213227,49.4802,-2.27099e-06,1.40513e-06,3.34883e-06
0.9,spikes,plane,1.00028,0.200267,0.0912522,7.96272e-05,3.39233e-06,-0.489819,1.87417e-06,-1.26478e-06,3.11825e-06
0.91,Terrain,spikes,0.999171,0.197011,-0.000193999,0.0116011,0.0414374,49.4594,6.59952e-06,-1.01504e-06,1.12003e-05
0.91,spikes,plane,0.999146,0.196818,0.0912567,-0.000268934,-0.00096075,-0.489606,1.46497e-06,-1.01777e-06,-4.89739e-07
0.92,Terrain,spikes,0.999824,0.202838,-0.000191614,0.00240893,-0.0393224,49.5135,2.12881e-06,-1.35022e-06,-1.90553e-05
0.92,spikes,plane,0.999802,0.203089,0.0912636,-5.87078e-05,0.000908896,-0.490186,1.20488e-06,-9.57951e-07,8.3306e-07
0.93,Terrain,spikes,1.00174,0.200825,-0.00019016,-0.0245887,-0.0111148,49.475,4.89787e-06,-1.51202e-06,7.65439e-06
0.93,spikes,plane,1.00197,0.200986,0.0912686,0.000572173,0.000259508,-0.489776,1.75418e-06,-1.26411e-06,-1.89899e-06
0.94,Terrain,spikes,0.998835,0.199406,-0.000189013,0.0159696,0.00914913,49.496,-1.1091e-06,-7.63224e-07,-4.09327e-06
0.94,spikes,plane,0.998746,0.199356,0.091273,-0.000372128,-0.000215245,-0.489999,1.40468e-06,-1.05908e-06,9.92648e-08
0.95,Terrain,spikes,0.999195,0.199462,-0.000187596,0.0108179,0.00920116,49.4855,-4.35237e-07,-1.5411e-06,-2.0965e-06
0.95,spikes,plane,0.999105,0.199448,0.0912778,-0.000254696,-0.000214953,-0.489899,1.39575e-06,-1.19178e-06,4.14798e-07
0.96,Terrain,spikes,0.999603,0.199724,-0.000186141,0.00586812,0.00307492,49.4775,4.96039e-06,-7.02429e-07,-1.2809e-06
0.96,spikes,plane,0.999742,0.199807,0.0912826,-0.000128897,-6.89139e-05,-0.489782,1.76126e-06,-1.25691e-06,1.07229e-08
0.97,Terrain,spikes,1.00076,0.200224,-0.000184733,-0.0101497,-0.00205033,49.493,-1.24404e-06,-1.89533e-07,3.91385e-06
0.97,spikes,plane,1.00082,0.200317,0.0912872,0.000232745,4.8115e-05,-0.489986,1.5787e-06,-1.36275e-06,6.64056e-07
0.98,Terrain,spikes,1.00028,0.199962,-0.000183581,-0.0041564,0.0014145,49.489,4.3107e-06,-5.29039e-07,4.0627e-06
0.98,spikes,plane,1.00034,0.199842,0.0912913,9.61243e-05,-4.2314e-05,-0.489942,1.97903e-06,-1.52603e-06,9.17943e-07
0.99,Terrain,spikes,1.00023,0.199435,-0.000182365,-0.00436839,0.0085891,49.476,3.23873e-07,2.61271e-07,5.66486e-06
0.99,spikes,plane,1.00026,0.199519,0.0912955,9.93844e-05,-0.000195477,-0.4898,1.56613e-06,-1.07662e-06,-7.8477e-07
1,Terrain,spikes,0.999133,0.20135,-0.000181061,0.011919,-0.0177887,49.4881,2.41638e-06,-2.32111e-06,-1.3987e-05
1,spikes,plane,0.999061,0.201607,0.0912998,-0.000278675,0.000417217,-0.489919,1.45539e-06,-1.14028e-06,1.02448e-06
1.01,Terrain,spikes,0.9999,0.201235,-0.000179876,-0.000783913,-0.0147295,49.4715,-1.3292e-06,-9.48073e-07,-4.80867e-06
1.01,spikes,plane,0.999947,0.201348,0.0913038,1.85974e-05,0.000338796,-0.489773,1.22032e-06,-8.09354e-07,4.89369e-07
1.02,Terrain,spikes,1.0024,0.200357,-0.000178842,-0.0331459,-0.00545574,49.4693,1.94438e-06,5.6858e-07,1.30653e-05
1.02,spikes,plane,1.00266,0.200409,0.0913074,0.000769519,0.000124315,-0.489755,1.22676e-06,-7.13008e-07,-5.8899e-07
1.03,Terrain,spikes,0.997206,0.200612,-0.000177979,0.0376023,-0.00664142,49.462,-2.51672e-07,-1.04987e-06,-1.78541e-05
1.03,spikes,plane,0.997005,0.200671,0.0913107,-0.000872885,0.000151274,-0.489674,1.06319e-06,-8.08351e-07,-1.66377e-06
1.04,Terrain,spikes,1.00052,0.199125,-0.000176946,-0.00727679,0.0122985,49.5295,3.09712e-06,-1.52309e-07,5.5811e-06
1.04,spikes,plane,1.00057,0.199142,0.0913142,0.000167171,-0.000283528,-0.490334,1.18559e-06,-6.88022e-07,7.45587e-07
1.05,Terrain,spikes,1.00301,0.199228,-0.000175828,-0.0402372,0.0100298,49.4713,8.93493e-08,1.80117e-06,2.13886e-05
1.05,spikes,plane,1.00332,0.199194,0.0913179,0.000934705,-0.000234439,-0.489774,1.27613e-06,-6.1446e-07,3.81663e-07
1.06,Terrain,spikes,0.995458,0.200835,-0.000175083,0.0621779,-0.0121853,49.4706,3.02914e-06,-1.20922e-06,-2.5416e-05
1.06,spikes,plane,0.994967,0.200927,0.0913207,-0.00145072,0.000280547,-0.48977,1.06316e-06,-8.53087e-07,1.72081e-06
1.07,Terrain,spikes,1.00329,0.199684,-0.000174023,-0.045548,0.00464954,49.5266,-1.91558e-06,-7.2944e-07,1.61082e-05
1.07,spikes,plane,1.00373,0.199714,0.0913242,0.00106321,-0.00010819,-0.490315,1.22408e-06,-7.77964e-07,1.04455e-07
1.08,Terrain,spikes,0.998372,0.200062,-0.000173194,0.0225342,-0.000833517,49.483,1.2608e-06,2.28341e-07,-1.03772e-05
1.08,spikes,plane,0.998276,0.20014,0.0913271,-0.000522832,1.98818e-05,-0.489881,1.15513e-06,-9.22087e-07,2.55052e-07
1.09,Terrain,spikes,1.00176,0.197951,-0.00017234,-0.024398,0.0269986,49.4784,4.10295e-06,-1.25182e-06,2.04988e-05
1.09,spikes,plane,1.00197,0.197691,0.09133,0.000567036,-0.000634839,-0.489865,9.67653e-07,-3.67681e-07,-1.33718e-06
1.1,Terrain,spikes,0.99857,0.1997,-0.000171525,0.019677,0.00469659,49.5008,-4.26116e-07,-5.71401e-08,-5.43399e-06
1.1,spikes,plane,0.998485,0.199755,0.0913329,-0.000456649,-0.000107837,-0.490059,-2.46453e-07,1.85249e-07,-9.85729e-08
1.11,Terrain,spikes,0.999734,0.201842,-0.000170388,0.00387481,-0.0253221,49.484,9.95597e-07,-1.12915e-06,-1.12416e-05
1.11,spikes,plane,0.999752,0.201996,0.0913363,-8.98468e-05,0.000583954,-0.489909,-1.74877e-07,1.02482e-07,1.45338e-07
1.12,Terrain,spikes,0.998194,0.199844,-0.000169874,0.0251261,0.00229132,49.4595,1.81088e-06,-8.05725e-07,-9.61833e-06
1.12,spikes,plane,0.997961,0.199952,0.0913385,-0.000589634,-4.97182e-05,-0.489661,-2.01923e-07,8.18146e-08,-1.41398e-07
1.13,Terrain,spikes,1.00315,0.201365,-0.000168965,-0.0448293,-0.0167983,49.5115,-9.72096e-08,-3.79553e-08,1.30794e-05
1.13,spikes,plane,1.00357,0.201527,0.0913415,0.00104656,0.000389147,-0.490176,-1.88043e-07,3.69311e-07,-9.41866e-07
1.14,Terrain,spikes,1.00158,0.201319,-0.000168304,-0.0215047,-0.0173929,49.4517,-1.51428e-06,1.17784e-06,4.5967e-06
1.14,spikes,plane,1.00173,0.201653,0.0913439,0.000497718,0.000412454,-0.48958,7.53551e-09,-2.0861e-09,1.09723e-06
1.15,Terrain,spikes,0.99919,0.19994,-0.000167972,0.0115181,0.00247891,49.4974,-8.33313e-07,-1.42054e-08,-4.04109e-06
1.15,spikes,plane,0.999147,0.199908,0.0913455,-0.000268002,-6.21143e-05,-0.490048,1.23718e-07,-5.77276e-08,-2.16623e-07
1.16,Terrain,spikes,0.998083,0.198004,-0.000167618,0.0274148,0.026307,49.5269,3.84607e-06,-3.49525e-07,-3.21519e-06
1.16,spikes,plane,0.997984,0.197985,0.0913472,-0.000634375,-0.000605038,-0.490283,-6.04659e-08,7.0797e-07,7.93129e-07
1.17,Terrain,spikes,1.00259,0.200505,-0.000166672,-0.0361877,-0.00593304,49.474,-1.87479e-06,1.93052e-06,1.29617e-05
1.17,spikes,plane,1.00288,0.200664,0.0913501,0.000841417,0.000140907,-0.489812,-1.69428e-07,9.26656e-07,-4.27197e-07
1.18,Terrain,spikes,0.997716,0.199596,-0.000166342,0.0315001,0.00546607,49.4979,2.25908e-06,-1.03123e-06,-1.13977e-05
1.18,spikes,plane,0.997482,0.199341,0.0913515,-0.0007353,-0.000142575,-0.490092,-6.2053e-08,5.07512e-07,-5.87476e-07
1.19,Terrain,spikes,1.00019,0.19761,-0.00016576,-0.00269078,0.033825,49.4696,4.84187e-07,-2.86553e-07,1.02536e-05
1.19,spikes,plane,1.00019,0.197641,0.0913536,5.90582e-05,-0.000774629,-0.489749,-1.98711e-10,-5.44603e-10,1.96502e-06
1.2,Terrain,spikes,1.00097,0.201639,-0.000164715,-0.0127982,-0.0227829,49.505,1.62205e-06,3.09352e-07,-2.37109e-06
1.2,spikes,plane,1.00115,0.201699,0.0913566,0.00030006,0.000521009,-0.490131,-1.60726e-10,1.6304e-10,-8.30161e-07
1.21,Terrain,spikes,0.997119,0.199055,-0.000164478,0.0399518,0.0133066,49.4892,1.17128e-06,9.5104e-08,-9.80869e-06
1.21,spikes,plane,0.996781,0.199066,0.0913578,-0.000934394,-0.000306887,-0.489957,-2.46628e-10,-2.17448e-10,6.3882e-07
0.2,Terrain,spikes,0.856465,0.343535,-0.00100782,-6.80742,6.8074,1021.92,0.000797841,0.000797829,-8.04557e-07
0.21,Terrain,spikes,0.800052,0.399948,-0.00122798,2.24932,-2.24932,42.3936,0,0,0
0.22,Terrain,spikes,1.05734,0.377333,-0.00047298,0.545094,-0.70273,13.1374,-5.27248e-08,5.26017e-08,0.0105748
0.23,Terrain,spikes,0.997157,0.197194,-0.0001202,0.0308027,0.0368256,47.9683,-8.69984e-08,8.60558e-08,0.00102599
0.24,Terrain,spikes,0.999864,0.199909,-0.000135337,-0.0025649,0.00563154,49.0385,-3.68023e-07,3.80681e-07,-0.000402606
0.25,Terrain,spikes,0.999476,0.199528,-0.000152383,0.00542445,-0.0787826,62.5961,-2.68356e-06,2.72756e-06,0.000608059
0.25,spikes,plane,1.08648,0.1494,0.0927126,0.186147,-0.180724,-13.5926,-1.13923e-05,-1.13897e-05,-0.000729022
0.26,Terrain,spikes,0.998875,0.198934,-0.000166282,-0.0127179,0.0431662,49.6141,-4.49154e-06,4.46276e-06,0.00042191
0.26,spikes,plane,0.815205,0.38735,0.0867148,0.00269738,-0.0029511,-0.352905,-6.84268e-20,4.06654e-18,3.62422e-20
0.27,Terrain,spikes,0.999807,0.199874,-0.000178093,-0.0236047,0.0277263,49.3767,-7.08148e-06,7.13243e-06,-0.00044423
0.27,spikes,plane,0.80507,0.39491,0.0858702,-0.000278265,0.000403883,-0.348736,1.94083e-18,-1.16133e-17,-2.8178e-20
0.28,Terrain,spikes,1.00081,0.20088,-0.000189178,-0.0358831,0.0119081,49.4917,-1.19319e-05,1.21887e-05,-0.00184894
0.28,spikes,plane,0.804919,0.395056,0.0852386,-0.00305096,0.00355603,-0.34992,-3.88358e-18,3.95371e-18,9.95512e-20
0.29,Terrain,spikes,0.999777,0.199858,-0.000199318,-0.0199494,0.0247076,49.3701,-1.98468e-05,1.99335e-05,-0.000508486
0.29,spikes,plane,0.80477,0.3952,0.0846041,-0.00588159,0.00593396,-0.349518,-9.68505e-18,3.90078e-18,2.52905e-19
0.3,Terrain,spikes,0.999775,0.199864,-0.000208912,-0.0187173,0.0234021,49.3693,-2.59584e-05,2.60523e-05,-0.000469513
0.3,spikes,plane,0.804622,0.395342,0.0839649,-0.00822859,0.0082527,-0.349973,1.16901e-17,-1.5512e-17,-6.5874e-19
0.31,Terrain,spikes,0.999776,0.199872,-0.000218188,-0.0178084,0.0223635,49.3683,-3.37556e-05,3.38569e-05,-0.000444798
0.31,spikes,plane,0.804476,0.395483,0.0833208,-0.0102797,0.0102765,-0.350408,-5.86586e-18,7.75117e-18,4.03634e-19
0.32,Terrain,spikes,0.999777,0.19988,-0.00022715,-0.0171846,0.0216138,49.3673,-4.06875e-05,4.07931e-05,-0.000414189
0.32,spikes,plane,0.804332,0.395623,0.0826715,-0.0120383,0.0120078,-0.350805,-1.94314e-18,7.79123e-18,3.23341e-19
0.33,Terrain,spikes,1.01304,0.21315,-0.000232899,-0.193426,-0.156545,48.5708,-8.81125e-05,9.60833e-05,-0.0277611
0.33,spikes,plane,0.804188,0.39576,0.0820152,-0.0107707,0.0156954,-0.34548,-3.80042e-18,1.92801e-17,9.13825e-19
0.34,Terrain,spikes,0.999686,0.199805,-0.000251835,-0.0146425,0.021784,49.3545,-0.000221343,0.000222159,-0.0021894
0.34,spikes,plane,0.804042,0.395892,0.0813419,-0.0147304,0.0145481,-0.351351,3.92105e-18,-3.89673e-18,-3.29777e-19
0.35,Terrain,spikes,0.99935,0.199476,-0.000268086,-0.0102925,0.0265174,49.3911,-0.000337525,0.000338177,-0.00136271
0.35,spikes,plane,0.803897,0.396022,0.0806604,-0.0157072,0.01537,-0.35183,-5.94576e-18,1.16338e-17,7.91407e-19
0.36,Terrain,spikes,0.999362,0.199495,-0.000283682,-0.0109523,0.0267038,49.3892,-0.000465875,0.000466574,-0.00122182
0.36,spikes,plane,0.803754,0.39615,0.0799737,-0.0163215,0.0159644,-0.351953,4.42095e-20,-7.76938e-18,-3.52433e-19
0.37,Terrain,spikes,0.999375,0.199516,-0.000298749,-0.0119454,0.0271952,49.3871,-0.000604108,0.000604868,-0.00114975
0.37,spikes,plane,0.803612,0.396277,0.0792816,-0.0166532,0.016276,-0.351988,3.97558e-18,6.9394e-20,-1.84935e-19
0.38,Terrain,spikes,0.999388,0.199536,-0.000313308,-0.0131931,0.0279404,49.3849,-0.000747321,0.000748105,-0.00105218
0.38,spikes,plane,0.803473,0.396403,0.0785838,-0.0167038,0.0163064,-0.351936,2.25919e-20,2.27708e-20,-3.28024e-22
0.39,Terrain,spikes,0.9994,0.199556,-0.000327374,-0.0147156,0.0289956,49.3827,-0.000899529,0.00090034,-0.000982613
0.39,spikes,plane,0.803335,0.396528,0.0778802,-0.0164737,0.0160553,-0.351794,-7.85579e-18,1.55797e-17,1.08381e-18
0.4,Terrain,spikes,0.999411,0.199575,-0.000340966,-0.0164782,0.0302951,49.3804,-0.000994751,0.000995529,-0.000866746
0.4,spikes,plane,0.8032,0.396651,0.0771706,-0.0159626,0.0155232,-0.351564,-5.85514e-18,1.17086e-17,7.81631e-19
0.41,Terrain,spikes,0.999384,0.199555,-0.000354144,-0.0193792,0.0333585,49.397,-0.00119074,0.00119154,-0.000824683
0.41,spikes,plane,0.803048,0.384294,0.0770549,-0.0148682,0.013614,-0.371034,6.68807e-18,3.99466e-18,-7.49695e-20
0.42,Terrain,spikes,1.03307,0.233245,-0.000334048,-0.0223357,0.025962,46.9624,-0.0011619,0.00116295,-0.00164107
0.42,spikes,plane,0.802918,0.386494,0.0762421,-0.0126452,0.0116407,-0.321423,4.04678e-18,-4.45608e-18,-2.78688e-19
0.43,Terrain,spikes,0.981655,0.181841,-0.000405161,0.119059,0.186803,52.9885,-0.00106802,0.00102139,0.0398882
0.43,spikes,plane,0.805554,0.387302,0.0756281,-0.0162806,0.0112224,-0.401812,2.17373e-05,-2.06793e-05,-0.000391888
0.44,Terrain,spikes,0.990419,0.190613,-0.000396262,0.0919122,0.158405,49.0801,0.000439145,-0.000480509,0.0351667
0.44,spikes,plane,0.803445,0.385438,0.0749262,-0.0125853,0.00827072,-0.354384,1.26261e-05,-1.19712e-05,-0.000239529
0.45,Terrain,spikes,1.00055,0.200749,-0.000386822,-0.0647287,0.05276,51.3549,0.00121635,-0.0012201,0.00334408
0.45,spikes,plane,0.9542,0.238456,0.0875471,0.127145,-0.119739,-2.3652,-1.89854e-18,-4.13848e-18,-2.5148e-20
0.46,Terrain,spikes,1.00006,0.200273,-0.000390337,-0.0147276,0.00807058,49.3569,0.00109333,-0.00109339,9.87087e-05
0.46,spikes,plane,1.18898,0.0107879,0.108496,0.00271609,-0.00269968,-0.353181,1.1079e-19,-2.34882e-17,1.80447e-19
0.47,Terrain,spikes,1.00164,0.201853,-0.000391034,-0.0383162,-0.0125214,49.5414,0.000958029,-0.000950407,-0.00718445
0.47,spikes,plane,1.18879,0.010983,0.109181,0.00337244,-0.00264369,-0.353894,-5.05279e-20,-7.81882e-18,5.89903e-20
0.48,Terrain,spikes,1.00006,0.200284,-0.000393653,-0.0172302,0.0110229,49.3374,0.000749235,-0.000748922,-0.000261314
0.48,spikes,plane,1.18859,0.0111808,0.109869,0.00292516,-0.00315241,-0.352491,7.41647e-20,1.28738e-20,2.55587e-21
0.49,Terrain,spikes,1.00088,0.201108,-0.000393184,-0.0294806,0.000548124,49.4553,0.000676044,-0.000671681,-0.00431812
0.49,spikes,plane,1.18839,0.0113818,0.11056,0.00283165,-0.00274492,-0.353378,-5.69365e-20,2.36502e-17,-1.59398e-19
0.5,Terrain,spikes,1.00004,0.200283,-0.000393626,-0.0183982,0.0128751,49.3334,0.000529649,-0.000529183,-0.000435704
0.5,spikes,plane,1.18819,0.0115859,0.111253,0.00199249,-0.00247037,-0.352549,1.72774e-19,-8.2366e-21,8.07876e-21
0.51,Terrain,spikes,0.999922,0.20017,-0.000392936,-0.0169895,0.0148343,49.3329,0.000492043,-0.000492133,0.00012432
0.51,spikes,plane,1.18799,0.0117935,0.111948,0.00105231,-0.00171687,-0.352585,-2.32015e-19,2.34945e-17,-9.60024e-20
0.52,Terrain,spikes,0.999882,0.200137,-0.000392198,-0.0174012,0.0154791,49.3438,0.00045845,-0.000458536,0.000120969
0.52,spikes,plane,1.17779,0.0119897,0.112087,0.00043992,-0.00131767,-0.363922,-6.24152e-20,9.48373e-18,-9.64055e-20
0.53,Terrain,spikes,0.999865,0.200128,-0.000391464,-0.0169888,0.0154406,49.3389,0.000427577,-0.000427716,0.000179503
0.53,spikes,plane,1.17509,0.0121998,0.112625,-0.00141218,0.000328369,-0.358991,6.6928e-23,-7.96928e-18,-3.52031e-20
0.54,Terrain,spikes,0.997484,0.197755,-0.000393011,-0.0405096,0.0626356,49.7532,0.000380868,-0.000373579,-0.0078345
0.54,spikes,plane,0.910465,0.0181684,0.096555,0.00804922,-0.0346206,-0.776656,-1.07475e-19,6.53869e-18,-2.7177e-19
0.55,Terrain,spikes,0.99852,0.198799,-0.000391404,-0.0275009,0.0415642,49.3353,0.000363963,-0.000365098,0.00127937
0.55,spikes,plane,0.80054,0.0243895,0.0894646,-0.0119926,-0.00439928,-0.358137,-5.5197e-21,1.69911e-20,4.38759e-21
0.56,Terrain,spikes,0.999473,0.19976,-0.000389954,-0.0799505,0.0970646,49.9551,0.00034501,-0.000343239,-0.00194341
0.56,spikes,plane,0.824617,0.287759,0.0741745,-0.00279265,-0.0144331,-0.981426,-2.72019e-18,-1.02676e-17,3.53343e-19
0.57,Terrain,spikes,1.00003,0.200324,-0.000388857,-0.0452854,0.0418944,49.342,0.000330372,-0.000329979,-0.000415404
0.57,spikes,plane,0.838434,0.398925,0.0673912,-0.0135436,0.014652,-0.368605,-6.13754e-18,-4.09434e-18,5.01839e-20
0.58,Terrain,spikes,1.00108,0.201387,-0.00038731,-0.0691465,0.0396507,49.5868,0.00031385,-0.000317665,0.00446066
0.58,spikes,plane,0.919336,0.399254,0.0723582,0.0141591,0.0170322,-0.618276,2.10012e-18,3.51072e-18,2.51028e-19
0.59,Terrain,spikes,1.00136,0.201668,-0.000386492,-0.0494735,0.028572,49.3338,0.00029984,-0.000298269,-0.00180939
0.59,spikes,plane,1.1872,0.400056,0.0908256,0.00514285,0.0114499,-0.35254,1.90295e-18,2.14027e-20,2.77095e-20
0.6,Terrain,spikes,1.00127,0.201593,-0.000385954,-0.0494176,0.0304089,49.3261,0.00027991,-0.000278689,-0.00142574
0.6,spikes,plane,1.18702,0.400238,0.0907962,0.0050146,0.0118388,-0.352455,1.9405e-18,1.56593e-17,5.53007e-19
0.61,Terrain,spikes,1.00127,0.201596,-0.000385367,-0.0501516,0.0314927,49.3255,0.000262519,-0.000261225,-0.0015367
0.61,spikes,plane,1.18684,0.400421,0.0907661,0.0046185,0.01196,-0.352478,3.94644e-18,-7.83971e-18,-2.17783e-19
0.62,Terrain,spikes,1.00128,0.201613,-0.000384787,-0.0514269,0.0323653,49.3319,0.000245206,-0.00024387,-0.00161349
0.62,spikes,plane,1.18291,0.400592,0.0904449,0.00453728,0.0124871,-0.359714,1.3702e-19,1.56318e-17,5.18648e-19
0.63,Terrain,spikes,1.00008,0.200422,-0.00038524,-0.0694751,0.0349206,49.53,0.000220225,-0.000224204,0.0049697
0.63,spikes,plane,0.837652,0.397222,0.0632243,-0.00783869,0.0383253,-0.565187,2.69594e-18,1.41805e-17,6.56571e-19
0.64,Terrain,spikes,0.997019,0.197373,-0.000387265,-0.0453876,0.120679,49.9102,0.000188647,-0.000183652,-0.00623417
0.64,spikes,plane,0.848842,0.0510963,0.0912061,0.00417035,-0.08308,-0.967708,4.2897e-19,-3.38551e-18,-4.2045e-20
0.65,Terrain,spikes,0.999762,0.200126,-0.000384657,-0.0286391,0.0293361,49.3621,0.000196016,-0.000196398,0.000515257
0.65,spikes,plane,1.18477,0.0150594,0.122227,-0.00158945,0.00124072,-0.357931,2.49053e-19,-7.98563e-18,-2.28084e-20
0.66,Terrain,spikes,0.838661,0.361318,-0.000115472,2.99179,-3.02265,64.3487,1.87614e-05,-1.87676e-05,1.075e-05
0.66,spikes,plane,1.072,0.0173788,0.113193,-0.0591837,0.0636114,-0.538738,1.03189e-05,-9.8234e-06,-0.000121713
0.67,Terrain,spikes,0.804352,0.386985,-8.79078e-05,1.84927,-1.77024,35.2259,0.000128151,-8.71901e-06,0.0174457
0.67,spikes,plane,0.798508,0.0264542,0.0893119,-0.0386743,0.0250099,-0.264316,3.74413e-20,-5.54755e-18,-5.97128e-19
0.68,Terrain,spikes,0.963281,0.233389,-0.000169714,0.406529,-0.35592,48.9225,0.00034453,-0.000337904,0.00496676
0.68,spikes,plane,0.800344,0.332565,0.0634007,-0.014386,-0.00637047,-0.779907,-9.50965e-05,9.3011e-05,0.00107954
0.69,Terrain,spikes,0.984947,0.237417,-0.000180729,0.0223629,-0.0260996,24.6621,0.000104198,-0.000179291,-0.00049479
0.69,spikes,plane,0.812064,0.397678,0.0588585,-0.00945276,0.011363,-0.181965,-1.54501e-05,1.52066e-05,0.000175932
0.7,Terrain,spikes,0.994373,0.200461,-0.000276633,0.0947308,-0.150104,74.5327,5.49077e-05,-0.000147838,-0.0147155
0.7,spikes,plane,0.836723,0.400164,0.0606835,-0.0258904,0.0308466,-0.569184,-2.55188e-05,2.59435e-05,0.000290944
0.71,Terrain,spikes,1.00103,0.201407,-0.000280011,-0.0715674,0.0379271,49.4985,0.000138662,-0.000132756,-0.00843323
0.71,spikes,plane,0.842211,0.40018,0.0611803,-0.0139509,0.0181451,-0.380493,3.87792e-20,1.33223e-17,5.93735e-19
0.72,Terrain,spikes,1.00196,0.202334,-0.000282433,-0.0800442,0.0440496,49.5622,0.000117075,-0.000119596,0.00364816
0.72,spikes,plane,1.18585,0.401426,0.0907614,0.027615,0.0088768,-0.558415,-3.32287e-19,9.08205e-18,1.68854e-19
0.73,Terrain,spikes,0.999831,0.204181,-0.0002839,-0.0383888,0.0048177,49.4506,7.92931e-05,-0.000125648,-0.00653026
0.73,spikes,plane,1.18585,0.401419,0.0907535,0.00401068,0.0123752,-0.354106,5.82689e-18,-4.59219e-20,6.1361e-20
0.74,Terrain,spikes,0.998338,0.20329,-0.000286589,-0.0246512,0.0256067,49.8036,1.82986e-05,-7.86525e-05,0.000639819
0.74,spikes,plane,1.14993,0.240074,0.101348,0.0231251,-0.0300089,-0.809194,0.000124741,-0.000123498,-0.00145528
0.75,Terrain,spikes,0.995377,0.201281,-0.000289737,-0.0119726,0.0163106,49.5345,3.08178e-07,-7.43505e-05,-0.00138707
0.75,spikes,plane,0.879419,0.0142876,0.0971803,0.00158221,-0.00617522,-0.515584,6.86209e-20,-1.17856e-17,1.19941e-19
0.76,Terrain,spikes,0.994717,0.202443,-0.000290484,0.00980455,0.00637288,49.3596,-1.53423e-05,-8.72441e-05,0.00161521
0.76,spikes,plane,0.798492,0.0139897,0.0902233,-0.0128454,-0.00365719,-0.352788,1.58164e-19,-7.7444e-18,7.34941e-20
0.77,Terrain,spikes,0.99466,0.202511,-0.000291967,0.010582,0.00540651,49.358,-1.86505e-05,-8.89784e-05,0.00157997
0.77,spikes,plane,0.798494,0.0139879,0.0902213,-0.0128343,-0.00361867,-0.35277,1.12257e-19,-1.56305e-17,1.56868e-19
0.78,Terrain,spikes,0.996222,0.202326,-0.000293782,-0.00218067,-0.0124004,49.5113,-2.94064e-06,-7.99398e-05,-0.00330119
0.78,spikes,plane,0.997571,0.0159555,0.107202,0.00616602,0.00901811,-0.513949,-1.0729e-05,1.04157e-05,0.000124567
0.79,Terrain,spikes,0.998552,0.205329,-0.000293252,-0.0186331,0.0217791,49.6796,-3.93496e-06,-9.87533e-05,0.00536159
0.79,spikes,plane,1.13082,0.326491,0.0923413,0.0109798,-0.0121222,-0.662433,3.62791e-19,-7.96477e-18,-5.33321e-20
0.8,Terrain,spikes,0.995699,0.205413,-0.000294057,-0.00564827,-0.00462945,49.494,-4.98099e-05,-5.67579e-05,-0.00518929
0.8,spikes,plane,0.817241,0.400066,0.0591008,-0.0127457,0.00899549,-0.432573,8.94263e-07,-8.99121e-07,-1.03749e-05
0.81,Terrain,spikes,0.995719,0.205777,-0.00029451,0.00323782,-0.0188754,49.4364,-7.9201e-05,-6.65037e-05,0.00071535
0.81,spikes,plane,0.963,0.399348,0.0717157,-0.00157931,0.0185117,-0.435014,-6.66585e-18,-4.77381e-18,-3.059e-20
0.82,Terrain,spikes,0.999063,0.212171,-0.000294022,0.000922326,0.00449776,49.5802,-7.69481e-05,-2.35243e-05,0.000222923
0.82,spikes,plane,1.07006,0.245061,0.0939964,0.0183069,-0.0175708,-0.637318,3.05361e-05,-3.0078e-05,-0.000354957
0.83,Terrain,spikes,0.996366,0.201761,-0.000305385,-0.0114558,0.0137645,49.4486,-4.57013e-05,-3.58753e-05,-0.00226747
0.83,spikes,plane,0.848252,0.0155137,0.0943476,-0.00966452,-0.00282786,-0.376539,-6.31795e-05,6.1758e-05,0.000732975
0.84,Terrain,spikes,0.996975,0.203494,-0.000304693,-0.000565342,0.00252969,49.5444,-4.87014e-05,-5.56033e-05,0.00103977
0.84,spikes,plane,1.06871,0.136354,0.103079,0.000692982,0.000691011,-0.537646,-1.63951e-05,1.60629e-05,0.000190319
0.85,Terrain,spikes,0.995501,0.205258,-0.000303513,0.000209798,-0.00511806,49.439,-8.29029e-05,-6.62612e-05,-0.00306814
0.85,spikes,plane,0.896981,0.398725,0.0660905,-0.00668114,0.0113861,-0.43117,-0.000170695,0.000168311,0.00198412
0.86,Terrain,spikes,0.995967,0.203173,-0.000305815,-0.00270918,0.00521324,49.5197,-6.18704e-05,-5.0485e-05,-0.0061835
0.86,spikes,plane,1.01352,0.102716,0.101171,0.00586365,-0.010519,-0.52921,-0.00043366,0.000426636,0.0050439
0.87,Terrain,spikes,0.996038,0.204156,-0.0003055,-0.00315354,0.00190225,49.5019,-7.20369e-05,-6.02641e-05,0.0012496
0.87,spikes,plane,0.987396,0.246614,0.0867456,0.000318711,0.00130712,-0.497421,0.000114687,-0.000112972,-0.00133406
0.88,Terrain,spikes,0.995982,0.203953,-0.000306122,-0.00127581,0.00134503,49.492,-7.14149e-05,-5.98512e-05,3.8501e-05
0.88,spikes,plane,0.991112,0.209318,0.090221,2.52747e-05,-7.8662e-06,-0.490108,1.23734e-06,-1.22118e-06,-1.43976e-05
0.89,Terrain,spikes,0.995977,0.203964,-0.000306561,-0.00117663,0.00114523,49.4915,-7.26941e-05,-5.9808e-05,-4.47508e-06
0.89,spikes,plane,0.991263,0.208919,0.0902665,2.50775e-05,-1.97829e-05,-0.490022,2.85885e-07,-2.81969e-07,-3.30783e-06
0.9,Terrain,spikes,0.995975,0.203966,-0.000306993,-0.00113655,0.00110931,49.4915,-7.37402e-05,-6.03056e-05,-7.88484e-06
0.9,spikes,plane,0.991315,0.208783,0.0902815,2.6724e-05,-2.62283e-05,-0.490015,-1.43729e-08,1.38703e-08,1.92651e-07
0.91,Terrain,spikes,0.995973,0.203968,-0.00030741,-0.00110134,0.00107461,49.4914,-7.4758e-05,-6.1057e-05,-8.23959e-06
0.91,spikes,plane,0.991294,0.208799,0.0902773,2.47248e-05,-2.45743e-05,-0.490015,-3.48374e-08,3.64747e-08,4.31566e-07
0.92,Terrain,spikes,0.995971,0.20397,-0.000307814,-0.00106166,0.0010363,49.4914,-7.58174e-05,-6.13913e-05,-7.65544e-06
0.92,spikes,plane,0.991334,0.20877,0.0902823,2.61082e-05,-2.53112e-05,-0.490013,5.8807e-09,-3.64532e-09,-4.71072e-08
0.93,Terrain,spikes,0.995969,0.203972,-0.000308203,-0.00102776,0.00100365,49.4913,-7.68275e-05,-6.16031e-05,-7.35807e-06
0.93,spikes,plane,0.99129,0.208803,0.0902748,2.29164e-05,-2.2815e-05,-0.490013,-3.33132e-08,3.46541e-08,4.09927e-07
0.94,Terrain,spikes,0.995967,0.203974,-0.000308579,-0.000991571,0.00096808,49.4913,-7.77648e-05,-6.20523e-05,-7.34571e-06
0.94,spikes,plane,0.991308,0.20879,0.0902766,2.31914e-05,-2.27723e-05,-0.490012,-1.26523e-08,1.58159e-08,1.78966e-07
0.95,Terrain,spikes,0.995965,0.203975,-0.000308943,-0.000958904,0.000935259,49.4912,-7.8759e-05,-6.20452e-05,-6.16386e-06
0.95,spikes,plane,0.991331,0.208774,0.090279,2.37464e-05,-2.29796e-05,-0.490012,8.07971e-09,-5.49024e-09,-7.13247e-08
0.96,Terrain,spikes,0.995963,0.203977,-0.000309295,-0.000925632,0.000904703,49.4912,-7.96567e-05,-6.2338e-05,-6.51374e-06
0.96,spikes,plane,0.991321,0.208777,0.090277,2.24965e-05,-2.21115e-05,-0.490012,-1.08413e-08,1.38749e-08,1.59401e-07
0.97,Terrain,spikes,0.995961,0.203979,-0.000309631,-0.000895234,0.000875042,49.4912,-8.06405e-05,-6.21893e-05,-6.4397e-06
0.97,spikes,plane,0.991292,0.208806,0.0902714,2.02701e-05,-1.99149e-05,-0.490012,-1.19366e-08,1.37599e-08,1.5422e-07
0.98,Terrain,spikes,0.99596,0.203981,-0.000309961,-0.000863956,0.00084345,49.4911,-8.13904e-05,-6.2272e-05,-6.03276e-06
0.98,spikes,plane,0.991319,0.20878,0.0902751,2.11025e-05,-2.07114e-05,-0.490011,-8.02819e-09,9.60585e-09,1.44558e-07
0.99,Terrain,spikes,0.995959,0.203982,-0.000310277,-0.000837564,0.000816555,49.4911,-8.24085e-05,-6.22554e-05,-6.04841e-06
0.99,spikes,plane,0.991304,0.208795,0.0902718,1.97185e-05,-1.93288e-05,-0.490011,-1.05405e-08,1.31516e-08,1.43306e-07
1,Terrain,spikes,0.995957,0.203984,-0.000310584,-0.000808861,0.000789637,49.491,-8.3289e-05,-6.21648e-05,-5.71245e-06
1,spikes,plane,0.991288,0.20881,0.0902684,1.81768e-05,-1.78453e-05,-0.49001,-1.05984e-08,1.35915e-08,1.44849e-07
1.01,Terrain,spikes,0.995956,0.203985,-0.00031088,-0.000781179,0.000762519,49.491,-8.40925e-05,-6.21301e-05,-5.94936e-06
1.01,spikes,plane,0.991301,0.208797,0.0902699,1.83462e-05,-1.80026e-05,-0.49001,-9.7041e-09,1.26847e-08,1.38979e-07
1.02,Terrain,spikes,0.995954,0.203987,-0.000311164,-0.000755896,0.000738145,49.491,-8.48749e-05,-6.21958e-05,-5.8717e-06
1.02,spikes,plane,0.991279,0.208814,0.0902659,1.66099e-05,-1.66229e-05,-0.490011,-2.81439e-08,3.26989e-08,3.68909e-07
1.03,Terrain,spikes,0.995953,0.203988,-0.000311442,-0.00072945,0.000711948,49.491,-8.57676e-05,-6.19005e-05,-5.08302e-06
1.03,spikes,plane,0.991299,0.2088,0.0902681,1.7097e-05,-1.67797e-05,-0.49001,-9.04367e-09,1.39511e-08,1.25589e-07
1.04,Terrain,spikes,0.995952,0.203989,-0.000311707,-0.000704436,0.000686994,49.4909,-8.65634e-05,-6.14921e-05,-5.10817e-06
1.04,spikes,plane,0.99132,0.208785,0.0902706,1.77255e-05,-1.70682e-05,-0.490008,1.02391e-08,-6.7923e-09,-1.09056e-07
1.05,Terrain,spikes,0.995951,0.203991,-0.000311966,-0.000681269,0.000664813,49.4909,-8.72652e-05,-6.15215e-05,-4.83433e-06
1.05,spikes,plane,0.991298,0.208801,0.0902667,1.60097e-05,-1.57059e-05,-0.490009,-7.25527e-09,1.21215e-08,1.15999e-07
1.06,Terrain,spikes,0.99595,0.203992,-0.000312214,-0.000658743,0.000643007,49.4908,-8.79361e-05,-6.11641e-05,-4.9779e-06
1.06,spikes,plane,0.991298,0.208802,0.0902659,1.55302e-05,-1.52371e-05,-0.490009,-6.32774e-09,9.54425e-09,1.14731e-07
1.07,Terrain,spikes,0.995949,0.203993,-0.000312454,-0.00063687,0.000622037,49.4908,-8.88259e-05,-6.05291e-05,-4.43796e-06
1.07,spikes,plane,0.991297,0.208803,0.0902652,1.49446e-05,-1.46829e-05,-0.490008,-1.00416e-08,1.30407e-08,1.15232e-07
1.08,Terrain,spikes,0.995948,0.203994,-0.000312688,-0.00104662,0.000610784,49.4908,-9.03122e-05,-5.98493e-05,-0.000111856
1.08,spikes,plane,0.99131,0.20879,0.0902668,1.53284e-05,-1.49882e-05,-0.490007,-2.58423e-08,3.24133e-08,3.53186e-07
1.09,Terrain,spikes,0.995947,0.203996,-0.000312911,-0.000165036,0.000570585,49.4908,-8.99818e-05,-6.0394e-05,0.000102343
1.09,spikes,plane,0.991259,0.208834,0.0902583,1.18595e-05,-1.1976e-05,-0.490008,-2.26781e-09,5.67784e-09,9.87246e-08
1.1,Terrain,spikes,0.995946,0.203997,-0.00031313,-0.000570687,0.000556679,49.4907,-9.07751e-05,-5.94085e-05,-4.3536e-06
1.1,spikes,plane,0.991297,0.208802,0.0902636,1.35905e-05,-1.33592e-05,-0.490007,-8.84153e-09,9.42041e-09,1.23086e-07
1.11,Terrain,spikes,0.995945,0.203998,-0.000313337,-0.000552717,0.000540191,49.4907,-9.14353e-05,-5.95895e-05,-3.63368e-06
1.11,spikes,plane,0.991287,0.208812,0.0902615,1.2693e-05,-1.24452e-05,-0.490007,-3.24314e-09,8.41861e-09,7.12035e-08
1.12,Terrain,spikes,0.995944,0.203999,-0.00031354,-0.000534465,0.000520783,49.4907,-9.20319e-05,-5.92041e-05,-4.28771e-06
1.12,spikes,plane,0.991291,0.208807,0.0902617,1.25589e-05,-1.23014e-05,-0.490007,-4.60903e-09,9.40294e-09,9.72461e-08
1.13,Terrain,spikes,0.995943,0.204,-0.000313738,-0.000516779,0.000504559,49.4907,-9.26638e-05,-5.88692e-05,-3.62176e-06
1.13,spikes,plane,0.991292,0.208807,0.0902614,1.22023e-05,-1.19676e-05,-0.490006,-3.58743e-09,8.84112e-09,8.13631e-08
1.14,Terrain,spikes,0.995942,0.204001,-0.000313924,-0.000499164,0.000486528,49.4906,-9.33546e-05,-5.8383e-05,-3.53084e-06
1.14,spikes,plane,0.991311,0.208793,0.0902637,1.29215e-05,-1.23581e-05,-0.490006,1.34972e-08,-7.55525e-09,-1.42372e-07
1.15,Terrain,spikes,0.995941,0.204002,-0.000314109,-0.000481683,0.00046843,49.4906,-9.1937e-05,-5.7404e-05,-3.31789e-06
1.15,spikes,plane,0.991289,0.20881,0.09026,1.13194e-05,-1.10715e-05,-0.490007,-3.2892e-09,8.67942e-09,8.09381e-08
1.16,Terrain,spikes,0.99594,0.204003,-0.000314287,-0.00046542,0.00045361,49.4906,-8.94021e-05,-5.58179e-05,-2.5932e-06
1.16,spikes,plane,0.991288,0.20881,0.0902595,1.09851e-05,-1.07779e-05,-0.490006,-3.13914e-09,7.52599e-09,7.78436e-08
1.17,Terrain,spikes,0.995939,0.204003,-0.000314454,-0.000451826,0.000439258,49.4906,-8.70059e-05,-5.42777e-05,-3.17854e-06
1.17,spikes,plane,0.991288,0.20881,0.0902591,1.07241e-05,-1.0495e-05,-0.490007,-4.96571e-09,9.30434e-09,8.07326e-08
0.2,Terrain,spikes,0.856465,0.343535,-0.00100782,-6.80742,6.8074,1021.92,0.000797841,0.000797829,-8.04557e-07
0.21,Terrain,spikes,0.800052,0.399948,-0.00122798,2.24932,-2.24932,42.3936,0,0,0
0.22,Terrain,spikes,1.05734,0.377333,-0.00047298,0.545094,-0.70273,13.1374,-5.27248e-08,5.26017e-08,0.0105748
0.23,Terrain,spikes,0.997157,0.197194,-0.0001202,0.0308027,0.0368256,47.9683,-8.69984e-08,8.60558e-08,0.00102599
0.24,Terrain,spikes,0.999864,0.199909,-0.000135337,-0.0025649,0.00563154,49.0385,-3.68023e-07,3.80681e-07,-0.000402606
0.25,Terrain,spikes,0.999476,0.199528,-0.000152383,0.00542445,-0.0787826,62.5961,-2.68356e-06,2.72756e-06,0.000608059
0.25,spikes,plane,1.08648,0.1494,0.0927126,0.186147,-0.180724,-13.5926,-1.13923e-05,-1.13897e-05,-0.000729022
0.26,Terrain,spikes,0.998875,0.198934,-0.000166282,-0.0127179,0.0431662,49.6141,-4.49154e-06,4.46276e-06,0.00042191
0.26,spikes,plane,0.815205,0.38735,0.0867148,0.00269738,-0.0029511,-0.352905,-6.84268e-20,4.06654e-18,3.62422e-20
0.27,Terrain,spikes,0.999807,0.199874,-0.000178093,-0.0236047,0.0277263,49.3767,-7.08148e-06,7.13243e-06,-0.00044423
0.27,spikes,plane,0.80507,0.39491,0.0858702,-0.000278265,0.000403883,-0.348736,1.94083e-18,-1.16133e-17,-2.8178e-20
0.28,Terrain,spikes,1.00081,0.20088,-0.000189178,-0.0358831,0.0119081,49.4917,-1.19319e-05,1.21887e-05,-0.00184894
0.28,spikes,plane,0.804919,0.395056,0.0852386,-0.00305096,0.00355603,-0.34992,-3.88358e-18,3.95371e-18,9.95512e-20
0.29,Terrain,spikes,0.999777,0.199858,-0.000199318,-0.0199494,0.0247076,49.3701,-1.98468e-05,1.99335e-05,-0.000508486
0.29,spikes,plane,0.80477,0.3952,0.0846041,-0.00588159,0.00593396,-0.349518,-9.68505e-18,3.90078e-18,2.52905e-19
0.3,Terrain,spikes,0.999775,0.199864,-0.000208912,-0.0187173,0.0234021,49.3693,-2.59584e-05,2.60523e-05,-0.000469513
0.3,spikes,plane,0.804622,0.395342,0.0839649,-0.00822859,0.0082527,-0.349973,1.16901e-17,-1.5512e-17,-6.5874e-19
0.31,Terrain,spikes,0.999776,0.199872,-0.000218188,-0.0178084,0.0223635,49.3683,-3.37556e-05,3.38569e-05,-0.000444798
0.31,spikes,plane,0.804476,0.395483,0.0833208,-0.0102797,0.0102765,-0.350408,-5.86586e-18,7.75117e-18,4.03634e-19
0.32,Terrain,spikes,0.999777,0.19988,-0.00022715,-0.0171846,0.0216138,49.3673,-4.06875e-05,4.07931e-05,-0.000414189
0.32,spikes,plane,0.804332,0.395623,0.0826715,-0.0120383,0.0120078,-0.350805,-1.94314e-18,7.79123e-18,3.23341e-19
0.33,Terrain,spikes,1.01304,0.21315,-0.000232899,-0.193426,-0.156545,48.5708,-8.81125e-05,9.60833e-05,-0.0277611
0.33,spikes,plane,0.804188,0.39576,0.0820152,-0.0107707,0.0156954,-0.34548,-3.80042e-18,1.92801e-17,9.13825e-19
0.34,Terrain,spikes,0.999686,0.199805,-0.000251835,-0.0146425,0.021784,49.3545,-0.000221343,0.000222159,-0.0021894
0.34,spikes,plane,0.804042,0.395892,0.0813419,-0.0147304,0.0145481,-0.351351,3.92105e-18,-3.89673e-18,-3.29777e-19
0.35,Terrain,spikes,0.99935,0.199476,-0.000268086,-0.0102925,0.0265174,49.3911,-0.000337525,0.000338177,-0.00136271
0.35,spikes,plane,0.803897,0.396022,0.0806604,-0.0157072,0.01537,-0.35183,-5.94576e-18,1.16338e-17,7.91407e-19
0.36,Terrain,spikes,0.999362,0.199495,-0.000283682,-0.0109523,0.0267038,49.3892,-0.000465875,0.000466574,-0.00122182
0.36,spikes,plane,0.803754,0.39615,0.0799737,-0.0163215,0.0159644,-0.351953,4.42095e-20,-7.76938e-18,-3.52433e-19
0.37,Terrain,spikes,0.999375,0.199516,-0.000298749,-0.0119454,0.0271952,49.3871,-0.000604108,0.000604868,-0.00114975
0.37,spikes,plane,0.803612,0.396277,0.0792816,-0.0166532,0.016276,-0.351988,3.97558e-18,6.9394e-20,-1.84935e-19
0.38,Terrain,spikes,0.999388,0.199536,-0.000313308,-0.0131931,0.0279404,49.3849,-0.000747321,0.000748105,-0.00105218
0.38,spikes,plane,0.803473,0.396403,0.0785838,-0.0167038,0.0163064,-0.351936,2.25919e-20,2.27708e-20,-3.28024e-22
0.39,Terrain,spikes,0.9994,0.199556,-0.000327374,-0.0147156,0.0289956,49.3827,-0.000899529,0.00090034,-0.000982613
0.39,spikes,plane,0.803335,0.396528,0.0778802,-0.0164737,0.0160553,-0.351794,-7.85579e-18,1.55797e-17,1.08381e-18
0.4,Terrain,spikes,0.999411,0.199575,-0.000340966,-0.0164782,0.0302951,49.3804,-0.000994751,0.000995529,-0.000866746
0.4,spikes,plane,0.8032,0.396651,0.0771706,-0.0159626,0.0155232,-0.351564,-5.85514e-18,1.17086e-17,7.81631e-19
0.41,Terrain,spikes,0.999384,0.199555,-0.000354144,-0.0193792,0.0333585,49.397,-0.00119074,0.00119154,-0.000824683
0.41,spikes,plane,0.803048,0.384294,0.0770549,-0.0148682,0.013614,-0.371034,6.68807e-18,3.99466e-18,-7.49695e-20
0.42,Terrain,spikes,1.03307,0.233245,-0.000334048,-0.0223357,0.025962,46.9624,-0.0011619,0.00116295,-0.00164107
0.42,spikes,plane,0.802918,0.386494,0.0762421,-0.0126452,0.0116407,-0.321423,4.04678e-18,-4.45608e-18,-2.78688e-19
0.43,Terrain,spikes,0.981655,0.181841,-0.000405161,0.119059,0.186803,52.9885,-0.00106802,0.00102139,0.0398882
0.43,spikes,plane,0.805554,0.387302,0.0756281,-0.0162806,0.0112224,-0.401812,2.17373e-05,-2.06793e-05,-0.000391888
0.44,Terrain,spikes,0.990419,0.190613,-0.000396262,0.0919122,0.158405,49.0801,0.000439145,-0.000480509,0.0351667
0.44,spikes,plane,0.803445,0.385438,0.0749262,-0.0125853,0.00827072,-0.354384,1.26261e-05,-1.19712e-05,-0.000239529
0.45,Terrain,spikes,1.00055,0.200749,-0.000386822,-0.0647287,0.05276,51.3549,0.00121635,-0.0012201,0.00334408
0.45,spikes,plane,0.9542,0.238456,0.0875471,0.127145,-0.119739,-2.3652,-1.89854e-18,-4.13848e-18,-2.5148e-20
0.46,Terrain,spikes,1.00006,0.200273,-0.000390337,-0.0147276,0.00807058,49.3569,0.00109333,-0.00109339,9.87087e-05
0.46,spikes,plane,1.18898,0.0107879,0.108496,0.00271609,-0.00269968,-0.353181,1.1079e-19,-2.34882e-17,1.80447e-19
0.47,Terrain,spikes,1.00164,0.201853,-0.000391034,-0.0383162,-0.0125214,49.5414,0.000958029,-0.000950407,-0.00718445
0.47,spikes,plane,1.18879,0.010983,0.109181,0.00337244,-0.00264369,-0.353894,-5.05279e-20,-7.81882e-18,5.89903e-20
0.48,Terrain,spikes,1.00006,0.200284,-0.000393653,-0.0172302,0.0110229,49.3374,0.000749235,-0.000748922,-0.000261314
0.48,spikes,plane,1.18859,0.0111808,0.109869,0.00292516,-0.00315241,-0.352491,7.41647e-20,1.28738e-20,2.55587e-21
0.49,Terrain,spikes,1.00088,0.201108,-0.000393184,-0.0294806,0.000548124,49.4553,0.000676044,-0.000671681,-0.00431812
0.49,spikes,plane,1.18839,0.0113818,0.11056,0.00283165,-0.00274492,-0.353378,-5.69365e-20,2.36502e-17,-1.59398e-19
0.5,Terrain,spikes,1.00004,0.200283,-0.000393626,-0.0183982,0.0128751,49.3334,0.000529649,-0.000529183,-0.000435704
0.5,spikes,plane,1.18819,0.0115859,0.111253,0.00199249,-0.00247037,-0.352549,1.72774e-19,-8.2366e-21,8.07876e-21
0.51,Terrain,spikes,0.999922,0.20017,-0.000392936,-0.0169895,0.0148343,49.3329,0.000492043,-0.000492133,0.00012432
0.51,spikes,plane,1.18799,0.0117935,0.111948,0.00105231,-0.00171687,-0.352585,-2.32015e-19,2.34945e-17,-9.60024e-20
0.52,Terrain,spikes,0.999882,0.200137,-0.000392198,-0.0174012,0.0154791,49.3438,0.00045845,-0.000458536,0.000120969
0.52,spikes,plane,1.17779,0.0119897,0.112087,0.00043992,-0.00131767,-0.363922,-6.24152e-20,9.48373e-18,-9.64055e-20
0.53,Terrain,spikes,0.999865,0.200128,-0.000391464,-0.0169888,0.0154406,49.3389,0.000427577,-0.000427716,0.000179503
0.53,spikes,plane,1.17509,0.0121998,0.112625,-0.00141218,0.000328369,-0.358991,6.6928e-23,-7.96928e-18,-3.52031e-20
0.54,Terrain,spikes,0.997484,0.197755,-0.000393011,-0.0405096,0.0626356,49.7532,0.000380868,-0.000373579,-0.0078345
0.54,spikes,plane,0.910465,0.0181684,0.096555,0.00804922,-0.0346206,-0.776656,-1.07475e-19,6.53869e-18,-2.7177e-19
0.55,Terrain,spikes,0.99852,0.198799,-0.000391404,-0.0275009,0.0415642,49.3353,0.000363963,-0.000365098,0.00127937
0.55,spikes,plane,0.80054,0.0243895,0.0894646,-0.0119926,-0.00439928,-0.358137,-5.5197e-21,1.69911e-20,4.38759e-21
0.56,Terrain,spikes,0.999473,0.19976,-0.000389954,-0.0799505,0.0970646,49.9551,0.00034501,-0.000343239,-0.00194341
0.56,spikes,plane,0.824617,0.287759,0.0741745,-0.00279265,-0.0144331,-0.981426,-2.72019e-18,-1.02676e-17,3.53343e-19
0.57,Terrain,spikes,1.00003,0.200324,-0.000388857,-0.0452854,0.0418944,49.342,0.000330372,-0.000329979,-0.000415404
0.57,spikes,plane,0.838434,0.398925,0.0673912,-0.0135436,0.014652,-0.368605,-6.13754e-18,-4.09434e-18,5.01839e-20
0.58,Terrain,spikes,1.00108,0.201387,-0.00038731,-0.0691465,0.0396507,49.5868,0.00031385,-0.000317665,0.00446066
0.58,spikes,plane,0.919336,0.399254,0.0723582,0.0141591,0.0170322,-0.618276,2.10012e-18,3.51072e-18,2.51028e-19
0.59,Terrain,spikes,1.00136,0.201668,-0.000386492,-0.0494735,0.028572,49.3338,0.00029984,-0.000298269,-0.00180939
0.59,spikes,plane,1.1872,0.400056,0.0908256,0.00514285,0.0114499,-0.35254,1.90295e-18,2.14027e-20,2.77095e-20
0.6,Terrain,spikes,1.00127,0.201593,-0.000385954,-0.0494176,0.0304089,49.3261,0.00027991,-0.000278689,-0.00142574
0.6,spikes,plane,1.18702,0.400238,0.0907962,0.0050146,0.0118388,-0.352455,1.9405e-18,1.56593e-17,5.53007e-19
0.61,Terrain,spikes,1.00127,0.201596,-0.000385367,-0.0501516,0.0314927,49.3255,0.000262519,-0.000261225,-0.0015367
0.61,spikes,plane,1.18684,0.400421,0.0907661,0.0046185,0.01196,-0.352478,3.94644e-18,-7.83971e-18,-2.17783e-19
0.62,Terrain,spikes,1.00128,0.201613,-0.000384787,-0.0514269,0.0323653,49.3319,0.000245206,-0.00024387,-0.00161349
0.62,spikes,plane,1.18291,0.400592,0.0904449,0.00453728,0.0124871,-0.359714,1.3702e-19,1.56318e-17,5.18648e-19
0.63,Terrain,spikes,1.00008,0.200422,-0.00038524,-0.0694751,0.0349206,49.53,0.000220225,-0.000224204,0.0049697
0.63,spikes,plane,0.837652,0.397222,0.0632243,-0.00783869,0.0383253,-0.565187,2.69594e-18,1.41805e-17,6.56571e-19
0.64,Terrain,spikes,0.997019,0.197373,-0.000387265,-0.0453876,0.120679,49.9102,0.000188647,-0.000183652,-0.00623417
0.64,spikes,plane,0.848842,0.0510963,0.0912061,0.00417035,-0.08308,-0.967708,4.2897e-19,-3.38551e-18,-4.2045e-20
0.65,Terrain,spikes,0.999762,0.200126,-0.000384657,-0.0286391,0.0293361,49.3621,0.000196016,-0.000196398,0.000515257
0.65,spikes,plane,1.18477,0.0150594,0.122227,-0.00158945,0.00124072,-0.357931,2.49053e-19,-7.98563e-18,-2.28084e-20
0.66,Terrain,spikes,0.838661,0.361318,-0.000115472,2.99179,-3.02265,64.3487,1.87614e-05,-1.87676e-05,1.075e-05
0.66,spikes,plane,1.072,0.0173788,0.113193,-0.0591837,0.0636114,-0.538738,1.03189e-05,-9.8234e-06,-0.000121713
0.67,Terrain,spikes,0.804352,0.386985,-8.79078e-05,1.84927,-1.77024,35.2259,0.000128151,-8.71901e-06,0.0174457
0.67,spikes,plane,0.798508,0.0264542,0.0893119,-0.0386743,0.0250099,-0.264316,3.74413e-20,-5.54755e-18,-5.97128e-19
0.68,Terrain,spikes,0.963281,0.233389,-0.000169714,0.406529,-0.35592,48.9225,0.00034453,-0.000337904,0.00496676
0.68,spikes,plane,0.800344,0.332565,0.0634007,-0.014386,-0.00637047,-0.779907,-9.50965e-05,9.3011e-05,0.00107954
0.69,Terrain,spikes,0.984947,0.237417,-0.000180729,0.0223629,-0.0260996,24.6621,0.000104198,-0.000179291,-0.00049479
0.69,spikes,plane,0.812064,0.397678,0.0588585,-0.00945276,0.011363,-0.181965,-1.54501e-05,1.52066e-05,0.000175932
0.7,Terrain,spikes,0.994373,0.200461,-0.000276633,0.0947308,-0.150104,74.5327,5.49077e-05,-0.000147838,-0.0147155
0.7,spikes,plane,0.836723,0.400164,0.0606835,-0.0258904,0.0308466,-0.569184,-2.55188e-05,2.59435e-05,0.000290944
0.71,Terrain,spikes,1.00103,0.201407,-0.000280011,-0.0715674,0.0379271,49.4985,0.000138662,-0.000132756,-0.00843323
0.71,spikes,plane,0.842211,0.40018,0.0611803,-0.0139509,0.0181451,-0.380493,3.87792e-20,1.33223e-17,5.93735e-19
0.72,Terrain,spikes,1.00196,0.202334,-0.000282433,-0.0800442,0.0440496,49.5622,0.000117075,-0.000119596,0.00364816
0.72,spikes,plane,1.18585,0.401426,0.0907614,0.027615,0.0088768,-0.558415,-3.32287e-19,9.08205e-18,1.68854e-19
0.73,Terrain,spikes,0.999831,0.204181,-0.0002839,-0.0383888,0.0048177,49.4506,7.92931e-05,-0.000125648,-0.00653026
0.73,spikes,plane,1.18585,0.401419,0.0907535,0.00401068,0.0123752,-0.354106,5.82689e-18,-4.59219e-20,6.1361e-20
0.74,Terrain,spikes,0.998338,0.20329,-0.000286589,-0.0246512,0.0256067,49.8036,1.82986e-05,-7.86525e-05,0.000639819
0.74,spikes,plane,1.14993,0.240074,0.101348,0.0231251,-0.0300089,-0.809194,0.000124741,-0.000123498,-0.00145528
0.75,Terrain,spikes,0.995377,0.201281,-0.000289737,-0.0119726,0.0163106,49.5345,3.08178e-07,-7.43505e-05,-0.00138707
0.75,spikes,plane,0.879419,0.0142876,0.0971803,0.00158221,-0.00617522,-0.515584,6.86209e-20,-1.17856e-17,1.19941e-19
0.76,Terrain,spikes,0.994717,0.202443,-0.000290484,0.00980455,0.00637288,49.3596,-1.53423e-05,-8.72441e-05,0.00161521
0.76,spikes,plane,0.798492,0.0139897,0.0902233,-0.0128454,-0.00365719,-0.352788,1.58164e-19,-7.7444e-18,7.34941e-20
0.77,Terrain,spikes,0.99466,0.202511,-0.000291967,0.010582,0.00540651,49.358,-1.86505e-05,-8.89784e-05,0.00157997
0.77,spikes,plane,0.798494,0.0139879,0.0902213,-0.0128343,-0.00361867,-0.35277,1.12257e-19,-1.56305e-17,1.56868e-19
0.78,Terrain,spikes,0.996222,0.202326,-0.000293782,-0.00218067,-0.0124004,49.5113,-2.94064e-06,-7.99398e-05,-0.00330119
0.78,spikes,plane,0.997571,0.0159555,0.107202,0.00616602,0.00901811,-0.513949,-1.0729e-05,1.04157e-05,0.000124567
0.79,Terrain,spikes,0.998552,0.205329,-0.000293252,-0.0186331,0.0217791,49.6796,-3.93496e-06,-9.87533e-05,0.00536159
0.79,spikes,plane,1.13082,0.326491,0.0923413,0.0109798,-0.0121222,-0.662433,3.62791e-19,-7.96477e-18,-5.33321e-20
0.8,Terrain,spikes,0.995699,0.205413,-0.000294057,-0.00564827,-0.00462945,49.494,-4.98099e-05,-5.67579e-05,-0.00518929
0.8,spikes,plane,0.817241,0.400066,0.0591008,-0.0127457,0.00899549,-0.432573,8.94263e-07,-8.99121e-07,-1.03749e-05
0.81,Terrain,spikes,0.995719,0.205777,-0.00029451,0.00323782,-0.0188754,49.4364,-7.9201e-05,-6.65037e-05,0.00071535
0.81,spikes,plane,0.963,0.399348,0.0717157,-0.00157931,0.0185117,-0.435014,-6.66585e-18,-4.77381e-18,-3.059e-20
0.82,Terrain,spikes,0.999063,0.212171,-0.000294022,0.000922326,0.00449776,49.5802,-7.69481e-05,-2.35243e-05,0.000222923
0.82,spikes,plane,1.07006,0.245061,0.0939964,0.0183069,-0.0175708,-0.637318,3.05361e-05,-3.0078e-05,-0.000354957
0.83,Terrain,spikes,0.996366,0.201761,-0.000305385,-0.0114558,0.0137645,49.4486,-4.57013e-05,-3.58753e-05,-0.00226747
0.83,spikes,plane,0.848252,0.0155137,0.0943476,-0.00966452,-0.00282786,-0.376539,-6.31795e-05,6.1758e-05,0.000732975
0.84,Terrain,spikes,0.996975,0.203494,-0.000304693,-0.000565342,0.00252969,49.5444,-4.87014e-05,-5.56033e-05,0.00103977
0.84,spikes,plane,1.06871,0.136354,0.103079,0.000692982,0.000691011,-0.537646,-1.63951e-05,1.60629e-05,0.000190319
0.85,Terrain,spikes,0.995501,0.205258,-0.000303513,0.000209798,-0.00511806,49.439,-8.29029e-05,-6.62612e-05,-0.00306814
0.85,spikes,plane,0.896981,0.398725,0.0660905,-0.00668114,0.0113861,-0.43117,-0.000170695,0.000168311,0.00198412
0.86,Terrain,spikes,0.995967,0.203173,-0.000305815,-0.00270918,0.00521324,49.5197,-6.18704e-05,-5.0485e-05,-0.0061835
0.86,spikes,plane,1.01352,0.102716,0.101171,0.00586365,-0.010519,-0.52921,-0.00043366,0.000426636,0.0050439
0.87,Terrain,spikes,0.996038,0.204156,-0.0003055,-0.00315354,0.00190225,49.5019,-7.20369e-05,-6.02641e-05,0.0012496
0.87,spikes,plane,0.987396,0.246614,0.0867456,0.000318711,0.00130712,-0.497421,0.000114687,-0.000112972,-0.00133406
0.88,Terrain,spikes,0.995982,0.203953,-0.000306122,-0.00127581,0.00134503,49.492,-7.14149e-05,-5.98512e-05,3.8501e-05
0.88,spikes,plane,0.991112,0.209318,0.090221,2.52747e-05,-7.8662e-06,-0.490108,1.23734e-06,-1.22118e-06,-1.43976e-05
0.89,Terrain,spikes,0.995977,0.203964,-0.000306561,-0.00117663,0.00114523,49.4915,-7.26941e-05,-5.9808e-05,-4.47508e-06
0.89,spikes,plane,0.991263,0.208919,0.0902665,2.50775e-05,-1.97829e-05,-0.490022,2.85885e-07,-2.81969e-07,-3.30783e-06
0.9,Terrain,spikes,0.995975,0.203966,-0.000306993,-0.00113655,0.00110931,49.4915,-7.37402e-05,-6.03056e-05,-7.88484e-06
0.9,spikes,plane,0.991315,0.208783,0.0902815,2.6724e-05,-2.62283e-05,-0.490015,-1.43729e-08,1.38703e-08,1.92651e-07
0.91,Terrain,spikes,0.995973,0.203968,-0.00030741,-0.00110134,0.00107461,49.4914,-7.4758e-05,-6.1057e-05,-8.23959e-06
0.91,spikes,plane,0.991294,0.208799,0.0902773,2.47248e-05,-2.45743e-05,-0.490015,-3.48374e-08,3.64747e-08,4.31566e-07
0.92,Terrain,spikes,0.995971,0.20397,-0.000307814,-0.00106166,0.0010363,49.4914,-7.58174e-05,-6.13913e-05,-7.65544e-06
0.92,spikes,plane,0.991334,0.20877,0.0902823,2.61082e-05,-2.53112e-05,-0.490013,5.8807e-09,-3.64532e-09,-4.71072e-08
0.93,Terrain,spikes,0.995969,0.203972,-0.000308203,-0.00102776,0.00100365,49.4913,-7.68275e-05,-6.16031e-05,-7.35807e-06
0.93,spikes,plane,0.99129,0.208803,0.0902748,2.29164e-05,-2.2815e-05,-0.490013,-3.33132e-08,3.46541e-08,4.09927e-07
0.94,Terrain,spikes,0.995967,0.203974,-0.000308579,-0.000991571,0.00096808,49.4913,-7.77648e-05,-6.20523e-05,-7.34571e-06
0.94,spikes,plane,0.991308,0.20879,0.0902766,2.31914e-05,-2.27723e-05,-0.490012,-1.26523e-08,1.58159e-08,1.78966e-07
0.95,Terrain,spikes,0.995965,0.203975,-0.000308943,-0.000958904,0.000935259,49.4912,-7.8759e-05,-6.20452e-05,-6.16386e-06
0.95,spikes,plane,0.991331,0.208774,0.090279,2.37464e-05,-2.29796e-05,-0.490012,8.07971e-09,-5.49024e-09,-7.13247e-08
