lazyprm best cost max,lazyprm best cost mean,lazyprm best cost min,lazyprm best cost std,lazyprm edge checks,lazyprm time,lazyprm time KNN,lazyprm time configuration test,lazyprm time connect,lazyprm time lazy,lazyrrg best cost max,lazyrrg best cost mean,lazyrrg best cost min,lazyrrg best cost std,lazyrrg edge checks,lazyrrg time,lazyrrg time KNN,lazyrrg time configuration test,lazyrrg time connect,lazyrrg time lazy,lazyrrg_subopt0.1 best cost max,lazyrrg_subopt0.1 best cost mean,lazyrrg_subopt0.1 best cost min,lazyrrg_subopt0.1 best cost std,lazyrrg_subopt0.1 edge checks,lazyrrg_subopt0.1 time,lazyrrg_subopt0.1 time KNN,lazyrrg_subopt0.1 time configuration test,lazyrrg_subopt0.1 time connect,lazyrrg_subopt0.1 time lazy,lazyrrg_subopt0.2 best cost max,lazyrrg_subopt0.2 best cost mean,lazyrrg_subopt0.2 best cost min,lazyrrg_subopt0.2 best cost std,lazyrrg_subopt0.2 edge checks,lazyrrg_subopt0.2 time,lazyrrg_subopt0.2 time KNN,lazyrrg_subopt0.2 time configuration test,lazyrrg_subopt0.2 time connect,lazyrrg_subopt0.2 time lazy,prm best cost max,prm best cost mean,prm best cost min,prm best cost std,prm edge checks,prm time,prm time KNN,prm time configuration test,prm time connect,prm time lazy,rrt best cost max,rrt best cost mean,rrt best cost min,rrt best cost std,rrt edge checks,rrt time,rrt time KNN,rrt time configuration test,rrt time connect,rrt time lazy,rrt_subopt0.1 best cost max,rrt_subopt0.1 best cost mean,rrt_subopt0.1 best cost min,rrt_subopt0.1 best cost std,rrt_subopt0.1 edge checks,rrt_subopt0.1 time,rrt_subopt0.1 time KNN,rrt_subopt0.1 time configuration test,rrt_subopt0.1 time connect,rrt_subopt0.1 time lazy,rrt_subopt0.2 best cost max,rrt_subopt0.2 best cost mean,rrt_subopt0.2 best cost min,rrt_subopt0.2 best cost std,rrt_subopt0.2 edge checks,rrt_subopt0.2 time,rrt_subopt0.2 time KNN,rrt_subopt0.2 time configuration test,rrt_subopt0.2 time connect,rrt_subopt0.2 time lazy
,,,,39.399999999999999,0,0.0042188,0.00029930000000000001,0.023271899999999995,0.018582000000000001,,,,,10.6,0,0.0069769999999999997,0.00037099999999999996,0.0021550999999999996,0.0002131,,,,,9.0999999999999996,0,0.0064051999999999998,0.00035409999999999988,0.00067730000000000015,0.0065929999999999999,,,,,5.5999999999999996,0,0.0066613000000000002,0.00035079999999999996,0.00063279999999999999,5.9099999999999993e-05,,,,,9301.8999999999996,0,0.027841399999999999,0.00031390000000000004,0.06399790000000001,0.0,,,,,762.0,0,0.07212869999999999,0.00046559999999999993,0.0098218000000000003,0.0,,,,,349.30000000000001,0,0.0085470999999999984,0.00044959999999999998,0.0019136000000000001,0.0,,,,,296.39999999999998,0,0.0078011000000000009,0.00044790000000000005,0.0012921999999999999,0.0
,,,,50.120675065811909,0.1,0.0059190116390483794,0.00042632012663080913,0.043698956890777914,0.05135803752224468,inf,1.5838615831327822,1.5838615831327822,0.0,104.39032574010548,0.1,0.030450617601916287,0.0016679335586953768,0.030343988629572306,0.025082796581963229,inf,1.782422,1.7158,0.065699531931361618,67.644051827800723,0.1,0.044330009072603226,0.0028587932324182588,0.019610069227151021,0.012786726638170496,inf,1.796932,1.72318,0.059434265335747236,56.538479989021155,0.1,0.054026402241820835,0.0031021310048669109,0.016617092224816454,0.0050396839627787583,,,,,11427.109056371663,0.1,0.028397788618327424,0.00035474271413754008,0.069498262250042214,0.0,,,,,2627.6574040064002,0.1,0.1033772424337458,0.0013744714920844088,0.016103698186022329,0.0,inf,1.6930700000000001,1.68838,0.004689999999999972,2819.3169197768966,0.1,0.066323111976921853,0.0043680349560711786,0.012207287981754352,0.0,inf,1.7081228571428573,1.64328,0.048843813386369082,2985.7473427970954,0.1,0.065087799236552571,0.0045474907840015394,0.012034373295713992,0.0
,,,,72.465644796063614,0.2,0.0068443449532411436,0.00049963915851046026,0.059888460334330894,0.13235709537746124,inf,1.5731704795998214,1.5636873529212973,0.005739798551931948,196.51422300237999,0.2,0.050043033628633139,0.0028234016047873427,0.065776712547761892,0.061564651872644774,1.92558,1.8199830000000001,1.7158,0.076584906744083761,83.799999999999997,0.2,0.10059725377295366,0.0062750796203099269,0.033605999639783231,0.016293897239976547,inf,1.8609925,1.72318,0.10468598983985387,74.127154445426072,0.2,0.11139575390869767,0.0065412428180370418,0.028865429335141669,0.0097091231057501951,inf,1.5780813865903156,1.5780813865903156,0.0,13924.435286159267,0.2,0.029129643916559166,0.0003973678192744549,0.076826098348173555,0.0,inf,1.5686721855672976,1.5476267806902135,0.025624924178209496,10842.991319436416,0.2,0.14953337650875023,0.0045766206076103284,0.044656900725798115,0.0,1.79261,1.7217189999999998,1.64535,0.042023839293905532,6225.2652496967148,0.2,0.12895051314830722,0.0080905084565801328,0.025796241593251022,0.0,inf,1.7108611111111114,1.64328,0.044621464801008655,5834.0651360385382,0.2,0.13021440580962509,0.0081257323021889163,0.025213498620188624,0.0
,,,,92.935257199683463,0.30000000000000004,0.0075621009551057397,0.0005533900934026134,0.073802019850995743,0.21762370859211377,inf,1.5700675187339865,1.5525248358476829,0.019598036699135117,288.63115945986846,0.30000000000000004,0.060438686492497826,0.0034688214130861516,0.11800816647706162,0.094189822903575124,1.92558,1.8203960000000001,1.7158,0.076249097332361959,85.298630136986304,0.30000000000000004,0.16069641684892311,0.0094233988242899778,0.047978598834243089,0.019277361268068914,2.02458,1.8718650000000001,1.72318,0.098597407699188469,80.599999999999994,0.30000000000000004,0.1711633358807457,0.009644880984003722,0.044068837537233112,0.012768364322592545,inf,1.5740539969540783,1.5740539969540783,0.0,15474.053910296348,0.30000000000000004,0.029643182948502527,0.00042183032076575981,0.084606998899314667,0.0,inf,1.5546348141251258,1.5309829907563024,0.022777167392553133,18238.233774051936,0.30000000000000004,0.18913938110065501,0.0067957653700212494,0.081274993377369029,0.0,1.79261,1.7217189999999998,1.64535,0.042023839293905532,8925.0904196558458,0.30000000000000004,0.19369133819200018,0.011193238314277553,0.040952854745172636,0.0,inf,1.7108611111111114,1.64328,0.044621464801008655,8185.8823947564288,0.30000000000000004,0.19641857077144392,0.011209694783893741,0.040312598776347783,0.0
,,,,111.75661279688191,0.4,0.0081220566702790778,0.00059500651803691732,0.085906132396539589,0.30488039910144582,inf,1.557480410697643,1.5446812493541613,0.014673929658195195,356.70984801494217,0.4,0.069668859813640391,0.0040120343590877433,0.17868288826851092,0.12045637221678632,1.92558,1.8203960000000001,1.7158,0.076249097332361959,85.371779511980662,0.4,0.22302284233553776,0.012084589056144231,0.064485237234296111,0.021307457355261496,2.02458,1.8718650000000001,1.72318,0.098597407699188469,80.599999999999994,0.4,0.23359643449903528,0.012329044175944482,0.060216880375282222,0.015027211444603492,inf,1.5714512384184556,1.5714512384184556,0.0,16891.585175623062,0.4,0.030165567505049035,0.00044382849944824996,0.092202749907347642,0.0,inf,1.5387659752930409,1.5284603255886846,0.0082864258704494122,24351.760962143104,0.4,0.22525640859725637,0.0084766729441182846,0.12376802177012163,0.0,1.79261,1.7217189999999998,1.64535,0.042023839293905532,11031.667677389582,0.4,0.25996514616325728,0.013763195300831369,0.05809610854580928,0.0,inf,1.7108611111111114,1.64328,0.044621464801008655,10155.090565922739,0.4,0.263580123963017,0.013805933538171144,0.057037019854537199,0.0
,,,,129.11357896807166,0.5,0.0086215206543050378,0.00062932422546012725,0.0973869173377752,0.3928345359537585,inf,1.5498496968603495,1.5383514957698816,0.011942337853979587,410.49526844303563,0.5,0.081549257338562275,0.0046703389491507116,0.23550965787390932,0.14706772593462297,1.92558,1.8203960000000001,1.7158,0.076249097332361959,85.599999999999994,0.5,0.28666444902329075,0.014456313613812494,0.081917978967498264,0.02321445778394246,2.02458,1.8718650000000001,1.72318,0.098597407699188469,80.599999999999994,0.5,0.29734069042410499,0.014797427703454175,0.077268325517826114,0.01712031864626954,inf,1.5666024153896583,1.5666024153896583,0.0,25583.878199065199,0.5,0.0409837730740754,0.00072245213521743745,0.11319380763588202,0.0,1.5787296105140667,1.5391069647519948,1.52523,0.014756895518606062,30323.997157303151,0.5,0.26555254910687792,0.0102554398342699,0.17130619016386361,0.0,1.79261,1.7217189999999998,1.64535,0.042023839293905532,12941.276036423016,0.5,0.32702885083100725,0.016109942642162835,0.075889604557144705,0.0,1.78711,1.712577,1.64328,0.042643476417853175,11930.439234517009,0.5,0.33109564213724069,0.016189883656739436,0.074580448654704826,0.0
inf,1.597470484244516,1.574348084448022,0.023122399796493887,139.49950850080103,0.6,0.009086002649665666,0.00065642986816635157,0.11057322520480095,0.47913260925660567,inf,1.5459135754550746,1.5354876216824804,0.0099236774459728234,447.88198225020778,0.6,0.089873388096584003,0.0051062955218746254,0.29001620272424933,0.18119361760502353,1.92558,1.8203960000000001,1.7158,0.076249097332361959,85.599999999999994,0.6,0.35127786643358749,0.01672864604754281,0.099910672511618198,0.025089746387461608,2.02458,1.8718650000000001,1.72318,0.098597407699188469,80.599999999999994,0.6,0.36199345134901473,0.017110546057723441,0.094801598647572913,0.019153111018427704,inf,1.5609706321475554,1.5571821306218223,0.0037885015257331789,42827.869372364214,0.6,0.049325454546285993,0.0010283245729851699,0.15561776084386492,0.0,1.5402687407131255,1.5313095129078305,1.523880565065004,0.0057006724209594838,35913.848601592741,0.6,0.30654750999287012,0.011939715392682146,0.21958994809364013,0.0,1.79261,1.7217189999999998,1.64535,0.042023839293905532,14692.996329958982,0.6,0.39500514949126575,0.018335759333118738,0.093725229334955848,0.0,1.78711,1.712577,1.64328,0.042643476417853175,13562.401102910811,0.6,0.3994159648909601,0.018426962215219576,0.0923556617786708,0.0
inf,1.5984868231233953,1.5709868282847077,0.019484448739772425,148.93680527343241,0.7,0.0095944380711335681,0.00068461394573700383,0.12664571347149028,0.56249853852498544,inf,1.5428972767331632,1.5337266178140458,0.0083763406572100272,486.41275839858611,0.7,0.097267513684397955,0.0054802415863629689,0.34311831933475889,0.21811291476658973,1.92558,1.8203960000000001,1.7158,0.076249097332361959,85.599999999999994,0.7,0.41658518777668263,0.018863753780376032,0.11825298285908517,0.02689189493103062,2.02458,1.8718650000000001,1.72318,0.098597407699188469,80.599999999999994,0.7,0.42713465619174318,0.019304322162899568,0.11279649532562611,0.021115386966241909,inf,1.5615903429095339,1.5517161209939374,0.0060239194595685863,59383.160374877996,0.7,0.056018662944799791,0.0012995167001126611,0.19658922804705087,0.0,1.5383269021622779,1.5297979927327385,1.52325,0.0049862508473284594,41087.109657306341,0.7,0.34851996694330489,0.013466226559417187,0.26763178307236118,0.0,1.79261,1.7217189999999998,1.64535,0.042023839293905532,16325.652794373285,0.7,0.46358717155456886,0.020458347064779617,0.1117423830889895,0.0,1.78711,1.712577,1.64328,0.042643476417853175,15062.32422848836,0.7,0.46840672358434715,0.020488885001296715,0.11037861376152631,0.0
inf,1.5920636049578996,1.5676255721213936,0.017411903452700411,158.3600329466511,0.7999999999999999,0.010128974362134268,0.00071386427812503378,0.14405191496107217,0.64450259614473526,1.5666701559301577,1.5426371381205874,1.5303295434629778,0.010245613545308127,514.73079588783617,0.7999999999999999,0.10505945640253303,0.0058568589811939485,0.39223921919727717,0.2585914342683403,1.92558,1.8203960000000001,1.7158,0.076249097332361959,85.599999999999994,0.7999999999999999,0.48226232145782016,0.020957921004260957,0.13667234267751052,0.028653534238115397,2.02458,1.8718650000000001,1.72318,0.098597407699188469,80.599999999999994,0.7999999999999999,0.49277716560772233,0.021403747069348725,0.13114410019101114,0.023046636682679211,inf,1.5554002166897234,1.5511089093951662,0.0037042885665604735,74209.705539686445,0.7999999999999999,0.062695321843618229,0.0015277045772773619,0.23594292600729427,0.0,1.5322972422868841,1.5275992541601513,1.52238,0.0034873204653427165,45334.321562359124,0.7999999999999999,0.38538705692744152,0.014715679352380908,0.32253995296752025,0.0,1.79261,1.7217189999999998,1.64535,0.042023839293905532,17864.572020650754,0.7999999999999999,0.53270481808038861,0.022483163679902312,0.1298519990053357,0.0,1.78711,1.712577,1.64328,0.042643476417853175,16469.18143595328,0.7999999999999999,0.53788858230296932,0.02248608745055523,0.12853124024032686,0.0
inf,1.585640386792404,1.5642643159580794,0.015418047338286726,167.78326061986985,0.8999999999999999,0.010663510653134966,0.00074311461051306395,0.16145811645065405,0.72650665376448487,1.5591243859776325,1.5405907338502551,1.5262496071154805,0.0093017415825109515,538.31190512049966,0.8999999999999999,0.11164614334311798,0.0061677798202248637,0.43802286164609949,0.30409211278723236,1.92558,1.821382809278014,1.7158,0.076401073441931144,85.793113361646519,0.8999999999999999,0.54783808264399403,0.022977995792769712,0.15513249000473026,0.031014478637732629,2.02458,1.8718650000000001,1.72318,0.098597407699188469,80.599999999999994,0.8999999999999999,0.55876001808232145,0.023454647152342922,0.14973369291178573,0.024958568932988326,inf,1.5488554540857657,1.5433374774535538,0.0044430926438460893,87663.151218972605,0.8999999999999999,0.069299880277653686,0.0017232961008051286,0.27376763971026036,0.0,1.5309632880945983,1.5266862111083526,1.52225,0.003025290598322781,49392.389519386052,0.8999999999999999,0.4227682238064191,0.015952327258332226,0.3772346626602498,0.0,1.79261,1.7217189999999998,1.64535,0.042023839293905532,19308.122068383109,0.8999999999999999,0.60233613338471126,0.02440443685740146,0.14802036684779743,0.0,1.78711,1.712577,1.64328,0.042643476417853175,17815.119064130318,0.8999999999999999,0.60778393431391398,0.024409119464366375,0.14674758242971772,0.0
inf,1.5792171686269085,1.560903059794765,0.013537693611959412,177.20648829308851,0.9999999999999999,0.011198046944135665,0.000772364942901094,0.17886431794023591,0.80851071138423458,1.5563088286916347,1.5391752989138674,1.5255914132155652,0.0090913745286721227,560.46045270234401,0.9999999999999999,0.11859290284469289,0.0064973083209840313,0.4815521099284662,0.35141086118964748,1.92558,1.8234620000000004,1.7158,0.077093303833731294,86.200000000000003,0.9999999999999999,0.61325370690069214,0.024946860863373388,0.17353077907803099,0.034027136817367562,2.02458,1.8718650000000001,1.72318,0.098597407699188469,80.599999999999994,0.9999999999999999,0.62497865659205076,0.025497468562090515,0.16829373082917251,0.026828729002209929,inf,1.5450619142104134,1.53712,0.005363803426507302,99515.810956677742,0.9999999999999999,0.075419280206159595,0.0018947425384494329,0.31213077724817695,0.0,1.5292760739169948,1.5257942934538224,1.5218586645292558,0.002511972498194012,53615.260628677126,0.9999999999999999,0.46345924114901971,0.017246945101734367,0.42823311335260489,0.0,1.79261,1.7217189999999998,1.64535,0.042023839293905532,20708.917203559657,0.9999999999999999,0.67220304496371641,0.026282867403965106,0.16632425068634449,0.0,1.78711,1.712577,1.64328,0.042643476417853175,19102.663930196984,0.9999999999999999,0.67795716443973353,0.02628258561716338,0.16507371867484635,0.0
inf,1.5743438113619803,1.557541803631451,0.01224193576631021,185.96158056757378,1.0999999999999999,0.01170485427168858,0.00079922266974399197,0.19551709491546271,0.89130030431657015,1.549580561670674,1.5364586819108035,1.5254538576098802,0.0073370955784888428,584.88610533095812,1.0999999999999999,0.12852603099370732,0.0069540233460699446,0.53391347670310263,0.38599368171365767,1.92558,1.8234620000000004,1.7158,0.077093303833731294,86.299999999999997,1.0999999999999999,0.67978804253359648,0.026911114106964819,0.19232768882086376,0.03568117720739284,2.02458,1.8718650000000001,1.72318,0.098597407699188469,80.599999999999994,1.0999999999999999,0.69146190394939833,0.027487344383130004,0.18694143295847809,0.028691684083284041,inf,1.5432435578248866,1.534997249463562,0.0059115685490922238,110484.02276509101,1.0999999999999999,0.081310267136095446,0.0020495485125814191,0.35014727373682836,0.0,1.52852,1.5247696830441049,1.5213690745672437,0.0023042453889207024,57619.306904573386,1.0999999999999999,0.50326411859444864,0.018485159014726256,0.48056230354317464,0.0,1.79261,1.7217189999999998,1.64535,0.042023839293905532,22056.929259363045,1.0999999999999999,0.74230102967102551,0.028132342897367268,0.18463002329490999,0.0,1.78711,1.712577,1.64328,0.042643476417853175,20355.677414324826,1.0999999999999999,0.74843070616998719,0.028115648759392719,0.18336859725695934,0.0
inf,1.5723429164098486,1.5541805474681367,0.012978614025439291,193.69079529952768,1.2,0.012191496982706008,0.00082276549462810913,0.21206953584080393,0.97421583664795508,1.549100265095729,1.5350863432055497,1.5250760879041048,0.006581916986855319,607.77587370966398,1.2,0.13804106963822027,0.0073784802030962687,0.5810509739574784,0.4264302041344622,1.92558,1.8234620000000004,1.7158,0.077093303833731294,86.299999999999997,1.2,0.74664310197714423,0.028863268696616963,0.21108011528198545,0.037365625560762936,2.02458,1.8718650000000001,1.72318,0.098597407699188469,80.599999999999994,1.2,0.75806743716434022,0.029440057763666184,0.205798013038265,0.030519217360371793,inf,1.5408042591127138,1.5320115361249729,0.0057317262211770336,120948.5233226183,1.2,0.087169659767376645,0.0021969752344997298,0.38752004530979345,0.0,1.5277440303323653,1.524292227579513,1.5208993406232914,0.0023101869603836252,61426.341228832767,1.2,0.54279155030582937,0.019651292081906933,0.53351620082576212,0.0,1.79261,1.7217189999999998,1.64535,0.042023839293905532,23393.500197134032,1.2,0.81255854368891978,0.029986109259220232,0.20293513056743148,0.0,1.78711,1.712577,1.64328,0.042643476417853175,21579.134028111559,1.2,0.81915761914061846,0.029915120432608598,0.20163876407201858,0.0
inf,1.5710986530595354,1.5524119954743094,0.013256813975234996,200.85484219423716,1.3,0.01265549779318526,0.00084459352214785526,0.228319767065009,1.0574593343551077,1.5487309896278219,1.534283060387045,1.5243089639924194,0.0067285284728029046,629.35748920049275,1.3,0.14702874661047571,0.007775837155779561,0.62482669407929314,0.47096867532270698,1.92558,1.8234620000000004,1.7158,0.077093303833731294,86.299999999999997,1.3,0.8135790177611707,0.030766519159704818,0.23002364392617275,0.038991269174337206,2.02458,1.8718650000000001,1.72318,0.098597407699188469,80.599999999999994,1.3,0.82495009162928989,0.031377438942969335,0.22465914226742836,0.032326024184435885,inf,1.5382262449712658,1.5315052802487887,0.0044647173265231167,131333.60837010169,1.3,0.093146807351688524,0.0023385128987035075,0.42397866025216924,0.0,1.5273305136048945,1.5238968114165874,1.52042,0.0021614409670977918,65305.881954528042,1.3,0.58381725571046894,0.02084746201441761,0.5847968152495191,0.0,1.79261,1.7217189999999998,1.64535,0.042023839293905532,24675.853196803022,1.3,0.88319153451470933,0.031794440893957103,0.22117904810447925,0.0,1.78711,1.712577,1.64328,0.042643476417853175,22771.943696397557,1.3,0.89002628737639022,0.031696284943965182,0.22004181484351326,0.0
inf,1.5703090115973382,1.5520073091448299,0.01294406025885997,207.38644945317779,1.4000000000000001,0.013091521433998349,0.00086452879635495554,0.24405939393433199,1.1412449199471293,1.547821660554496,1.5339895508591446,1.523563890229565,0.0066468732862222874,647.9370296131541,1.4000000000000001,0.15725452626706166,0.0082921658691436587,0.6688539097878814,0.51362805071054418,1.92558,1.8234620000000004,1.7158,0.077093303833731294,86.299999999999997,1.4000000000000001,0.8807534021732849,0.032676378181723663,0.24898748069311999,0.040624723572573282,2.02458,1.8718650000000001,1.72318,0.098597407699188469,80.599999999999994,1.4000000000000001,0.89199478572559643,0.033290921771602748,0.24363090129144288,0.03413871340644567,inf,1.5364225770971258,1.5314180795351116,0.0033436742961339004,146578.26904842531,1.4000000000000001,0.10298130809254165,0.0025782562587841154,0.47397061223526366,0.0,1.5272,1.5235056841181911,1.51993,0.002345682569626579,68992.133910158693,1.4000000000000001,0.62382314257509164,0.021981242181827454,0.63748639800433549,0.0,1.79261,1.7217189999999998,1.64535,0.042023839293905532,25948.008069294403,1.4000000000000001,0.9538214218210056,0.033597329542130308,0.23947834185791406,0.0,1.78711,1.712577,1.64328,0.042643476417853175,23906.938917860964,1.4000000000000001,0.96079005398715189,0.033439946339673461,0.23825307179843089,0.0
inf,1.5695193701351409,1.5516026228153503,0.012680242217660936,213.91805671211841,1.5000000000000002,0.01352754507481144,0.00088446407056205572,0.25979902080365491,1.2250305055391515,1.5464628521499681,1.5333874267602337,1.5230008062619889,0.0063838814022913696,669.19088173420153,1.5000000000000002,0.16948498600255765,0.0088821988588498289,0.71953121909019946,0.54707727800459571,1.92558,1.8234620000000004,1.7158,0.077093303833731294,86.299999999999997,1.5000000000000002,0.94815014596254554,0.034562328720368095,0.26789059787211822,0.042242864730105224,2.02458,1.8718650000000001,1.72318,0.098597407699188469,80.599999999999994,1.5000000000000002,0.95918530302829608,0.035149262980362632,0.26269337047828029,0.03595232732612131,inf,1.5367074011221928,1.5303900727179944,0.0047679551747789681,164279.89831761015,1.5000000000000002,0.11215052242979692,0.0028581353100073912,0.52327962589483046,0.0,1.5267159679128197,1.5232629719142401,1.51992,0.0022483690962016621,72633.733757113776,1.5000000000000002,0.66434511124035056,0.023108211535774255,0.68973867688328783,0.0,1.79261,1.7217189999999998,1.64535,0.042023839293905532,27183.094554306113,1.5000000000000002,1.0248558447953169,0.035400975299768767,0.25765947316754229,0.0,1.78711,1.712577,1.64328,0.042643476417853175,25033.520491268104,1.5000000000000002,1.0321105389448779,0.035177523971551279,0.25661134443592604,0.0
inf,1.5687297286729436,1.5511979364858708,0.012468466502126345,220.44983871771728,1.6000000000000003,0.013964073086908679,0.00090439692179929284,0.27558083340871425,1.3087734047274111,1.5403604176479824,1.5322410739870569,1.5224216983828507,0.0052667769097515327,689.3337082434457,1.6000000000000003,0.18003286785809561,0.0093159161126139169,0.77310775320557079,0.57999813257081589,1.92558,1.8234620000000004,1.7158,0.077093303833731294,86.299999999999997,1.6000000000000003,1.0156749689314144,0.036434531481442649,0.28685641692956054,0.043860615493219825,2.02458,1.8718650000000001,1.72318,0.098597407699188469,80.599999999999994,1.6000000000000003,1.0266124638055341,0.036999690585024086,0.28182261741824688,0.037742096035999984,inf,1.5377084611210643,1.5279788971104165,0.0076315243358381253,180717.44392714015,1.6000000000000003,0.12090979019243089,0.0031010395694675732,0.57130602259933072,0.0,1.5266106570532916,1.522539044906781,1.5183335554315773,0.0023894855279149542,75845.231101972633,1.6000000000000003,0.7009489895753096,0.024124904282422373,0.74668391975501547,0.0,1.79261,1.7217189999999998,1.64535,0.042023839293905532,28394.444230501518,1.6000000000000003,1.0959042184020369,0.037172439626055521,0.27597250686473074,0.0,1.78711,1.712577,1.64328,0.042643476417853175,26138.000296805651,1.6000000000000003,1.1035844381499362,0.036883567306805934,0.27502362438895261,0.0
inf,1.5679400872107463,1.5507932501563912,0.012311419034103446,226.98666229481296,1.7000000000000004,0.014415152586950183,0.00092425986854778575,0.29257973597166176,1.3912847693116146,1.5387651907677815,1.5317338775001834,1.5218350116585182,0.0050090135915908732,706.57917706854892,1.7000000000000004,0.18687791373798437,0.0096126852839507719,0.81755438992203433,0.62681821293279172,1.92558,1.8234620000000004,1.7158,0.077093303833731294,86.299999999999997,1.7000000000000004,1.0831945306442576,0.038277505283657962,0.30597788692732941,0.045439638625161503,2.02458,1.8718650000000001,1.72318,0.098597407699188469,80.599999999999994,1.7000000000000004,1.0941786190304605,0.038836502964183298,0.30097051634663063,0.039558828140683615,inf,1.5366635861476796,1.52763,0.0066023057343250636,195953.69864645338,1.7000000000000004,0.12960853651889218,0.0033154691001837412,0.61798345431136947,0.0,1.5252885237217872,1.5217218286146055,1.51604,0.0024963041136634233,79096.435602238344,1.7000000000000004,0.73823837530744996,0.025147745893305568,0.8029269548028598,0.0,1.79261,1.7217189999999998,1.64535,0.042023839293905532,29585.142748517748,1.7000000000000004,1.1671550289324255,0.038931933416224827,0.29424488486292077,0.0,1.78711,1.712577,1.64328,0.042643476417853175,27224.297332405327,1.7000000000000004,1.1751650877857238,0.038566831282094816,0.29341753610670712,0.0
inf,1.567150445748549,1.5503885638269117,0.012211211563741921,233.52348587190869,1.8000000000000005,0.014866232086991688,0.00094412281529627909,0.30957863853460921,1.4737961338958179,1.5371699638875804,1.5308922187970331,1.5212520828457758,0.0048377120481171093,721.95906544820753,1.8000000000000005,0.19445700642346209,0.0099377204115565533,0.86219792937224771,0.67252868008730649,1.92558,1.8234620000000004,1.7158,0.077093303833731294,86.299999999999997,1.8000000000000005,1.1509238696385222,0.040081421076598608,0.32507317826427523,0.047037157082145495,2.02458,1.8718650000000001,1.72318,0.098597407699188469,80.599999999999994,1.8000000000000005,1.1617745957317238,0.040632499205092945,0.32027601885629897,0.041325243817376442,inf,1.5358417641932933,1.5273225652373836,0.0066610450734857106,210942.27701946782,1.8000000000000005,0.13831252161332511,0.0035174863577103212,0.66455568247660979,0.0,1.52526,1.5212947898949323,1.5160390477247503,0.0024559656814734767,82212.111629422652,1.8000000000000005,0.774996617067788,0.026148621346775858,0.85986879732178279,0.0,1.79261,1.7217189999999998,1.64535,0.042023839293905532,30750.438437877387,1.8000000000000005,1.2385603259459246,0.040653712349275652,0.31251569254283107,0.0,1.78711,1.712577,1.64328,0.042643476417853175,28302.159780676418,1.8000000000000005,1.2467679683306945,0.04023267719833408,0.31191047337252364,0.0
inf,1.5665933289604632,1.5499838774974322,0.012242406340725936,239.99981763499494,1.9000000000000006,0.015315586108840698,0.00096366666633181249,0.32649894426918624,1.5563884696415937,1.53578,1.530225873596641,1.5210866008948032,0.0047588714920815539,735.02256383024451,1.9000000000000006,0.20312862438731333,0.010286064347060262,0.90401306239988877,0.71968111940805657,1.92558,1.8234620000000004,1.7158,0.077093303833731294,86.299999999999997,1.9000000000000006,1.2188849291411097,0.041886677002927836,0.34409313019036192,0.048611581209589944,2.02458,1.8718650000000001,1.72318,0.098597407699188469,80.599999999999994,1.9000000000000006,1.2295279196635105,0.042455182366501684,0.3395384519931085,0.043109721856742507,1.5620093004115225,1.5377050407522563,1.525086676054719,0.01006423814239407,224905.74259405312,1.9000000000000006,0.14685112898763364,0.003705618829678957,0.70989558569808509,0.0,1.5252256246843754,1.5208025875292999,1.5151038115999471,0.0026141910407091163,85629.996061541227,1.9000000000000006,0.81556538163708514,0.027214192221822843,0.91241669946520287,0.0,1.79261,1.7217189999999998,1.64535,0.042023839293905532,31898.84447371952,1.9000000000000006,1.3101889582159081,0.042377473929517587,0.33068711912470194,0.0,1.78711,1.712577,1.64328,0.042643476417853175,29353.788137004722,1.9000000000000006,1.3186795127222302,0.041879481813142563,0.33021867261956339,0.0
inf,1.5662943737610406,1.5495791911679526,0.012273488610549345,246.36428377819365,2.0000000000000004,0.015747716193957338,0.00098188881443778023,0.34303389891761699,1.6393859493026572,1.53578,1.5298675603748926,1.5210808649764826,0.0048326637288153397,747.78971404539755,2.0000000000000004,0.21160102135501596,0.010619799385888373,0.94639904101508754,0.76657921335163837,1.92558,1.8234620000000004,1.7158,0.077093303833731294,86.299999999999997,2.0000000000000004,1.2868889068330422,0.043674976189468868,0.36317645275506233,0.050181933300023018,2.02458,1.8718650000000001,1.72318,0.098597407699188469,80.599999999999994,2.0000000000000004,1.2973577970033994,0.044220514901802559,0.35882563749379159,0.044842539943004092,1.5546112748501104,1.5361348814265501,1.5237079838993712,0.0081970320194421371,238333.34111782513,2.0000000000000004,0.15527671327811679,0.0038892788599581519,0.75423414256847754,0.0,1.52511,1.5203746872021844,1.5148,0.0025870488102177017,88903.834421018386,2.0000000000000004,0.85567638029487658,0.028255680339583634,0.96567586786496573,0.0,1.79261,1.7217189999999998,1.64535,0.042023839293905532,33040.898792690023,2.0000000000000004,1.381775682788303,0.044055945553512887,0.34897494974050558,0.0,1.78711,1.712577,1.64328,0.042643476417853175,30382.999875832309,2.0000000000000004,1.3907157685308182,0.043491683250797879,0.34861901949015445,0.0
inf,1.5658307483649494,1.549174504838473,0.012143526877913103,252.62439849240224,2.1000000000000005,0.016153020965304309,0.0009984891970150271,0.35942734547121241,1.7225547954263998,1.53576660457077,1.529618277817383,1.5209050242245363,0.0048399888579976902,759.56226948772883,2.1000000000000005,0.21937001038783968,0.010927719020037552,0.99098637863469885,0.81218995522380832,1.92558,1.8234620000000004,1.7158,0.077093303833731294,86.299999999999997,2.1000000000000005,1.3549256423410065,0.045462622409723208,0.38229303101389411,0.051751405940801652,2.02458,1.8718650000000001,1.72318,0.098597407699188469,80.599999999999994,2.1000000000000005,1.3652516892499322,0.04598116798602013,0.37811184211300208,0.046591927940301738,1.547921467339855,1.5342656057832968,1.523627480754717,0.0065432980536166748,251513.90077246196,2.1000000000000005,0.1636928432772658,0.0040929097040373636,0.79808536214880632,0.0,1.5250967774638524,1.5201312767004813,1.5148,0.002664817578047006,92044.449037356724,2.1000000000000005,0.89410918239565973,0.029251042945575727,1.015623276782065,0.0,1.79261,1.7217189999999998,1.64535,0.042023839293905532,34166.04020578567,2.1000000000000005,1.4534944723318257,0.045730146228145925,0.36718029884389358,0.0,1.78711,1.712577,1.64328,0.042643476417853175,31411.52015561888,2.1000000000000005,1.4627804767368369,0.045098162610759995,0.36696168256175815,0.0
inf,1.5653671229688577,1.5487698185089935,0.012022468332835403,258.82981605121984,2.2000000000000006,0.016552401446191217,0.0010146720774914914,0.3759053349231139,1.8056457989157988,1.53569,1.5291724586425155,1.5206989764437266,0.0045222921616642035,772.92765565125592,2.2000000000000006,0.23035820750280242,0.011358855095177225,1.0351369848516847,0.85415761557648084,1.92558,1.8234620000000004,1.7158,0.077093303833731294,86.5,2.2000000000000006,1.4230293530820077,0.047216173110149418,0.40151993814952486,0.053291810302954087,2.02458,1.8718650000000001,1.72318,0.098597407699188469,80.599999999999994,2.2000000000000006,1.4267144865233896,0.047559282772418734,0.3955066408739204,0.048193776361794304,1.5392490164364858,1.532504376935437,1.5235518903573175,0.004975500517486079,264384.96038788854,2.2000000000000006,0.17200973318949214,0.004271053209308413,0.8412185389483845,0.0,1.5250221256750123,1.5200115140577453,1.5145107363166341,0.0027065658843759455,95304.587222699745,2.2000000000000006,0.93467074759860247,0.030276473660878399,1.0632939299224635,0.0,1.79261,1.7217189999999998,1.64535,0.042023839293905532,35287.820654271782,2.2000000000000006,1.5253682026489335,0.047393823925594422,0.38529045524981204,0.0,1.78711,1.712577,1.64328,0.042643476417853175,32422.737557940498,2.2000000000000006,1.5350735293390541,0.04670891934041322,0.38519037745512086,0.0
inf,1.5612304454354122,1.548365132179514,0.012119012027382678,265.08731881508868,2.3000000000000007,0.016956305760032341,0.0010310119264402863,0.39272119276239886,1.8883941079155462,1.53569,1.528781600037765,1.520492928662917,0.0043569043772543727,784.54746206302548,2.3000000000000007,0.2370403196992458,0.011615578269838609,1.072780473703008,0.90809081783974954,1.92558,1.8234620000000004,1.7158,0.077093303833731294,86.5,2.3000000000000007,1.4913260665654033,0.048971640965877056,0.42067167576485165,0.054833642692704632,2.02458,1.8718650000000001,1.72318,0.098597407699188469,80.599999999999994,2.3000000000000007,1.4808892891823811,0.048955630178486469,0.41072018407904887,0.049659425040781746,1.5380254697264086,1.5317945716890475,1.5234833636808613,0.0044175819466409317,276943.86017142609,2.3000000000000007,0.18016090010414085,0.0044338422109332859,0.88337251278186302,0.0,1.5240340992123345,1.5196891478047523,1.51446,0.0025542181167043368,98472.947595409511,2.3000000000000007,0.97459544062087067,0.031284570121146972,1.1169524132434596,0.0,1.79261,1.7217189999999998,1.64535,0.042023839293905532,36394.432560880639,2.3000000000000007,1.5972240718883302,0.049048914084463879,0.40352081129794426,0.0,1.78711,1.712577,1.64328,0.042643476417853175,33362.608668856672,2.3000000000000007,1.6028562989513695,0.048203196344081066,0.40252391662907272,0.0
inf,1.5608309762501877,1.5479604458500344,0.011985259567280818,271.66826056317302,2.400000000000001,0.017388302195888401,0.0010483265190460288,0.41163514751627173,1.9690143508450997,1.53569,1.5284811730247121,1.5200340159123518,0.0044173448840266133,797.86555234329171,2.400000000000001,0.24556371805225224,0.011941507848872735,1.114320534945024,0.95580306333412324,1.92558,1.8234620000000004,1.7158,0.077093303833731294,86.5,2.400000000000001,1.5531894306302818,0.05053880404154739,0.43787414744481445,0.056177786086657508,2.02458,1.8718650000000001,1.72318,0.098597407699188469,80.599999999999994,2.400000000000001,1.519038855709578,0.049935885822741319,0.42132888324707496,0.050733189718501423,1.5378483223845474,1.5313458859203126,1.52344,0.0045291062385944079,289294.85068229627,2.400000000000001,0.18819061208267959,0.0045934681424994262,0.92484632792006516,0.0,1.52303,1.5192833363014491,1.51446,0.0024139554114175148,101966.12641949023,2.400000000000001,1.0192587604311578,0.032392340263620464,1.1651360634826096,0.0,1.79261,1.7217189999999998,1.64535,0.042023839293905532,37467.816913149443,2.400000000000001,1.6683957282346196,0.05065677466899695,0.42155614788492191,0.0,1.78711,1.712577,1.64328,0.042643476417853175,34106.213775932461,2.400000000000001,1.6572856165287397,0.049378511893612316,0.41647014839259738,0.0
inf,1.5604315070649626,1.547555759520555,0.01185887728456168,278.24920231125736,2.500000000000001,0.017820298631744454,0.0010656411116517718,0.43054910227014453,2.0496345937746527,1.5351145111060225,1.5280588821867915,1.5194170399366644,0.004500228871268142,810.08826358671536,2.500000000000001,0.253712194102653,0.012248241486868398,1.1615187645547105,0.99838879403973557,1.92558,1.8234620000000004,1.7158,0.077093303833731294,86.5,2.500000000000001,1.5959128293290914,0.051609659461418753,0.44945483494010352,0.057156468941388913,2.02458,1.8718650000000001,1.72318,0.098597407699188469,80.599999999999994,2.500000000000001,1.5396586180183187,0.050446297431771314,0.42692759396173641,0.05131887988417877,1.5377698833218942,1.5309313229202375,1.52344,0.0047843034965054255,301417.82301146869,2.500000000000001,0.19615180644074634,0.004747028769013774,0.96594541866479644,0.0,1.5229983778234086,1.5190956758774936,1.5144015133531157,0.0024475863579791865,105251.19127104734,2.500000000000001,1.0619102658366029,0.033444763262991339,1.2157853083902417,0.0,1.79261,1.7217189999999998,1.64535,0.042023839293905532,38371.822897120692,2.500000000000001,1.7298472356049199,0.052018794092496858,0.4367719091277486,0.0,1.78711,1.712577,1.64328,0.042643476417853175,34596.144555665815,2.500000000000001,1.6937446090976309,0.050166875285370879,0.42572407570027304,0.0
inf,1.5653984318958698,1.5473563834131785,0.01490678469106097,284.8083350792582,2.600000000000001,0.018274441469615852,0.0010833434256769909,0.44993040192483741,2.129764254795754,1.5348178467153284,1.5274398717010462,1.5193749477325282,0.0044593434854325242,822.3994812350727,2.600000000000001,0.26281671788759209,0.012584788847973625,1.2093832160350153,1.0391288928814277,1.92558,1.8234620000000004,1.7158,0.077093303833731294,86.5,2.600000000000001,1.6162971768392371,0.052112618555858317,0.45479649179836501,0.057636516594005448,2.02458,1.8718650000000001,1.72318,0.098597407699188469,80.599999999999994,2.600000000000001,1.5500495858585857,0.050699497979797982,0.42972834747474753,0.051609700000000001,1.53699,1.530479596147311,1.52344,0.0048965670804308088,313254.6667305447,2.600000000000001,0.20395791425880555,0.004894988785639401,1.0062133341715531,0.0,1.5227541911315834,1.5187927042287417,1.5144,0.0024060047269814249,108207.30570478682,2.600000000000001,1.099213506866612,0.034365589651179043,1.2725773961899713,0.0,1.79261,1.7217189999999998,1.64535,0.042023839293905532,39137.152409501308,2.600000000000001,1.7827588532694953,0.053174678651608721,0.44963619131548588,0.0,,,,,,,,,,
inf,1.5640976959302002,1.5472994447498627,0.013426548652967102,291.85262819447132,2.700000000000001,0.018846742768031315,0.001106822489839878,0.47317368186293596,2.2059040131802337,1.5341804919923403,1.5266522008664922,1.519304238538422,0.0046130341568639691,834.44069153766577,2.700000000000001,0.26954710302131524,0.01282162044995519,1.2573981799131928,1.0827470597180358,1.92558,1.8234620000000004,1.7158,0.077093303833731294,86.5,2.700000000000001,1.6233369665271966,0.052273412970711294,0.45659972175732211,0.057759389958158991,,,,,,,,,,,1.5369279125919515,1.5299239567060516,1.5227441689141235,0.005033817072332099,324753.41736222676,2.700000000000001,0.21159102392162615,0.0050397284969910389,1.0454201758352579,0.0,1.52259,1.5183920769283483,1.5144,0.0021500340880338496,111131.09579859619,2.700000000000001,1.1372328652222676,0.035289328514582191,1.3286900435303106,0.0,1.79261,1.7217189999999998,1.64535,0.042023839293905532,39665.783308826329,2.700000000000001,1.820803676612315,0.053960556599254875,0.45866965612918842,0.0,,,,,,,,,,
inf,1.562784706121122,1.547242506086547,0.012090074571197942,298.77400976609476,2.800000000000001,0.019399690206736521,0.0011296629689580527,0.49573794035349844,2.28274341533269,1.5331947665157977,1.5259070734848694,1.5190253600329173,0.0047810841809787325,846.16283283516191,2.800000000000001,0.27621520473137973,0.013055352353232514,1.3108973526640448,1.1209846746453069,,,,,,,,,,,,,,,,,,,,,1.5367851172652531,1.5294140100243199,1.5209165067204917,0.0050985390449617852,335972.74720204208,2.800000000000001,0.21912097432800542,0.0051809506343646564,1.08398432712815,0.0,1.52242,1.5182384989666982,1.5144,0.0021800615948616769,114346.26038671564,2.800000000000001,1.179743256800053,0.036321681881337581,1.3796413367543903,0.0,1.79261,1.7217189999999998,1.64535,0.042023839293905532,40165.562886783868,2.800000000000001,1.856968837975328,0.054700908949866081,0.46729455839907513,0.0,,,,,,,,,,
inf,1.5622974332498316,1.547185567423231,0.010162084299342358,305.70035275983957,2.9000000000000012,0.019964742345203741,0.0011530650565161904,0.51947562721414509,2.3583959834085935,1.5322090410392548,1.5252589163949553,1.5187,0.0045190166143994808,858.1801981013665,2.9000000000000012,0.28541432151676055,0.013381701959692257,1.3631210751629175,1.1573943554169972,,,,,,,,,,,,,,,,,,,,,1.5363032306720033,1.5289128410764758,1.5196779177943942,0.0050299383701314839,346993.19117617677,2.9000000000000012,0.22657170144249789,0.005320563799663074,1.1220757398866392,0.0,1.5219366375252186,1.5179697716430938,1.5130109382411536,0.00234268842939344,117486.44223076574,2.9000000000000012,1.2216071083219675,0.037320498220405701,1.43141867242858,0.0,1.79261,1.7217189999999998,1.64535,0.042023839293905532,40357.121919929217,2.9000000000000012,1.8714975759787655,0.054987114620659139,0.47053183612032734,0.0,,,,,,,,,,
inf,1.5611144731405109,1.5471286287599153,0.009438312457349168,312.6418464148914,3.0000000000000013,0.020532758564693231,0.0011765732307749822,0.54335555514125733,2.4339031261372366,1.5312233155627122,1.5244843751659012,1.5187,0.0040385910532084448,870.81816269465685,3.0000000000000013,0.29655592081615861,0.013770716748913272,1.4146227224386057,1.192203326310233,,,,,,,,,,,,,,,,,,,,,1.5334214105751,1.5281133087413625,1.518568673845638,0.0046781578240247647,358007.79370318534,3.0000000000000013,0.2339876243054814,0.0054573548241858855,1.1601864667473039,0.0,1.52102,1.5176696345394827,1.51269,0.002332625999744097,120742.47177991873,3.0000000000000013,1.2651136313894626,0.038366639505788273,1.481373692924647,0.0,,,,,,,,,,,,,,,,,,,,
inf,1.5599315130311899,1.5470716900965995,0.0090371184836152939,319.58334006994318,3.1000000000000014,0.021100774784182728,0.0012000814050337741,0.56723548306836979,2.5094102688658806,1.5302375900861693,1.5241427002393162,1.5187,0.003759016383446312,881.29878956851883,3.1000000000000014,0.31181282125136328,0.014291264807703949,1.4650624689621814,1.2230260192057294,,,,,,,,,,,,,,,,,,,,,1.53253,1.5273358164222763,1.5185561036621134,0.0043650867277421155,368949.08207733295,3.1000000000000014,0.24134563843017767,0.005587525955651187,1.1981491190051152,0.0,1.52102,1.5175006684016548,1.51269,0.0024337086451650682,124124.93011659328,3.1000000000000014,1.3114043921353005,0.039485547181282513,1.5282287024721239,0.0,,,,,,,,,,,,,,,,,,,,
inf,1.5589890113069655,1.5470147514332837,0.0089209694850226982,326.28898293989084,3.2000000000000015,0.021645437743803918,0.0012220598321228719,0.59048440911620559,2.5855742608609207,1.5301718850580566,1.5240605692351656,1.5185469275474621,0.0037933811114234284,890.76707585852125,3.2000000000000015,0.32301560534257656,0.014681840902276344,1.5126773220129912,1.2616467247897414,,,,,,,,,,,,,,,,,,,,,1.53253,1.5267896749362102,1.5185435334785888,0.00451347099213153,379262.20464576327,3.2000000000000015,0.24838601146418507,0.005710794701089524,1.238474908601326,0.0,1.52102,1.5173881642674663,1.512273306014374,0.002514591087513892,127284.07240207431,3.2000000000000015,1.354474700225802,0.040508269364676767,1.5787441393682196,0.0,,,,,,,,,,,,,,,,,,,,
inf,1.5621945949635367,1.546957812769968,0.01181833247996349,332.59586983961088,3.3000000000000016,0.022218787895330452,0.0012431723316684473,0.61390443086789825,2.6615390510073573,1.5301133191586882,1.523997924061574,1.5185,0.0038071104116936074,899.42276572260323,3.3000000000000016,0.3318301880843989,0.014972124036401649,1.5499140231378747,1.3136817475185265,,,,,,,,,,,,,,,,,,,,,1.53253,1.5265631925858236,1.5185340364993778,0.0046312029097329887,388956.60338735429,3.3000000000000016,0.25509180029159578,0.0058300969612038959,1.2788871857688608,0.0,1.52102,1.517237835520246,1.5119675515776698,0.0025685809816090193,130544.71397708205,3.3000000000000016,1.3997959725382694,0.04156060924326014,1.6268510855192211,0.0,,,,,,,,,,,,,,,,,,,,
inf,1.5615840157008765,1.5469008741066521,0.011175994026986096,338.91156310052941,3.4000000000000017,0.022832949104794734,0.0012654596279004448,0.63757902410975209,2.7372062481694655,1.5300547532593196,1.5238124025020721,1.5185,0.0038327165053247715,909.11056656939525,3.4000000000000017,0.34132624238895853,0.015360300632768964,1.5854894096171528,1.3666559022756541,,,,,,,,,,,,,,,,,,,,,1.53253,1.5264407934282365,1.5185257411862298,0.0045411971241628296,398362.16694296454,3.4000000000000017,0.26166415061645587,0.0059486262464670953,1.3185902808692511,0.0,1.52102,1.517105121733165,1.51196,0.0025358788910466706,133546.21105929272,3.4000000000000017,1.4420214207608919,0.042516577683514377,1.6785731073086623,0.0,,,,,,,,,,,,,,,,,,,,
inf,1.5609745299022078,1.5468439354433363,0.010551024430645388,345.16403692115546,3.5000000000000018,0.023464353752707303,0.0012880576080845801,0.66093664388035811,2.813172605267237,1.5299973439412484,1.5234160101398995,1.5175896461048803,0.0040689880673196923,919.50822503147776,3.5000000000000018,0.35034942642667255,0.01579164579619112,1.626868859141392,1.4142776477678807,,,,,,,,,,,,,,,,,,,,,1.53253,1.5261335782561558,1.5185175898238747,0.0044197827563331746,407666.29117155063,3.5000000000000018,0.26818892623181079,0.0060666971200246051,1.358008418631006,0.0,1.5210143524248902,1.5170075681154087,1.5119094595681908,0.0025635442815175424,136265.54002757353,3.5000000000000018,1.4803883508535751,0.043387299230434981,1.7347066795222492,0.0,,,,,,,,,,,,,,,,,,,,
inf,1.5603457845166235,1.5466521796716106,0.0099746070725049533,351.35014655975698,3.600000000000002,0.0240837116192626,0.0013103112269834986,0.68430908713905114,2.8891370779012155,1.529956544267646,1.5229316637510986,1.5164794612003638,0.0044181238293545541,931.10751076916199,3.600000000000002,0.35756247915067924,0.016047701885402357,1.6721959468108945,1.4601420779388061,,,,,,,,,,,,,,,,,,,,,1.53253,1.5258087730477468,1.518509762035225,0.0044441359573603439,416974.9416401427,3.600000000000002,0.27470455537898641,0.0061800131716492641,1.3974245878743652,0.0,1.52101,1.5168778594678443,1.51188,0.0025531364319890774,138813.04299590539,3.600000000000002,1.5158842917692079,0.044205700552331355,1.7940610452449053,0.0,,,,,,,,,,,,,,,,,,,,
inf,1.5596858411425856,1.5462615352944094,0.0094644796210629888,357.38989347965241,3.700000000000002,0.024682840387789871,0.0013318963155460588,0.70772027210829414,2.9650846706049561,1.5299157445940432,1.5223710905910754,1.51608,0.0045369404772671656,942.30339885862372,3.700000000000002,0.36957136694286241,0.016446592471930713,1.7231190669829075,1.4945373213672641,,,,,,,,,,,,,,,,,,,,,1.53253,1.5256060662670392,1.5185019342465753,0.0044697693902630972,426223.23298812413,3.700000000000002,0.28119348159132279,0.0062914050819080861,1.43668827232373,0.0,1.520039407821229,1.5166565009444652,1.51188,0.0024111274763516312,141538.34983657559,3.700000000000002,1.5555655975378468,0.045104260136932618,1.8487007730571954,0.0,,,,,,,,,,,,,,,,,,,,
inf,1.5590991503109031,1.5458708909172083,0.0091364322294207202,362.82761115554683,3.800000000000002,0.025216402067479566,0.0013504153680355328,0.73054546561637979,3.0416897967340022,1.5298749449204405,1.5218568397286005,1.51608,0.0044582240692001293,950.72805139002958,3.800000000000002,0.3780229778152876,0.016731517615453391,1.7754781890904283,1.5318446797201379,,,,,,,,,,,,,,,,,,,,,1.53253,1.5254017929837489,1.5185,0.0045635691013539712,435187.93623657909,3.800000000000002,0.2875316479313425,0.0064031497619637225,1.4751607943010774,0.0,1.5197638905301605,1.516397962453389,1.5118105128553938,0.002286795566937437,144303.02459002269,3.800000000000002,1.5952701471319468,0.046006654313934324,1.9033940959212494,0.0,,,,,,,,,,,,,,,,,,,,
inf,1.5587356319100887,1.545480246540007,0.009144618495963262,367.88774278289418,3.900000000000002,0.025663829210057987,0.0013656243204539964,0.75210009948671563,3.1196578646156263,1.529775039894783,1.521475688505262,1.515023830129926,0.0046991522651400773,958.19592939020492,3.900000000000002,0.38701156204677972,0.017038174042685185,1.8235848411962849,1.5727707670449314,,,,,,,,,,,,,,,,,,,,,1.53253,1.5252484991675359,1.5185,0.0046898308143837296,444268.56404563645,3.900000000000002,0.29393052191972885,0.0065155543176802942,1.5125073721616735,0.0,1.5195812617500133,1.5161285850542632,1.5118,0.0022494231589864581,146567.67967438104,3.900000000000002,1.6283035871734437,0.046742161172354954,1.965766198373462,0.0,,,,,,,,,,,,,,,,,,,,
inf,1.5583721135092741,1.5450896021628058,0.0091687985841383945,372.94787441024147,4.000000000000002,0.026111256352636412,0.00138083327287246,0.77365473335705126,3.19762593249725,1.5296288889884018,1.5213557903655537,1.5145950382212294,0.0047552085213270132,966.14325826144761,4.000000000000002,0.39774023044005069,0.017399736116970165,1.8688741707657646,1.6143618330661478,,,,,,,,,,,,,,,,,,,,,1.532094350039978,1.5251067108433272,1.5182595670338017,0.0046693685217820092,453737.93628900405,4.000000000000002,0.30060138808044495,0.006628633058835068,1.5465902228846282,0.0,1.5192936706531739,1.5158638945761136,1.5118,0.0021547500192761458,149193.13260592433,4.000000000000002,1.6664282531342156,0.047598322039595541,2.0222492637448894,0.0,,,,,,,,,,,,,,,,,,,,
inf,1.5580085951084597,1.5446989577856045,0.0092088465076876486,378.0080060375887,4.100000000000001,0.026558683495214834,0.0013960422252909236,0.79520936722738689,3.2755940003788728,1.5296244109086023,1.5212932642104693,1.5144868320011171,0.0047883053034069216,973.38020269359481,4.100000000000001,0.40820510591868286,0.017742162900913273,1.9078186238751269,1.6626650553267392,,,,,,,,,,,,,,,,,,,,,1.5312653301350838,1.5248966716856522,1.5180063704266362,0.0045959812196403856,463061.00396912114,4.100000000000001,0.30716660101927779,0.0067380142577527797,1.5801772878824907,0.0,1.518120717571297,1.5155738818275251,1.5118,0.0019579295536119312,151812.536168133,4.100000000000001,1.7039551183441919,0.048460252901203288,2.0793794592288344,0.0,,,,,,,,,,,,,,,,,,,,
inf,1.5576450767076453,1.5443083134084032,0.009264556493090827,383.06813766493599,4.200000000000001,0.027006110637793256,0.0014112511777093868,0.81676400109772263,3.3535620682604965,1.52962,1.5212097316855746,1.51438,0.0048010149353146288,979.08976008649097,4.200000000000001,0.41393680091869428,0.017935003571356443,1.9454254514919715,1.7180732296249588,,,,,,,,,,,,,,,,,,,,,1.53063,1.5246782006884909,1.5178779972011194,0.004510302004913742,472264.89383068692,4.200000000000001,0.31368530674226042,0.0068469593604945922,1.6134830717603841,0.0,1.51787,1.5154453182642784,1.5118,0.0019254241941969647,154814.07561866677,4.200000000000001,1.7482479166942984,0.049454921194828166,2.1289182805028832,0.0,,,,,,,,,,,,,,,,,,,,
inf,1.5572425697783447,1.543917669031202,0.0093822751206870097,387.75842117592174,4.300000000000001,0.027413136762995866,0.0014250270258864845,0.83873594703802312,3.4311561019676433,1.5296154801331305,1.5211299125932016,1.51438,0.0048148781394666603,984.15920051129319,4.300000000000001,0.4239011456973385,0.018270020291102827,1.985175322160196,1.7661707081110225,,,,,,,,,,,,,,,,,,,,,1.53063,1.5244747956547777,1.51787399880048,0.0043865986208639178,481328.68557837635,4.300000000000001,0.32014902774110743,0.0069562189600117534,1.6465427427715547,0.0,1.5178345415061871,1.5153549384864839,1.5118,0.0019086162405063589,157814.1503292968,4.300000000000001,1.7935909216992041,0.05047827394851969,2.1773863565436362,0.0,,,,,,,,,,,,,,,,,,,,
inf,1.556830248613122,1.5435270246540007,0.009525268997925905,392.35560610610867,4.4,0.027809993098995473,0.0014384421314638334,0.86081293923851887,3.5086559833747684,1.5295333007355056,1.520842538664366,1.5143773983698678,0.0048042665476344774,991.28403363944381,4.4,0.4334462599144463,0.018580490921427842,2.0384750655449189,1.8012821606958347,,,,,,,,,,,,,,,,,,,,,1.53063,1.5243064476870141,1.5178700003998402,0.0042864785445727149,490251.66985758254,4.4,0.32651856789633799,0.0070648182343012646,1.6791851688363419,0.0,1.51777,1.5152118191458406,1.5118,0.0019401364291765039,160506.17238734913,4.4,1.8338883322829456,0.051365072987579495,2.2316442902886195,0.0,,,,,,,,,,,,,,,,,,,,
inf,1.5564179274478991,1.5431363802767994,0.0096810550115145576,396.98557403407364,4.5,0.028231955164863664,0.0014528812742982615,0.88359886337701155,3.5854198211861474,1.5294511213378805,1.5206779627658444,1.5143622108034223,0.0048788868982192609,998.00126851675759,4.5,0.44070260688701896,0.018824350094452234,2.0901299134266589,1.8407879893115442,,,,,,,,,,,,,,,,,,,,,1.53063,1.5241361680392675,1.5178662066087485,0.0042742667020438446,499100.77993462997,4.5,0.33284436448881183,0.0071692091593968917,1.7116289390116013,0.0,1.51777,1.5150640081358624,1.510981784114053,0.0021507138252141521,163167.42636602715,4.5,1.8746465335123221,0.052258399936587298,2.2853358170277325,0.0,,,,,,,,,,,,,,,,,,,,
inf,1.5560056062826757,1.5427457358995982,0.0098490261650393852,401.63375133909045,4.6,0.028667862255053002,0.0014678892205305784,0.90677856507820265,3.6617748222141357,1.5293176954467353,1.5206133787774587,1.51435,0.0048758620941083417,1004.7336645250523,4.6,0.4485905640161123,0.019085159246777079,2.1369570736755898,1.8843569699555993,,,,,,,,,,,,,,,,,,,,,1.53063,1.5239523678241369,1.5178624128381197,0.0043284330831797934,507793.1190787282,4.6,0.33906278230999848,0.007271625056454077,1.7436206937851453,0.0,1.51777,1.514980550829693,1.51061,0.002269934488779895,165675.8983743545,4.6,1.9122489744701874,0.053089771489003998,2.3426099075247042,0.0,,,,,,,,,,,,,,,,,,,,
inf,1.5555932851174528,1.542355091522397,0.010028570200872399,406.28192864410715,4.699999999999999,0.029103769345242329,0.0014828971667628955,0.92995826677939386,3.7381298232421236,1.5291530333619703,1.5203568307576225,1.5135062232158412,0.005019680370055157,1014.009253244807,4.699999999999999,0.4577371545239326,0.019375837867223626,2.1890574248104588,1.9211984218766431,,,,,,,,,,,,,,,,,,,,,1.53063,1.5237727498437488,1.51786,0.0044166392251846131,516423.55982637656,4.699999999999999,0.34522444670820673,0.0073727669460759409,1.775402274593797,0.0,1.517704523705959,1.5147461876606354,1.5105663627599504,0.0021673317747780735,168208.24083613371,4.699999999999999,1.9507989874049947,0.053913399743243343,2.3988858377183546,0.0,,,,,,,,,,,,,,,,,,,,
inf,1.5551809639522298,1.5419644471451956,0.010219077148087195,410.93010594912391,4.799999999999999,0.029539676435431671,0.0014979051129952118,0.95313796848058485,3.8144848242701115,1.5289883712772052,1.5201486942776998,1.5125396658523456,0.0051331797183805355,1022.4415385191038,4.799999999999999,0.46622110013100243,0.019647995238308978,2.2416335576063235,1.9583315618456851,,,,,,,,,,,,,,,,,,,,,1.53063,1.5236511011669926,1.51786,0.0044936202200305097,524981.28379657387,4.799999999999999,0.35133585235590004,0.007473757484627681,1.807033295780623,0.0,1.5176772679425836,1.5144320249428649,1.5104975017215259,0.0020830751746974793,170332.17396240248,4.799999999999999,1.983476530650498,0.054619658876256763,2.4578701630116742,0.0,,,,,,,,,,,,,,,,,,,,
inf,1.5547686427870067,1.5415738027679944,0.010419945722211043,415.57828325414084,4.899999999999999,0.029975583525621012,0.001512913059227529,0.97631767018177595,3.8908398252981002,1.5289455484884766,1.5198902524362052,1.5125355252370503,0.0051854615661562449,1030.1903976478116,4.899999999999999,0.47772562560337423,0.020004359525393239,2.2937605611917209,1.9923109933248395,,,,,,,,,,,,,,,,,,,,,1.5306291126934983,1.5236017147972905,1.51786,0.0045390917524955644,533570.75928284961,4.899999999999999,0.35744363676686958,0.0075747322522502353,1.8384574047431848,0.0,1.5176528648164727,1.5143779656386736,1.510451934112646,0.002058465797627345,172548.80416349944,4.899999999999999,2.0177736546252429,0.055344738884625932,2.5090374017915242,0.0,,,,,,,,,,,,,,,,,,,,
inf,1.554432936018243,1.5411831583907933,0.01058216529957959,419.98260209325417,4.999999999999998,0.030412474231617043,0.0015276947438907823,0.99866329320742486,3.9680282648866401,1.528928088646114,1.5197113571660941,1.5125313846217547,0.0052164873555581876,1038.1293901008207,4.999999999999998,0.48548631003017712,0.020243441469777267,2.3433958237770431,2.0333207714756965,,,,,,,,,,,,,,,,,,,,,1.5306260167182661,1.5235511486077959,1.5178313652357496,0.0045902146426442612,542066.70208427939,4.999999999999998,0.36353416496678226,0.0076747490265828607,1.8696902140485274,0.0,1.5176349597135184,1.5143172404434502,1.51045,0.0020251461082499544,174378.51263697399,4.999999999999998,2.0461934449671775,0.055959466161131829,2.5648283507423111,0.0,,,,,,,,,,,,,,,,,,,,
inf,1.5541278878808262,1.540792514013592,0.010727760529122343,424.28933657286717,5.099999999999998,0.030849758549203066,0.001542385885909905,1.0206751446208222,4.0455502199338849,1.5289106288037515,1.5196131889223798,1.5125194287298946,0.005202980935778481,1044.986755036763,5.099999999999998,0.49422986051353057,0.020515676705828802,2.3884391622438876,2.0777662801790013,,,,,,,,,,,,,,,,,,,,,1.5306229207430342,1.5235229163868629,1.5177856228008444,0.0046174018911678567,550504.44894519192,5.099999999999998,0.36960796698937021,0.0077731516359731568,1.9007472388296072,0.0,1.5176170546105638,1.5142692804931246,1.51045,0.0019902820459682855,176171.4006173267,5.099999999999998,2.073993817635583,0.056547351208363385,2.6144357486475216,0.0,,,,,,,,,,,,,,,,,,,,
inf,1.553838286938211,1.54051,0.010855905973526245,428.59993303306589,5.1999999999999975,0.031286956070043351,0.00155706361561535,1.0424809472961865,4.1232783340826149,1.528893168961389,1.5194946951036659,1.5124869874538744,0.0051331887842390733,1053.9158036827691,5.1999999999999975,0.50442025123723333,0.020831280128651947,2.434095099570583,2.1198170698830023,,,,,,,,,,,,,,,,,,,,,1.53062,1.5235054903468837,1.5177398803659394,0.0046265235487989763,558882.49311109539,5.1999999999999975,0.37566993118439718,0.0078698190577797481,1.9316526367272004,0.0,1.5175945335929892,1.5141888290939509,1.51045,0.0019744950807342966,177553.2567159374,5.1999999999999975,2.0958303960947422,0.057007795940561011,2.6641832900867368,0.0,,,,,,,,,,,,,,,,,,,,
inf,1.5535890451403946,1.54051,0.010937323813693585,432.92061975467931,5.299999999999997,0.031723926815571062,0.0015717063027440195,1.063748402979694,4.2015450835716432,1.5282772060377359,1.5192128996089143,1.5124787286802952,0.0048712328998670373,1062.2696853287057,5.299999999999997,0.51390502755319623,0.021116020438231551,2.4835605766663158,2.1589689626384017,,,,,,,,,,,,,,,,,,,,,1.53062,1.5234817274676877,1.5176908574091332,0.0046400895972709801,567212.53721185843,5.299999999999997,0.38166389080447022,0.0079647392958285754,1.9623097862185861,0.0,1.51723,1.5140855926954067,1.51045,0.0019104491296260144,178703.8854519439,5.299999999999997,2.1148003883083026,0.057406192078601634,2.69947297755578,0.0,,,,,,,,,,,,,,,,,,,,
inf,1.553117939902618,1.5400548791454098,0.010966814972947192,437.81088810111731,5.399999999999997,0.032338361839876685,0.0015905315744676207,1.088422474614346,4.276218211601913,1.527528526792453,1.5189941529188762,1.51247,0.0046962793399002558,1070.9678764559008,5.399999999999997,0.52494601284693942,0.02145327327048209,2.5350501131816197,2.194223566082361,,,,,,,,,,,,,,,,,,,,,1.53062,1.5234563529477898,1.5176409306350684,0.0046534254811941515,575483.09249047388,5.399999999999997,0.38760499579637886,0.0080578295139804475,1.9927861926046426,0.0,1.517193009520976,1.5140444983885668,1.51045,0.001907735111312332,179712.9738996792,5.399999999999997,2.1311511450776446,0.057749995529195221,2.7259680910610666,0.0,,,,,,,,,,,,,,,,,,,,
inf,1.5526122374056304,1.5395204970543175,0.010990856668193686,442.74423169768681,5.4999999999999964,0.03296313433492512,0.0016094717737042152,1.1136739516594694,4.3503031617299204,1.5267798475471699,1.5186874098801422,1.5123895221944765,0.0044401982647175511,1078.4961853927948,5.4999999999999964,0.53314214720779729,0.021708448082968627,2.585220686012859,2.2341910994617868,,,,,,,,,,,,,,,,,,,,,1.53062,1.5234363598860874,1.5175910038610039,0.004662863061791562,583608.02919834352,5.4999999999999964,0.39344835049601956,0.0081493285865889536,2.0227869870407598,0.0,1.517118626896757,1.5140279396339671,1.51045,0.0018959871958681394,179951.88540585217,5.4999999999999964,2.1351642461068305,0.057832960238099473,2.7434007412193218,0.0,,,,,,,,,,,,,,,,,,,,
inf,1.5521065349086425,1.5389861149632251,0.011033914712664801,447.67757529425614,5.599999999999996,0.033587906829973549,0.0016284119729408093,1.1389254287045933,4.4243881118579278,1.5262220705663883,1.5183077490909784,1.5122926193582051,0.0042391992791291008,1086.6331123800915,5.599999999999996,0.5415836190564659,0.021970706186479862,2.6394518015734478,2.2698073729309201,,,,,,,,,,,,,,,,,,,,,1.53062,1.5233473266690694,1.51758,0.004653613947504181,591589.8328865926,5.599999999999996,0.39921357533730178,0.0082383500896642588,2.0523368658513093,0.0,1.5170768293648176,1.5140236829364819,1.51045,0.0018891815721470385,180402.97057400658,5.599999999999996,2.1428833317588403,0.057988544941146927,2.7547028974623382,0.0,,,,,,,,,,,,,,,,,,,,
inf,1.5589903085919896,1.5384517328721328,0.022134973712878508,452.63910052439877,5.699999999999996,0.034206839459972591,0.0016470412719422471,1.1648300894970025,4.4978263031967289,1.525690108827086,1.5180237718632517,1.51221,0.0040203706779780909,1095.0597492271766,5.699999999999996,0.55249904175150655,0.022320944424228106,2.6872986367855702,2.3087533611831312,,,,,,,,,,,,,,,,,,,,,1.53062,1.5232346804735786,1.51758,0.0046328170156933607,599498.4783267387,5.699999999999996,0.40492756195861973,0.0083274906424451213,2.0816312990385049,0.0,1.5170702334938329,1.5140139745617129,1.51045,0.0018857845108695942,180729.23736945059,5.699999999999996,2.1485525945382715,0.058107661876773478,2.7683286083074163,0.0,,,,,,,,,,,,,,,,,,,,
inf,1.5583198623593164,1.5379173507810404,0.021786909912465114,457.68035789951182,5.799999999999995,0.034813657606403828,0.0016649895414669682,1.1924548078871535,4.5695578285481711,1.5249444417573559,1.5178228897146679,1.512171106981254,0.003809505811633326,1100.0778285005595,5.799999999999995,0.55891336392600599,0.022519761394567739,2.7302089880606455,2.3581310787952958,,,,,,,,,,,,,,,,,,,,,1.53062,1.5231212687208164,1.51758,0.0046246135815661603,607428.59167762729,5.799999999999995,0.41066818331617361,0.0084170324964239832,2.1111145109217029,0.0,1.51707,1.5140120000000001,1.51045,0.0018852946719279519,181237.47004557884,5.799999999999995,2.1570999338195076,0.05827767476754786,2.7747550005469459,0.0,,,,,,,,,,,,,,,,,,,,
inf,1.5578095153189677,1.5373829686899478,0.021375502936568876,462.087575518817,5.899999999999995,0.03524824291509053,0.0016785863344593427,1.2178709268459114,4.643679958299237,1.524521917475728,1.5177420827473243,1.5120882853910795,0.0037191861737312371,1104.6196780031726,5.899999999999995,0.56621061011772944,0.022753457610432185,2.7717478816034804,2.4077798549112428,,,,,,,,,,,,,,,,,,,,,1.53045,1.5229165705098475,1.51758,0.0045274278847233611,615250.92558468296,5.899999999999995,0.41633197377595577,0.0085051726910945393,2.1403075717019617,0.0,1.51707,1.5140118545361092,1.51045,0.0018852616989020123,181558.49862503211,5.899999999999995,2.1628217352865589,0.058384840156772033,2.7783282092007195,0.0,,,,,,,,,,,,,,,,,,,,
inf,1.5573103164842241,1.5368485865988555,0.020965262318281278,466.44381966985168,5.999999999999995,0.035680981980630661,0.0016922028243080479,1.2433066640007993,4.7177842642550329,1.5241780954614754,1.5176737032517691,1.512005463800905,0.0036527759032605055,1110.3425359534172,5.999999999999995,0.5718573172314988,0.022932578959001911,2.8152807919513347,2.4574252838094113,,,,,,,,,,,,,,,,,,,,,1.5304254187523785,1.5226765240718343,1.5174567544774562,0.0043590125345642165,622940.5895807764,5.999999999999995,0.42191218353539284,0.0085917615278457808,2.1691011975277368,0.0,1.51707,1.5140092845026987,1.51045,0.0018846957047863771,181680.38245952196,5.999999999999995,2.165025538936006,0.058427952467232071,2.7858584070932917,0.0,,,,,,,,,,,,,,,,,,,,
inf,1.5568111176494808,1.5363142045077631,0.02056159521773205,470.78797028451015,6.099999999999994,0.036131705219808463,0.001706391270053333,1.2690497505348319,4.7915619387280719,1.5236679512137916,1.5175972966093447,1.5119226422107306,0.0035773591290224295,1116.9770122871105,6.099999999999994,0.57680240317271425,0.023087461582788384,2.8615824502708902,2.5051686744238979,,,,,,,,,,,,,,,,,,,,,1.5303844363455403,1.5224309651359671,1.5169799538099353,0.0042256131659608922,630582.35291255382,6.099999999999994,0.4274672435420257,0.0086775938198348206,2.1977391869694531,0.0,1.51707,1.514008,1.51045,0.0018844245806080753,181902.88610804849,6.099999999999994,2.169169377802278,0.058511082873943396,2.7912148823961775,0.0,,,,,,,,,,,,,,,,,,,,
inf,1.5563656910126531,1.53621,0.020110573723899346,474.93271935080577,6.199999999999994,0.036568161669605359,0.0017198586668515422,1.2936593781879395,4.8664885992150264,1.5235694577221994,1.5175618351723892,1.5118398206205559,0.0035722363055883492,1123.1339823263872,6.199999999999994,0.58252470609311169,0.023268576140581664,2.9080472533022617,2.5517937719788621,,,,,,,,,,,,,,,,,,,,,1.5303434539387022,1.5222086360655642,1.51683,0.0041085194295539485,638190.25607032247,6.199999999999994,0.43302569767332233,0.0087618573019401652,2.2262401488959176,0.0,,,,,,,,,,,,,,,,,,,,,,,,,,,,,,
inf,1.5559528534210809,1.53621,0.01965373082332162,479.01129946277507,6.299999999999994,0.037024467885172205,0.0017337814716387387,1.319117401163949,4.9405461678428475,1.5234788833050896,1.5174708143940339,1.511608602769286,0.0035671304343492644,1128.7281506955601,6.299999999999994,0.59061152517157334,0.023523837334430912,2.9576922639579326,2.5924376957709345,,,,,,,,,,,,,,,,,,,,,1.5303068665245203,1.5220934828111421,1.51683,0.0040964082822356985,645682.60852210491,6.299999999999994,0.43851916450990008,0.0088456339600385871,2.2543870908583488,0.0,,,,,,,,,,,,,,,,,,,,,,,,,,,,,,
inf,1.5555341292669311,1.53621,0.019220031427365329,483.07621086079735,6.399999999999993,0.037506815976436472,0.0017484250572360406,1.3465801798623129,5.0125716815380184,1.5233883088879798,1.517373622306434,1.5113846284809291,0.0035605375051159173,1133.4413212324482,6.399999999999993,0.59927120921414079,0.023787711742228712,3.0080422259789108,2.6317237143424781,,,,,,,,,,,,,,,,,,,,,1.530289808955224,1.5219809081944153,1.51683,0.0040953372347282109,653144.73109432601,6.399999999999993,0.44400535767176441,0.0089299867122654055,2.2824878944597926,0.0,,,,,,,,,,,,,,,,,,,,,,,,,,,,,,
inf,1.5551154051127816,1.53621,0.018795675679362033,487.14112225881956,6.499999999999993,0.03798916406770074,0.0017630686428333434,1.3740429585606773,5.0845971952331883,1.52329773447087,1.5172996405212644,1.51138,0.0035132977084183902,1137.8454469971698,6.499999999999993,0.60873255573109575,0.024074057095769118,3.0553335504682986,2.6730951051816576,,,,,,,,,,,,,,,,,,,,,1.5302727513859276,1.5218838738693727,1.51683,0.0040989825532036879,660562.60956521728,6.499999999999993,0.4494474472891401,0.0090146466046852787,2.3104242015996426,0.0,,,,,,,,,,,,,,,,,,,,,,,,,,,,,,
inf,1.5546966809586316,1.53621,0.0183813107204065,491.20603365684173,6.5999999999999925,0.038471512158965007,0.001777712228430646,1.4015057372590418,5.1566227089283583,1.523162591684186,1.5172003015155442,1.51138,0.00348845533241488,1143.5604955440035,6.5999999999999925,0.62041591740190905,0.024430613538266064,3.110210148987409,2.7042740178079123,,,,,,,,,,,,,,,,,,,,,1.5302556938166312,1.5218312717794065,1.51683,0.0041278218669989816,667888.54586048541,6.5999999999999925,0.4548390262150025,0.0090984632871141634,2.3381693925335276,0.0,,,,,,,,,,,,,,,,,,,,,,,,,,,,,,
inf,1.5542779568044818,1.53621,0.01797762739457083,495.270945054864,6.699999999999992,0.038953860250229289,0.0017923558140279482,1.4289685159574057,5.2286482226235282,1.5230165977575334,1.5169073768943908,1.51138,0.0035143692764746139,1150.3495541693928,6.699999999999992,0.63212180614878399,0.024775872532890299,3.1627846905422858,2.7377247523832704,,,,,,,,,,,,,,,,,,,,,1.53025,1.5218104273624826,1.51683,0.0041491253934911937,675060.01253470941,6.699999999999992,0.46016059201458753,0.0091807291869975254,2.3655122186274644,0.0,,,,,,,,,,,,,,,,,,,,,,,,,,,,,,
inf,1.553859232650332,1.53621,0.017585361328600491,499.33585645288633,6.799999999999992,0.039436208341493549,0.0018069993996252507,1.4564312946557703,5.3006737363186991,1.5228706038308806,1.5168889792685141,1.51138,0.0034897805801136867,1154.9375923018963,6.799999999999992,0.64170231898149843,0.025060773515414858,3.2065653320485419,2.7825178607482584,,,,,,,,,,,,,,,,,,,,,1.53025,1.5217895876743261,1.51683,0.004172875252261914,682218.31507068616,6.799999999999992,0.46547856819805783,0.0092627471817531941,2.392816182735455,0.0,,,,,,,,,,,,,,,,,,,,,,,,,,,,,,
inf,1.5534353075560068,1.53621,0.017209207236507807,503.1563251278435,6.8999999999999915,0.03988661367543421,0.0018205402813315035,1.4838752762132192,5.3727522033825252,1.52278,1.5168712121300674,1.51138,0.0034721260047071408,1159.4781016780298,6.8999999999999915,0.65648875041268528,0.02548174320433378,3.2480681624953149,2.8234773205974237,,,,,,,,,,,,,,,,,,,,,1.53025,1.5217795920578145,1.51683,0.0041807910664204565,689244.18514225818,6.8999999999999915,0.47070523718214269,0.0093437070696985834,2.4196551520025777,0.0,,,,,,,,,,,,,,,,,,,,,,,,,,,,,,
inf,1.5530113767343474,1.53621,0.016846003963986625,506.97652461970392,6.999999999999991,0.040336983833648511,0.0018340799487277346,1.5113192370710435,5.444830728759201,1.52278,1.5168341770388885,1.51138,0.0034350118870366971,1163.8341307104017,6.999999999999991,0.66856211864460025,0.025840070954593102,3.2896655040254998,2.8674816992930454,,,,,,,,,,,,,,,,,,,,,1.53025,1.5217579822003975,1.51683,0.0041720145099447704,696213.21384003933,6.999999999999991,0.47589507007372556,0.0094235170537544707,2.4462736199358885,0.0,,,,,,,,,,,,,,,,,,,,,,,,,,,,,,
inf,1.5525874459126878,1.5355800703812317,0.01649660230724407,510.79672411156434,7.099999999999991,0.040787353991862819,0.0018476196161239661,1.5387631979288681,5.516909254135876,1.52278,1.5167633944102406,1.51138,0.0034056501527335152,1167.6611939361046,7.099999999999991,0.68196367816244741,0.026229495776294687,3.3348629108474319,2.9063388658509934,,,,,,,,,,,,,,,,,,,,,1.5298629424743895,1.5216970907833598,1.51683,0.0040856297961441822,703156.7057368051,7.099999999999991,0.48106345108179305,0.0095035624208212426,2.4729509068659636,0.0,,,,,,,,,,,,,,,,,,,,,,,,,,,,,,
inf,1.5521635150910285,1.5348176070381232,0.016161897416306768,514.61692360342477,7.19999999999999,0.041237724150077128,0.0018611592835201974,1.5662071587866924,5.5889877795125518,1.5226785141862578,1.5166736413896931,1.5113653471707438,0.0033982429773986716,1174.0007284099397,7.19999999999999,0.69360611050090937,0.026582329164373076,3.3840119326219735,2.9432805320703079,,,,,,,,,,,,,,,,,,,,,1.529392755975834,1.5216256376482957,1.51683,0.0039817321785583469,710102.299089876,7.19999999999999,0.48623894652829575,0.0095836329111548026,2.4996804108052029,0.0,,,,,,,,,,,,,,,,,,,,,,,,,,,,,,
inf,1.5517349516955985,1.5340551436950147,0.015836900760811404,518.45378473371352,7.29999999999999,0.041686997560872283,0.0018746825161804173,1.5938633319855495,5.6608552706909583,1.5225454180370879,1.5165983717981366,1.5113499036323204,0.0033966113987815988,1181.1356769556842,7.29999999999999,0.70406858850621434,0.026893881797785828,3.4290880097349898,2.9857433871366075,,,,,,,,,,,,,,,,,,,,,1.5289225694772788,1.5215559912638426,1.51683,0.0038822559412337297,717017.7129456558,7.29999999999999,0.49140057879305993,0.0096633649934403289,2.526360882486534,0.0,,,,,,,,,,,,,,,,,,,,,,,,,,,,,,
inf,1.5513025703562986,1.5332926803519062,0.015522955469854809,522.30437758279481,7.39999999999999,0.042135367085341366,0.0018881922041238727,1.6216944003607623,5.7325488376614526,1.5224123218879178,1.5165710669161101,1.5113344600938967,0.0033781190302667602,1187.0003832173757,7.39999999999999,0.71416354528428305,0.027197736493600883,3.4709321478226491,3.0318758413620359,,,,,,,,,,,,,,,,,,,,,1.528459750679731,1.5214607125344979,1.5168216862309645,0.0038088231427434271,723925.89799590199,7.39999999999999,0.49655642710467368,0.0097425076884796475,2.5530278156761197,0.0,,,,,,,,,,,,,,,,,,,,,,,,,,,,,,
inf,1.5508822640489428,1.5326268172643478,0.015211205894533505,526.18637615422017,7.499999999999989,0.042585533873805197,0.0019015359768582839,1.6494542956027718,5.80431176266426,1.5222792257387476,1.5165263449050639,1.5113131808663067,0.003372550582962654,1193.9388467211238,7.499999999999989,0.72683220173111585,0.027564824532015086,3.5224406031768991,3.0653251372446668,,,,,,,,,,,,,,,,,,,,,1.528444360539681,1.5213649810601761,1.5167926041666666,0.0038468633111351791,730913.03993049462,7.499999999999989,0.50176419175586706,0.0098214199648345331,2.5798185813215548,0.0,,,,,,,,,,,,,,,,,,,,,,,,,,,,,,
inf,1.5506423648728309,1.5320582913947387,0.015193809994701254,529.74493879386318,7.599999999999989,0.043051049234477654,0.0019148060215877188,1.676334251402593,5.8769390647079618,1.5221461295895777,1.5164969338120238,1.51128,0.0033652122183717601,1198.4140764344472,7.599999999999989,0.73673544077515685,0.027850993889858379,3.5669976160989947,3.1090375097678815,,,,,,,,,,,,,,,,,,,,,1.5284289703996305,1.5212688587343046,1.51678,0.0039103357126375011,737876.26132884959,7.599999999999989,0.50695307625920227,0.0098994137459109399,2.6064940012977162,0.0,,,,,,,,,,,,,,,,,,,,,,,,,,,,,,
inf,1.5504529464392482,1.5314897655251296,0.015269096102153429,533.19695859412059,7.699999999999989,0.043520626578204637,0.0019281041070677725,1.7029716981741649,5.9498047550298407,1.5220130334404076,1.516450798976021,1.51128,0.003356253547540879,1204.0625151230679,7.699999999999989,0.7445447210373497,0.028076208011962346,3.6130729277498155,3.1537324448226776,,,,,,,,,,,,,,,,,,,,,1.5284135802595804,1.5211659355924927,1.5167495509579736,0.0039967932098536139,744771.39582940948,7.699999999999989,0.51210992189683835,0.0099764166566448532,2.6329935675105967,0.0,,,,,,,,,,,,,,,,,,,,,,,,,,,,,,
inf,1.5502647828844847,1.5309212396555205,0.015347846124598007,536.58217266513179,7.799999999999988,0.043992395936605019,0.0019413987031793346,1.7290212353036374,6.0232561884722982,1.5218799372912375,1.5163586000086973,1.51128,0.0033663661257875418,1209.5469655004135,7.799999999999988,0.75099375904997923,0.028267197371634228,3.6606359708515881,3.198521004172123,,,,,,,,,,,,,,,,,,,,,1.5284,1.5211007446175011,1.5166743649373882,0.004056580753407534,751627.57582587306,7.799999999999988,0.51723611431608829,0.010053407934388137,2.6593401914096422,0.0,,,,,,,,,,,,,,,,,,,,,,,,,,,,,,
inf,1.5535061194945958,1.5303527137859114,0.017482532912414115,539.89006299206699,7.899999999999988,0.044470763566668979,0.001954726498413707,1.7548651080429167,6.0969066956418745,1.5217468411420674,1.5162828229697332,1.51128,0.0033857694292424045,1214.918174422663,7.899999999999988,0.75876883058228117,0.028495917407684042,3.7025721954583739,3.2473215415094003,,,,,,,,,,,,,,,,,,,,,1.5284,1.5210818918997784,1.5165991789168027,0.0040746671598631623,758386.66116165207,7.899999999999988,0.52227001421677421,0.01013009287814432,2.6852526391051321,0.0,,,,,,,,,,,,,,,,,,,,,,,,,,,,,,
inf,1.5531243084918243,1.5297841879163023,0.01725077227134595,543.21254596573795,7.999999999999988,0.044957959058958059,0.0019681403915947394,1.7819254861864049,6.1693318137935496,1.5213039098073555,1.5161082601415621,1.51128,0.0034164190177883289,1220.6763243674609,7.999999999999988,0.76527390246916793,0.028691861185199046,3.7475107697274646,3.2946412677344412,,,,,,,,,,,,,,,,,,,,,1.5284,1.5210743924495604,1.51654,0.0040823180440998285,765127.82243327529,7.999999999999988,0.52728625130343165,0.010206425767401665,2.7111118515277761,0.0,,,,,,,,,,,,,,,,,,,,,,,,,,,,,,
inf,1.5527695437824316,1.5292156620466932,0.017026002668250963,546.59609390342951,8.099999999999987,0.045501577407211412,0.0019830202162156563,1.8096622774970779,6.241020980731272,1.52111,1.5159647076540865,1.51128,0.0034506901077125062,1225.8464631650984,8.099999999999987,0.7715065989743648,0.028870971592103251,3.7927382444029787,3.3420185145135575,,,,,,,,,,,,,,,,,,,,,1.5284,1.5210741448941703,1.51654,0.0040825685792097652,771769.7230555932,8.099999999999987,0.5322085335066552,0.01028287585225026,2.7365992437516695,0.0,,,,,,,,,,,,,,,,,,,,,,,,,,,,,,
inf,1.5524240219160863,1.5286471361770841,0.016815309501387512,550.00051027844302,8.199999999999987,0.046064477791442383,0.0019984010105638492,1.8376302273126257,6.3124586425379148,1.52111,1.5158851878308623,1.5112551688814273,0.0034103637152291398,1230.5414899275229,8.199999999999987,0.78317988449929465,0.029213960750515484,3.8403768401021239,3.3804306545491563,,,,,,,,,,,,,,,,,,,,,1.5283720304430553,1.5210712030443057,1.51654,0.0040777019768265341,778379.44505967642,8.199999999999987,0.53710799958851485,0.010359077413121328,2.7619844396678035,0.0,,,,,,,,,,,,,,,,,,,,,,,,,,,,,,
inf,1.5520785000497417,1.5280786103074748,0.016622943729267866,553.40492665345641,8.299999999999986,0.046627378175673348,0.0020137818049120416,1.8655981771281731,6.3838963043445585,1.520602169360644,1.515746944811688,1.5112039495774408,0.0033002052038826253,1235.0565654218356,8.299999999999986,0.79060400467557412,0.029430127076626018,3.8858505868236635,3.4261059774586817,,,,,,,,,,,,,,,,,,,,,1.5282361239467246,1.5210389466746632,1.51654,0.0040400398535593157,784995.40480809589,8.299999999999986,0.54201430488299074,0.010434238915193541,2.7874223063061274,0.0,,,,,,,,,,,,,,,,,,,,,,,,,,,,,,
inf,1.5517329781833966,1.5275100844378657,0.016449548342010758,556.80934302847004,8.399999999999986,0.047190278559904326,0.0020291625992602345,1.8935661269437205,6.4553339661511995,1.5200287059473154,1.5155597330990065,1.5111527302734542,0.0031292625532414499,1239.7257173383327,8.399999999999986,0.79613249405652009,0.029588628028163821,3.9330643910584051,3.4723185757135213,,,,,,,,,,,,,,,,,,,,,1.5281002174503941,1.5209874446886327,1.51654,0.0039935841473427497,791551.68184335076,8.399999999999986,0.54691254065119244,0.010508226148009944,2.812735973340335,0.0,,,,,,,,,,,,,,,,,,,,,,,,,,,,,,
inf,1.5513880524571617,1.5269415585682566,0.016295516346724648,560.21223641323581,8.499999999999986,0.04775266052393444,0.0020445235959663044,1.9215200378225041,6.5267862169671833,1.5197428710169876,1.5153812055746996,1.5111015109694677,0.0029840477932177242,1244.2358275069987,8.499999999999986,0.80264578803863018,0.029773652287206454,3.9791838648551412,3.5184651886659957,,,,,,,,,,,,,,,,,,,,,1.5279643109540635,1.5209230185783975,1.51654,0.0039508139808916336,798045.51853790064,8.499999999999986,0.55179717332797285,0.010581363233654497,2.8379093221317477,0.0,,,,,,,,,,,,,,,,,,,,,,,,,,,,,,
inf,1.5510538425473626,1.5263730326986475,0.016157972714955313,563.58775354256704,8.599999999999985,0.048305723712703412,0.002059528723481053,1.949221594151084,6.5985007100706152,1.5196223845046462,1.5152485364364865,1.5111,0.0029207724063451119,1249.4661922003384,8.599999999999985,0.82283477277587558,0.030351913936974763,4.0296962524965947,3.5440604476209403,,,,,,,,,,,,,,,,,,,,,1.5277830614853032,1.520811859509871,1.51654,0.0038586280729729755,804540.31116187549,8.599999999999985,0.55668184318175729,0.010654116915208759,2.8630910625768524,0.0,,,,,,,,,,,,,,,,,,,,,,,,,,,,,,
inf,1.5507576980364839,1.5261470954193228,0.015982545290147365,566.83103391676673,8.699999999999985,0.048846276390269901,0.0020740847041867253,1.976837665714126,6.6703142488679532,1.51959,1.5150595347148452,1.5111,0.0028862073861404443,1256.38829047236,8.699999999999985,0.83538616719821079,0.030719207598494447,4.0832682614170368,3.5756045644567989,,,,,,,,,,,,,,,,,,,,,1.527361799592938,1.5206702464212885,1.51654,0.0037121028809439299,810996.31212400133,8.699999999999985,0.56153586572612402,0.010726171168516921,2.8881458204746915,0.0,,,,,,,,,,,,,,,,,,,,,,,,,,,,,,
inf,1.5504861265978394,1.5261423157901024,0.015789248108777808,569.98894901362905,8.799999999999985,0.049378752922460786,0.0020883507387130314,2.0043985526901666,6.7421917264931981,1.51959,1.5148814998834266,1.5111,0.002897356430675044,1260.1050236086799,8.799999999999985,0.84552633349326245,0.031003484862852721,4.1333981899226568,3.6135251956458645,,,,,,,,,,,,,,,,,,,,,1.5269405377005727,1.520544571805446,1.51654,0.0035808165734531757,817436.58090555249,8.799999999999985,0.56635231046751378,0.010798031233709197,2.9130890623632744,0.0,,,,,,,,,,,,,,,,,,,,,,,,,,,,,,
inf,1.5502145551591946,1.5261375361608822,0.015616455592017818,573.14686411049138,8.899999999999984,0.049911229454651665,0.0021026167732393374,2.0319594396662075,6.8140692041184439,1.51959,1.5147536372155028,1.5111,0.0028514994741846754,1264.3531575202264,8.899999999999984,0.85719124736350039,0.031336837805992293,4.1827745821578208,3.650343445003486,,,,,,,,,,,,,,,,,,,,,1.5265192758082076,1.5204322655347471,1.51654,0.0034576524583569928,823826.41090403625,8.899999999999984,0.57112355122992031,0.010869273989480946,2.9378211280829616,0.0,,,,,,,,,,,,,,,,,,,,,,,,,,,,,,
inf,1.5499429837205496,1.526132756531662,0.01546485506567654,576.30477920735336,8.999999999999984,0.050443705986842557,0.0021168828077656431,2.0595203266422484,6.8859466817436896,1.5195027307940607,1.5146154727072607,1.5111,0.0027388432841327658,1268.8568674376518,8.999999999999984,0.8651023224982024,0.031557032403049745,4.2271624185199377,3.696602371941482,,,,,,,,,,,,,,,,,,,,,1.5260980139158424,1.5203637596292285,1.51654,0.0033691299013781156,830186.84856543224,8.999999999999984,0.57587006678710195,0.010940530011927029,2.9624174806858798,0.0,,,,,,,,,,,,,,,,,,,,,,,,,,,,,,
inf,1.5496925876386296,1.5261279769024416,0.015326105428327221,579.27891925350355,9.099999999999984,0.050947992687740473,0.0021304340092539293,2.0871454914364329,6.9577896361739606,1.5193865267914783,1.514536240174674,1.5111,0.0026975692409691105,1272.5129206251354,9.099999999999984,0.87486938988665963,0.03183544328740142,4.2739720584508012,3.7382387367861711,,,,,,,,,,,,,,,,,,,,,1.52607,1.5203602067203186,1.51654,0.0033643414681861316,836533.129173917,9.099999999999984,0.58059965307020434,0.011011726661410927,2.9869332266946831,0.0,,,,,,,,,,,,,,,,,,,,,,,,,,,,,,
inf,1.5494532760365554,1.5261231972732214,0.015205221330896487,582.15686017194957,9.199999999999983,0.051437523102787888,0.0021436110233079312,2.1148043031811272,7.0296145190475716,1.5192703227888962,1.51451054512094,1.5111,0.0026763654994546404,1276.3783373824399,9.199999999999983,0.88531459388661271,0.032125835868242698,4.3228292483812378,3.7770763913131127,,,,,,,,,,,,,,,,,,,,,1.52607,1.5203523446674239,1.51654,0.0033708197602951391,842854.53063393256,9.199999999999983,0.58532723823437549,0.011082619803915176,3.0114383703808989,0.0,,,,,,,,,,,,,,,,,,,,,,,,,,,,,,
inf,1.5491702975217569,1.5261184176440012,0.015029899512138538,585.09785981041466,9.299999999999983,0.05192759129701309,0.0021568367516568965,2.1430495630714863,7.1008521478208735,1.5191541187863138,1.5144873945465269,1.5111,0.0026514539041461952,1280.7799976777401,9.299999999999983,0.89767848236223668,0.032464467696399921,4.3708600308238257,3.8145105592232218,,,,,,,,,,,,,,,,,,,,,1.52607,1.5203198708011505,1.51654,0.0033611755893048355,849191.81398567115,9.299999999999983,0.59007138986103702,0.01115290461469967,3.0360724491168889,0.0,,,,,,,,,,,,,,,,,,,,,,,,,,,,,,
inf,1.5488555943110558,1.526113638014781,0.014821188818711821,588.12939970777347,9.399999999999983,0.052463436128066546,0.0021711471151005008,2.1725408563305941,7.1707956830887296,1.519049240959019,1.5144606296184522,1.5110359013005956,0.0026454806392802684,1286.1174429936209,9.399999999999983,0.9048150332622853,0.032672771033549652,4.4236286628734955,3.8533050700183873,,,,,,,,,,,,,,,,,,,,,1.52607,1.5202426295039262,1.51654,0.0032962195098058126,855525.76525116246,9.399999999999983,0.59479927115416942,0.011222900639049927,3.0606678280941342,0.0,,,,,,,,,,,,,,,,,,,,,,,,,,,,,,
inf,1.5485408265502822,1.5261088583855607,0.01463574753065308,591.17587038040722,9.499999999999982,0.053014337867575742,0.0021858056215769391,2.2023050293229458,7.2404505884342552,1.5190419424880488,1.5144384035286815,1.5109629707062113,0.0026516123148910488,1291.8546746446482,9.499999999999982,0.91734679678962683,0.033043342198612331,4.4802712791105508,3.8817526581360666,,,,,,,,,,,,,,,,,,,,,1.52607,1.5201171764212553,1.51654,0.0032070385066346068,861839.75944307295,9.499999999999982,0.59952299273729659,0.011292351451603974,3.0852446148153625,0.0,,,,,,,,,,,,,,,,,,,,,,,,,,,,,,
inf,1.5482637767057872,1.5261040787563405,0.014473996826613322,594.23269413399453,9.599999999999982,0.053570712936844858,0.0022005909591727565,2.2320734677537426,7.3100955620011261,1.5190346440170786,1.5143334222232756,1.510890040111827,0.0026322386301058862,1299.0884034695366,9.599999999999982,0.92792910008029916,0.033363491404368298,4.539038142870516,3.910439374960641,,,,,,,,,,,,,,,,,,,,,1.52607,1.5199557111343167,1.51654,0.0031093511743762294,868099.64908178779,9.599999999999982,0.60421766306355229,0.01136130861619032,3.109659094604337,0.0,,,,,,,,,,,,,,,,,,,,,,,,,,,,,,
inf,1.5481639258468896,1.5260992991271203,0.014321364747205653,597.33815672089429,9.699999999999982,0.054152801740513047,0.002215972150090101,2.2618619452386608,7.3796938760152866,1.5189775976340336,1.5142995874393905,1.5108556921599232,0.0026262805324993124,1304.5805901583669,9.699999999999982,0.94007402916963778,0.033702964921994719,4.5967145220419035,3.9384589566055639,,,,,,,,,,,,,,,,,,,,,1.52607,1.5198040053776185,1.51654,0.0030250331808142298,874315.78565455298,9.699999999999982,0.60888534892664214,0.011429797871635578,3.1339385842317453,0.0,,,,,,,,,,,,,,,,,,,,,,,,,,,,,,
inf,1.5480640749879919,1.5260945194978999,0.014170859454863816,600.44361930779394,9.799999999999981,0.054734890544181236,0.002231353341007446,2.2916504227235781,7.4492921900294462,1.5188390292425695,1.5142757847174473,1.5108244759274823,0.0026064435177197225,1308.7282534536009,9.799999999999981,0.95135851649766912,0.034020251091853207,4.6443018847352189,3.9776060759652276,,,,,,,,,,,,,,,,,,,,,1.52607,1.519679822072999,1.51654,0.0029912340575349071,880483.82402659056,9.799999999999981,0.61354048130443428,0.011496876118971865,3.1581688476621239,0.0,,,,,,,,,,,,,,,,,,,,,,,,,,,,,,
inf,1.5479642241290941,1.5260897398686797,0.01402254943074915,603.54908189469381,9.89999999999998,0.055316979347849425,0.0022467345319247909,2.3214389002084963,7.5188905040436085,1.5188174568552253,1.5142668857300114,1.5107932596950415,0.00260718048911498,1312.5232121447666,9.89999999999998,0.95718138165118505,0.03418686802536916,4.6891988339208588,4.0258439800917269,,,,,,,,,,,,,,,,,,,,,1.5259160690263538,1.5195723904859342,1.51654,0.0029404434127291673,886616.58684862591,9.89999999999998,0.61817177923003253,0.011563675700297848,3.1822979338069262,0.0,,,,,,,,,,,,,,,,,,,,,,,,,,,,,,
inf,1.5478643732701967,1.5260849602394595,0.013876505063142029,606.65454448159358,9.99999999999998,0.055899068151517614,0.0022621157228421363,2.3512273776934136,7.5884888180577708,1.518795884467881,1.5142458091804534,1.5107620434626006,0.0026166036794107992,1316.8354873937965,9.99999999999998,0.968184435578338,0.034501879357522754,4.7400266704124761,4.0619961288252657,,,,,,,,,,,,,,,,,,,,,1.525033943102878,1.5194477718713182,1.51654,0.0027314492796872477,892692.84658024053,9.99999999999998,0.62276174862765354,0.011631016316638525,3.2062796163667828,0.0,,,,,,,,,,,,,,,,,,,,,,,,,,,,,,
inf,1.5477645224112995,1.526080180610239,0.013732798636050663,609.76000706849322,10.09999999999998,0.056481156955185831,0.0022774969137594808,2.3810158551783314,7.6580871320719313,1.518774312080537,1.5142355139310695,1.5107308272301596,0.0026193811926511954,1320.0975691198221,10.09999999999998,0.97379537743050404,0.034660607747655683,4.7716903736381928,4.0856742894110463,,,,,,,,,,,,,,,,,,,,,1.5241518171794026,1.5193234034853111,1.51654,0.0025330887326898877,898272.60623741953,10.09999999999998,0.62697789199846343,0.011692665935551216,3.2282500767044566,0.0,,,,,,,,,,,,,,,,,,,,,,,,,,,,,,
inf,1.5476646715524014,1.526075400981019,0.013591504308593825,612.86546965539299,10.19999999999998,0.05706324575885402,0.0022928781046768257,2.4108043326632491,7.7276854460860918,1.5187527396931928,1.5142302350690913,1.5106996109977189,0.0026198419854493804,1321.1244523039168,10.19999999999998,0.97508242033970305,0.03469778200637598,4.7876953506081295,4.099964132713426,,,,,,,,,,,,,,,,,,,,,1.523269691255927,1.5192189691255928,1.51654,0.0023600251829442253,901781.26830850239,10.19999999999998,0.62960241345515411,0.011732266515582681,3.2420773439883264,0.0,,,,,,,,,,,,,,,,,,,,,,,,,,,,,,
inf,1.5475655135576822,1.5260706213517987,0.013452918606678212,615.61757151138897,10.29999999999998,0.057520099362304858,0.0023051102279040584,2.4371308103519511,7.7916973348039189,1.51875,1.5142268394765277,1.510668394765278,0.0026235897537327177,1321.652803457798,10.29999999999998,0.97570454257413852,0.034715116784728065,4.7957852556129179,4.1088766436546988,,,,,,,,,,,,,,,,,,,,,1.5223875653324515,1.5191307565332453,1.51654,0.0022192572219497837,904090.4422087383,10.29999999999998,0.63130273020531902,0.011758577489133728,3.2511972493408399,0.0,,,,,,,,,,,,,,,,,,,,,,,,,,,,,,
inf,1.5474668794836162,1.52607,0.013316191215890746,618.12499783696217,10.399999999999979,0.057897638201537302,0.0023155017078273854,2.4592623438921501,7.8504672350064739,1.51875,1.5142237178532838,1.510637178532837,0.0026278369706135389,1321.8569095929884,10.399999999999979,0.97596759936366906,0.034722548649297635,4.7994012959538956,4.1149534836114769,,,,,,,,,,,,,,,,,,,,,,,,,,,,,,,,,,,,,,,,,,,,,,,,,,,,,,,,,,,,
inf,1.5473683144486388,1.52607,0.01318200554739153,620.3354434006493,10.499999999999979,0.058242685024881301,0.002324988231878954,2.4792444973253511,7.9014308313885113,1.51875,1.5142205962300395,1.5106059623003962,0.0026321106538148083,1322.0610157281785,10.499999999999979,0.97623065615319971,0.034729980513867206,4.8030173362948734,4.1210303235682542,,,,,,,,,,,,,,,,,,,,,,,,,,,,,,,,,,,,,,,,,,,,,,,,,,,,,,,,,,,,
inf,1.5472697494136611,1.52607,0.013050553716661351,622.50592017357792,10.599999999999978,0.058584368367696135,0.0023343734609798982,2.4989901636614773,7.9513244815482604,,,,,,,,,,,,,,,,,,,,,,,,,,,,,,,,,,,,,,,,,,,,,,,,,,,,,,,,,,,,,,,,,,,,,,
inf,1.5471711843786837,1.52607,0.012921919156153839,624.67639694650654,10.699999999999978,0.058926051710510963,0.0023437586900808428,2.5187358299976039,8.0012181317080096,,,,,,,,,,,,,,,,,,,,,,,,,,,,,,,,,,,,,,,,,,,,,,,,,,,,,,,,,,,,,,,,,,,,,,
inf,1.5470762449099205,1.52607,0.012801062731389468,626.57852997417876,10.799999999999978,0.059206678677220438,0.0023514907654495483,2.5347594430427431,8.0448182696755275,,,,,,,,,,,,,,,,,,,,,,,,,,,,,,,,,,,,,,,,,,,,,,,,,,,,,,,,,,,,,,,,,,,,,,
inf,1.5469901342165666,1.52607,0.012690173231702136,627.86378440610815,10.899999999999977,0.059394922243055558,0.0023566693607098609,2.5450147222136468,8.0747742054171763,,,,,,,,,,,,,,,,,,,,,,,,,,,,,,,,,,,,,,,,,,,,,,,,,,,,,,,,,,,,,,,,,,,,,,
inf,1.5469537594501892,1.52607,0.01264305568046664,628.51573539934486,10.999999999999977,0.059469962569997724,0.0023587143405564841,2.5497447121127532,8.0942748916438738,,,,,,,,,,,,,,,,,,,,,,,,,,,,,,,,,,,,,,,,,,,,,,,,,,,,,,,,,,,,,,,,,,,,,,
inf,1.5469533329494827,1.52607,0.012643105324333583,629.00553916449735,11.099999999999977,0.059515461698823303,0.0023599257823087366,2.5526545487056049,8.1113170711957547,,,,,,,,,,,,,,,,,,,,,,,,,,,,,,,,,,,,,,,,,,,,,,,,,,,,,,,,,,,,,,,,,,,,,,
inf,1.5469529064487757,1.52607,0.01264315508310525,629.49534292964972,11.199999999999976,0.059560960827648876,0.0023611372240609882,2.5555643852984558,8.1283592507476357,,,,,,,,,,,,,,,,,,,,,,,,,,,,,,,,,,,,,,,,,,,,,,,,,,,,,,,,,,,,,,,,,,,,,,
inf,1.5469524799480692,1.52607,0.012643204956780296,629.9851466948021,11.299999999999976,0.059606459956474435,0.0023623486658132407,2.5584742218913075,8.1454014302995148,,,,,,,,,,,,,,,,,,,,,,,,,,,,,,,,,,,,,,,,,,,,,,,,,,,,,,,,,,,,,,,,,,,,,,
inf,1.5469520534473622,1.52607,0.012643254945357349,630.47495045995458,11.399999999999975,0.059651959085300008,0.0023635601075654923,2.5613840584841592,8.1624436098513957,,,,,,,,,,,,,,,,,,,,,,,,,,,,,,,,,,,,,,,,,,,,,,,,,,,,,,,,,,,,,,,,,,,,,,
inf,1.5469516269466557,1.52607,0.012643305048835055,630.96475422510696,11.499999999999975,0.059697458214125587,0.0023647715493177448,2.56429389507701,8.1794857894032766,,,,,,,,,,,,,,,,,,,,,,,,,,,,,,,,,,,,,,,,,,,,,,,,,,,,,,,,,,,,,,,,,,,,,,
inf,1.5469512004459491,1.52607,0.012643355267212048,631.45455799025933,11.599999999999975,0.059742957342951153,0.0023659829910699969,2.5672037316698617,8.1965279689551558,,,,,,,,,,,,,,,,,,,,,,,,,,,,,,,,,,,,,,,,,,,,,,,,,,,,,,,,,,,,,,,,,,,,,,
inf,1.5469507739452422,1.52607,0.012643405600486952,631.94436175541182,11.699999999999974,0.059788456471776733,0.0023671944328222485,2.5701135682627134,8.2135701485070349,,,,,,,,,,,,,,,,,,,,,,,,,,,,,,,,,,,,,,,,,,,,,,,,,,,,,,,,,,,,,,,,,,,,,,
inf,1.5469503474445356,1.52607,0.012643456048658398,632.43416552056419,11.799999999999974,0.059833955600602305,0.002368405874574501,2.5730234048555642,8.2306123280589176,,,,,,,,,,,,,,,,,,,,,,,,,,,,,,,,,,,,,,,,,,,,,,,,,,,,,,,,,,,,,,,,,,,,,,
inf,1.5469499209438287,1.52607,0.012643506611725018,632.92396928571657,11.899999999999974,0.059879454729427885,0.0023696173163267526,2.575933241448416,8.2476545076107968,,,,,,,,,,,,,,,,,,,,,,,,,,,,,,,,,,,,,,,,,,,,,,,,,,,,,,,,,,,,,,,,,,,,,,
inf,1.5469494944431221,1.52607,0.012643557289685423,633.41377305086894,11.999999999999973,0.059924953858253451,0.0023708287580790051,2.5788430780412672,8.2646966871626777,,,,,,,,,,,,,,,,,,,,,,,,,,,,,,,,,,,,,,,,,,,,,,,,,,,,,,,,,,,,,,,,,,,,,,
inf,1.5469490679424156,1.52607,0.012643608082538237,633.90357681602143,12.099999999999973,0.059970452987079016,0.0023720401998312572,2.5817529146341185,8.2817388667145586,,,,,,,,,,,,,,,,,,,,,,,,,,,,,,,,,,,,,,,,,,,,,,,,,,,,,,,,,,,,,,,,,,,,,,
inf,1.5469486414417086,1.52607,0.012643658990282072,634.3933805811738,12.199999999999973,0.060015952115904589,0.0023732516415835088,2.5846627512269702,8.2987810462664378,,,,,,,,,,,,,,,,,,,,,,,,,,,,,,,,,,,,,,,,,,,,,,,,,,,,,,,,,,,,,,,,,,,,,,
inf,1.5469482149410021,1.52607,0.012643710012915541,634.88318434632617,12.299999999999972,0.060061451244730155,0.0023744630833357613,2.5875725878198219,8.3158232258183169,,,,,,,,,,,,,,,,,,,,,,,,,,,,,,,,,,,,,,,,,,,,,,,,,,,,,,,,,,,,,,,,,,,,,,
inf,1.5469477884402951,1.52607,0.012643761150437258,635.37298811147866,12.399999999999972,0.060106950373555734,0.0023756745250880134,2.5904824244126727,8.3328654053701978,,,,,,,,,,,,,,,,,,,,,,,,,,,,,,,,,,,,,,,,,,,,,,,,,,,,,,,,,,,,,,,,,,,,,,
inf,1.5469477777777776,1.52607,0.012643762430347292,635.60081381753355,12.499999999999972,0.060118492155863998,0.0023760626072259587,2.5911573885590915,8.342428161235425,,,,,,,,,,,,,,,,,,,,,,,,,,,,,,,,,,,,,,,,,,,,,,,,,,,,,,,,,,,,,,,,,,,,,,
inf,1.5469477777777776,1.52607,0.012643762430347292,635.82192213745748,12.599999999999971,0.060129163236979498,0.0023764295775789215,2.5917750482838056,8.3517991370061218,,,,,,,,,,,,,,,,,,,,,,,,,,,,,,,,,,,,,,,,,,,,,,,,,,,,,,,,,,,,,,,,,,,,,,
inf,1.5469477777777776,1.52607,0.012643762430347292,636.04303045738163,12.69999999999997,0.060139834318094998,0.0023767965479318848,2.5923927080085201,8.361170112776815,,,,,,,,,,,,,,,,,,,,,,,,,,,,,,,,,,,,,,,,,,,,,,,,,,,,,,,,,,,,,,,,,,,,,,
inf,1.5469477777777776,1.52607,0.012643762430347292,636.26413877730567,12.79999999999997,0.060150505399210498,0.0023771635182848476,2.5930103677332346,8.3705410885475118,,,,,,,,,,,,,,,,,,,,,,,,,,,,,,,,,,,,,,,,,,,,,,,,,,,,,,,,,,,,,,,,,,,,,,
inf,1.5469477777777776,1.52607,0.012643762430347292,636.48524709722972,12.89999999999997,0.060161176480325984,0.0023775304886378104,2.5936280274579486,8.3799120643182086,,,,,,,,,,,,,,,,,,,,,,,,,,,,,,,,,,,,,,,,,,,,,,,,,,,,,,,,,,,,,,,,,,,,,,
inf,1.5469477777777776,1.52607,0.012643762430347292,636.70635541715387,12.99999999999997,0.060171847561441484,0.0023778974589907737,2.5942456871826631,8.3892830400889018,,,,,,,,,,,,,,,,,,,,,,,,,,,,,,,,,,,,,,,,,,,,,,,,,,,,,,,,,,,,,,,,,,,,,,
inf,1.5469477777777776,1.52607,0.012643762430347292,636.9274637370778,13.09999999999997,0.060182518642556984,0.0023782644293437365,2.5948633469073776,8.3986540158595986,,,,,,,,,,,,,,,,,,,,,,,,,,,,,,,,,,,,,,,,,,,,,,,,,,,,,,,,,,,,,,,,,,,,,,
inf,1.5469477777777776,1.52607,0.012643762430347292,637.14857205700196,13.199999999999969,0.060193189723672477,0.0023786313996966993,2.5954810066320917,8.4080249916302954,,,,,,,,,,,,,,,,,,,,,,,,,,,,,,,,,,,,,,,,,,,,,,,,,,,,,,,,,,,,,,,,,,,,,,
inf,1.5469477777777776,1.52607,0.012643762430347292,637.369680376926,13.299999999999969,0.060203860804787977,0.0023789983700496621,2.5960986663568062,8.4173959674009886,,,,,,,,,,,,,,,,,,,,,,,,,,,,,,,,,,,,,,,,,,,,,,,,,,,,,,,,,,,,,,,,,,,,,,
inf,1.5469477777777776,1.52607,0.012643762430347292,637.59078869685004,13.399999999999968,0.060214531885903477,0.002379365340402625,2.5967163260815207,8.4267669431716854,,,,,,,,,,,,,,,,,,,,,,,,,,,,,,,,,,,,,,,,,,,,,,,,,,,,,,,,,,,,,,,,,,,,,,
inf,1.5469477777777776,1.52607,0.012643762430347292,637.81189701677408,13.499999999999968,0.060225202967018977,0.0023797323107555882,2.5973339858062348,8.4361379189423822,,,,,,,,,,,,,,,,,,,,,,,,,,,,,,,,,,,,,,,,,,,,,,,,,,,,,,,,,,,,,,,,,,,,,,
inf,1.5469477777777776,1.52607,0.012643762430347292,638.03300533669812,13.599999999999968,0.060235874048134477,0.002380099281108551,2.5979516455309493,8.4455088947130754,,,,,,,,,,,,,,,,,,,,,,,,,,,,,,,,,,,,,,,,,,,,,,,,,,,,,,,,,,,,,,,,,,,,,,
inf,1.5469477777777776,1.52607,0.012643762430347292,638.25411365662217,13.699999999999967,0.060246545129249963,0.0023804662514615143,2.5985693052556633,8.4548798704837722,,,,,,,,,,,,,,,,,,,,,,,,,,,,,,,,,,,,,,,,,,,,,,,,,,,,,,,,,,,,,,,,,,,,,,
inf,1.5469477777777776,1.52607,0.012643762430347292,638.47522197654621,13.799999999999967,0.060257216210365463,0.0023808332218144771,2.5991869649803778,8.464250846254469,,,,,,,,,,,,,,,,,,,,,,,,,,,,,,,,,,,,,,,,,,,,,,,,,,,,,,,,,,,,,,,,,,,,,,
inf,1.5469477777777776,1.52607,0.012643762430347292,638.69633029647025,13.899999999999967,0.060267887291480957,0.0023812001921674404,2.5998046247050923,8.4736218220251622,,,,,,,,,,,,,,,,,,,,,,,,,,,,,,,,,,,,,,,,,,,,,,,,,,,,,,,,,,,,,,,,,,,,,,
inf,1.5469477777777776,1.52607,0.012643762430347292,638.91743861639429,13.999999999999966,0.060278558372596457,0.0023815671625204032,2.6004222844298068,8.482992797795859,,,,,,,,,,,,,,,,,,,,,,,,,,,,,,,,,,,,,,,,,,,,,,,,,,,,,,,,,,,,,,,,,,,,,,
inf,1.5469477777777776,1.52607,0.012643762430347292,639.13854693631833,14.099999999999966,0.060289229453711957,0.002381934132873366,2.6010399441545209,8.4923637735665558,,,,,,,,,,,,,,,,,,,,,,,,,,,,,,,,,,,,,,,,,,,,,,,,,,,,,,,,,,,,,,,,,,,,,,
inf,1.5469477777777776,1.52607,0.012643762430347292,639.35965525624249,14.199999999999966,0.060299900534827457,0.0023823011032263293,2.6016576038792354,8.501734749337249,,,,,,,,,,,,,,,,,,,,,,,,,,,,,,,,,,,,,,,,,,,,,,,,,,,,,,,,,,,,,,,,,,,,,,
inf,1.5469477777777776,1.52607,0.012643762430347292,639.58076357616642,14.299999999999965,0.060310571615942957,0.0023826680735792921,2.6022752636039495,8.5111057251079458,,,,,,,,,,,,,,,,,,,,,,,,,,,,,,,,,,,,,,,,,,,,,,,,,,,,,,,,,,,,,,,,,,,,,,
