trial,plan iters,plan time,best cost,configCheckTime,connectTime,knnTime,lazyPathCheckTime,numComponents,numEdgeChecks,numEdgesPrechecked,numIters,numMilestones,shortestPathsTime
0,1,3.9265e-05,inf,3.0026e-05,0,0,0,1,0,0,1,2,0
0,104,0.100434,inf,0.000681747,0.0650581,0.000468486,0.0167366,1,22,20,104,25,0.000366474
0,379,0.21025,inf,0.00244638,0.104627,0.00350344,0.0350045,1,45,39,379,76,0.00432842
0,474,0.350548,1.70524,0.00307077,0.202746,0.00524959,0.0351277,1,78,71,474,95,0.00894862
0,894,0.451074,1.64948,0.00476381,0.248511,0.0177482,0.0351923,1,156,148,894,187,0.0125075
0,1232,0.553836,1.57909,0.00603031,0.274231,0.0302184,0.0685566,1,202,185,1232,252,0.0165584
0,1682,0.657296,1.4253,0.00751431,0.3057,0.0497643,0.0741503,1,218,197,1682,330,0.0192892
0,2276,0.766206,1.38771,0.00913034,0.325397,0.0764608,0.0742077,1,223,201,2276,418,0.0215731
0,2789,0.872779,1.38771,0.0105454,0.334173,0.10883,0.0742077,1,225,203,2789,504,0.0229528
0,3162,0.98005,1.38771,0.0115559,0.348954,0.128391,0.0921957,1,237,210,3162,552,0.0307053
0,3591,1.08856,1.38771,0.0127566,0.354493,0.158993,0.0921957,1,244,217,3591,619,0.0320631
0,3997,1.19762,1.38771,0.013938,0.367985,0.185811,0.0921957,1,253,226,3997,672,0.0369631
0,4307,1.30978,1.3745,0.0149905,0.381753,0.213302,0.0944423,1,259,230,4307,723,0.0391254
0,4620,1.42296,1.33887,0.0158085,0.408327,0.233285,0.1011,1,283,249,4620,758,0.0481791
0,4980,1.53337,1.32706,0.0167578,0.419795,0.259762,0.10333,1,287,251,4980,802,0.0501743
0,5353,1.64689,1.32706,0.0178565,0.423665,0.287346,0.10333,1,287,251,5353,845,0.0510532
0,5587,1.76242,1.32393,0.0185447,0.435032,0.308566,0.131931,1,297,253,5587,877,0.0536759
0,5918,1.87934,1.32393,0.0194848,0.441829,0.340995,0.131931,1,301,257,5918,924,0.0547391
0,6210,1.99494,1.30232,0.0202901,0.459609,0.36953,0.132052,1,308,263,6210,964,0.0572055
0,6538,2.11502,1.30232,0.0211928,0.465209,0.404635,0.132052,1,308,263,6538,1011,0.0594166
0,6861,2.23473,1.30232,0.0220243,0.475181,0.437722,0.132052,1,308,263,6861,1054,0.0617106
0,7175,2.35598,1.30232,0.0229035,0.478924,0.468884,0.132052,1,308,263,7175,1093,0.0625097
0,7440,2.47659,1.29068,0.0237601,0.493537,0.498237,0.132161,1,317,271,7440,1128,0.0679472
0,7796,2.59928,1.29068,0.0245854,0.497935,0.533449,0.132161,1,318,272,7796,1170,0.0690339
0,8090,2.7234,1.29068,0.02546,0.500905,0.560018,0.132161,1,318,272,8090,1200,0.0695382
0,8403,2.84914,1.29068,0.0262834,0.506542,0.5897,0.132161,1,318,272,8403,1233,0.0725377
0,8691,2.9755,1.29068,0.0271126,0.509612,0.622311,0.132161,1,318,272,8691,1268,0.0729674
0,8930,3.10419,1.29068,0.0278198,0.517309,0.654794,0.142526,1,325,274,8930,1302,0.0822786
0,9227,3.23294,1.27218,0.0287329,0.528249,0.685315,0.142667,1,332,280,9227,1333,0.0856288
0,9611,3.36272,1.27218,0.0295213,0.53153,0.719299,0.142667,1,332,280,9611,1367,0.0862875
0,9868,3.49368,1.26936,0.030208,0.542872,0.754495,0.145078,1,337,283,9868,1401,0.0923612
0,10193,3.62827,1.26936,0.0309698,0.546192,0.792869,0.145078,1,337,283,10193,1437,0.092874
0,10473,3.75936,1.26065,0.0317028,0.56563,0.814232,0.145244,1,343,288,10473,1457,0.100682
0,10815,3.89322,1.26065,0.032408,0.569151,0.853995,0.145244,1,343,288,10815,1494,0.101284
0,11079,4.02839,1.26065,0.0331048,0.572637,0.894224,0.145244,1,343,288,11079,1531,0.101943
0,11380,4.16566,1.26065,0.0338316,0.575697,0.929808,0.145244,1,343,288,11380,1563,0.102599
0,11694,4.30164,1.26065,0.0345222,0.578982,0.966269,0.145244,1,343,288,11694,1595,0.10342
0,11974,4.44045,1.2603,0.0351531,0.593715,1.00336,0.145395,1,348,292,11974,1627,0.107118
0,12266,4.57889,1.2603,0.0358868,0.596459,1.03431,0.145395,1,348,292,12266,1653,0.107585
0,12541,4.72147,1.2603,0.0365736,0.599504,1.07639,0.145395,1,348,292,12541,1688,0.108105
0,12829,4.86322,1.2603,0.0372407,0.602802,1.11918,0.145395,1,348,292,12829,1723,0.108651
0,13102,5.0085,1.2603,0.0391824,0.60793,1.15093,0.145395,1,348,292,13102,1748,0.111509
0,13349,5.14874,1.2603,0.0398922,0.610562,1.18824,0.145395,1,348,292,13349,1777,0.111846
0,13613,5.29593,1.2603,0.0408273,0.612912,1.21999,0.145395,1,348,292,13613,1801,0.112229
0,13871,5.44198,1.2603,0.0416245,0.615782,1.26014,0.145395,1,348,292,13871,1831,0.112615
0,14089,5.5857,1.26017,0.0423902,0.628263,1.29099,0.145539,1,356,299,14089,1854,0.116989
0,14362,5.73264,1.26017,0.0431343,0.631152,1.32908,0.145539,1,356,299,14362,1882,0.117432
0,14666,5.88355,1.26017,0.043935,0.633611,1.36353,0.145539,1,356,299,14666,1907,0.11782
0,14943,6.03047,1.26017,0.0447057,0.636086,1.3987,0.145539,1,356,299,14943,1932,0.118281
0,15196,6.18134,1.26017,0.0454206,0.638853,1.43652,0.145539,1,356,299,15196,1959,0.118853
0,15445,6.33283,1.26017,0.0461404,0.641777,1.47628,0.145539,1,356,299,15445,1987,0.119442
0,15703,6.48721,1.26017,0.0468645,0.644277,1.51228,0.145539,1,356,299,15703,2012,0.119882
0,15914,6.64009,1.26017,0.047522,0.647141,1.55598,0.145539,1,356,299,15914,2042,0.12034
0,16126,6.79649,1.26017,0.0481722,0.663003,1.59237,0.145539,1,356,299,16126,2067,0.127574
0,16323,6.95274,1.25474,0.0487669,0.676379,1.6297,0.149827,1,360,302,16323,2092,0.134757
0,16557,7.10808,1.25474,0.0493786,0.679202,1.67126,0.149827,1,360,302,16557,2120,0.13532
0,16766,7.26611,1.25474,0.0500173,0.681711,1.71,0.149827,1,360,302,16766,2146,0.135782
0,16973,7.42744,1.25474,0.0506286,0.68444,1.75565,0.149827,1,360,302,16973,2176,0.136174
0,17251,7.58755,1.25474,0.051258,0.687104,1.79605,0.149827,1,360,302,17251,2202,0.136725
0,17483,7.74707,1.25356,0.051867,0.698528,1.82852,0.150018,1,365,306,17483,2223,0.141711
0,17719,7.91102,1.25356,0.0524667,0.703722,1.88077,0.150018,1,365,306,17719,2256,0.144309
0,17962,8.07229,1.25356,0.0530849,0.705833,1.91587,0.150018,1,365,306,17962,2278,0.144641
0,18169,8.23687,1.25356,0.0536554,0.709155,1.97194,0.150018,1,365,306,18169,2313,0.145123
0,18412,8.4015,1.25356,0.0542779,0.712269,2.00916,0.150018,1,367,308,18412,2336,0.14578
0,18704,8.57244,1.25356,0.0549166,0.714724,2.05164,0.150018,1,367,308,18704,2362,0.146159
0,18951,8.73576,1.25356,0.0555082,0.718048,2.09965,0.150018,1,367,308,18951,2391,0.147023
0,19181,8.90473,1.25356,0.0561053,0.720695,2.14513,0.150018,1,367,308,19181,2418,0.147519
0,19407,9.07725,1.25356,0.0567139,0.727533,2.19602,0.150018,1,367,308,19407,2448,0.151851
0,19631,9.24549,1.25356,0.0573237,0.730042,2.24121,0.150018,1,368,309,19631,2474,0.152328
0,19858,9.41593,1.25356,0.057945,0.732603,2.28725,0.150018,1,368,309,19858,2500,0.152712
0,20093,9.58841,1.25356,0.0585698,0.734988,2.32812,0.150018,1,368,309,20093,2523,0.153139
0,20301,9.76179,1.25356,0.0592273,0.737524,2.37246,0.150018,1,368,309,20301,2548,0.153602
0,20568,9.93813,1.25356,0.0598359,0.739827,2.4161,0.150018,1,368,309,20568,2572,0.153913
1,1,3.6955e-05,inf,2.3482e-05,0,0,0,1,0,0,1,2,0
1,414,0.100096,inf,0.00263962,0.0674059,0.0037937,0.0116082,1,18,13,414,84,0.00246139
1,922,0.269206,1.60357,0.00591825,0.133718,0.013667,0.0499915,1,57,43,922,169,0.0132243
1,1117,0.369883,1.4565,0.00662886,0.181912,0.0208532,0.06681,1,129,111,1117,214,0.0179053
1,1867,0.471267,1.4565,0.00885003,0.194471,0.0444762,0.06681,1,133,115,1867,320,0.0202139
1,2379,0.575171,1.42764,0.0103671,0.212616,0.0731979,0.066852,1,139,120,2379,417,0.0229078
1,2809,0.679703,1.40892,0.0116964,0.229678,0.0991649,0.0668947,1,144,124,2809,489,0.0253341
1,3237,0.809854,1.40892,0.0128401,0.246692,0.12052,0.0974349,1,163,132,3237,543,0.0352851
1,3559,0.917769,1.40892,0.0138078,0.269177,0.143162,0.105373,1,181,146,3559,594,0.0419598
1,3895,1.02988,1.40892,0.0147267,0.287147,0.163825,0.121867,1,197,154,3895,637,0.0550328
1,4303,1.14153,1.40892,0.0158589,0.295992,0.191001,0.121867,1,202,159,4303,691,0.0594024
1,4616,1.25434,1.40892,0.0167366,0.310273,0.213718,0.13835,1,212,163,4616,730,0.0644934
1,4994,1.36948,1.40892,0.0177582,0.318937,0.245107,0.13835,1,216,167,4994,785,0.0654631
1,5352,1.48677,1.40892,0.0187988,0.324389,0.274891,0.13835,1,218,169,5352,834,0.0664851
1,5682,1.60633,1.40892,0.01978,0.328549,0.308911,0.13835,1,218,169,5682,887,0.067148
1,5978,1.72726,1.40892,0.020772,0.334323,0.338916,0.13835,1,220,171,5978,931,0.0679168
1,6276,1.85199,1.40892,0.0217221,0.338597,0.374573,0.13835,1,220,171,6276,981,0.0686686
1,6575,1.97618,1.40892,0.0226887,0.342668,0.402776,0.13835,1,222,173,6575,1019,0.0694316
1,6867,2.10212,1.40892,0.0235741,0.349206,0.434712,0.13835,1,222,173,6867,1061,0.070014
1,7145,2.2321,1.40892,0.0244429,0.356066,0.468425,0.13835,1,223,174,7145,1103,0.074103
1,7365,2.36796,1.38711,0.0251667,0.370338,0.500386,0.154362,1,236,178,7365,1142,0.0828017
1,7655,2.49925,1.38711,0.0260082,0.375449,0.536308,0.154362,1,238,180,7655,1184,0.0839389
1,7966,2.63331,1.38711,0.0268481,0.384111,0.56587,0.154362,1,244,186,7966,1218,0.086222
1,8239,2.76821,1.38711,0.0277204,0.387053,0.597335,0.154362,1,244,186,8239,1253,0.0867017
1,8534,2.90533,1.38711,0.0285358,0.391602,0.636109,0.154362,1,244,186,8534,1295,0.0880933
1,8814,3.04498,1.38711,0.0293522,0.394909,0.670782,0.154362,1,244,186,8814,1331,0.0886168
1,9102,3.18503,1.38711,0.030203,0.397979,0.699722,0.154362,1,244,186,9102,1361,0.0893948
1,9393,3.32698,1.38711,0.0310206,0.402195,0.736842,0.154362,1,244,186,9393,1398,0.0906012
1,9671,3.47086,1.38711,0.0318344,0.407814,0.771481,0.154362,1,248,190,9671,1432,0.0914705
1,9928,3.61739,1.38711,0.0326836,0.411588,0.809564,0.154362,1,248,190,9928,1468,0.092454
1,10181,3.76502,1.38711,0.0334939,0.414577,0.845922,0.154362,1,248,190,10181,1502,0.092951
1,10432,3.91238,1.38711,0.0343081,0.420206,0.882897,0.154362,1,248,190,10432,1536,0.0959093
1,10675,4.06264,1.38711,0.0350888,0.423626,0.923617,0.154362,1,248,190,10675,1572,0.0965345
1,10916,4.21243,1.38711,0.0358491,0.427682,0.962739,0.154362,1,250,192,10916,1606,0.0970199
1,11140,4.36562,1.38711,0.0366174,0.432537,1.00209,0.154362,1,254,196,11140,1640,0.0980381
1,11372,4.51888,1.38711,0.0373481,0.435997,1.04958,0.154362,1,254,196,11372,1680,0.0985959
1,11606,4.67438,1.38711,0.0381395,0.438997,1.08586,0.154362,1,254,196,11606,1710,0.0990602
1,11830,4.8317,1.38711,0.038906,0.442503,1.12532,0.154362,1,254,196,11830,1742,0.0999837
1,12080,4.9917,1.38711,0.0397209,0.445142,1.16032,0.154362,1,254,196,12080,1770,0.100435
1,12323,5.15577,1.38711,0.0404739,0.448556,1.20165,0.154362,1,254,196,12323,1802,0.101234
1,12527,5.31613,1.34465,0.0411426,0.464649,1.2456,0.154661,1,264,204,12527,1836,0.108557
1,12783,5.48115,1.34465,0.0419363,0.467469,1.2865,0.154661,1,264,204,12783,1867,0.108975
1,13050,5.64755,1.34465,0.042754,0.471259,1.31873,0.154661,1,266,206,13050,1891,0.109434
1,13318,5.81553,1.34465,0.0435631,0.474093,1.35916,0.154661,1,266,206,13318,1920,0.109874
1,13545,5.98436,1.34465,0.0443588,0.477154,1.40217,0.154661,1,266,206,13545,1951,0.110416
1,13772,6.15373,1.34465,0.0451407,0.480171,1.44865,0.154661,1,266,206,13772,1984,0.110846
1,13993,6.3276,1.34465,0.0459221,0.485274,1.4962,0.154661,1,266,206,13993,2017,0.113312
1,14251,6.50542,1.34465,0.0467644,0.488259,1.54012,0.154661,1,266,206,14251,2047,0.113832
1,14437,6.68178,1.34465,0.0474804,0.497572,1.58919,0.154661,1,266,206,14437,2080,0.114412
1,14700,6.85805,1.34465,0.0482919,0.500344,1.62695,0.154661,1,266,206,14700,2105,0.114974
1,14974,7.03829,1.34465,0.0491603,0.503304,1.67422,0.154661,1,266,206,14974,2136,0.115522
1,15225,7.21991,1.34465,0.0499291,0.506224,1.71949,0.154661,1,266,206,15225,2165,0.115936
1,15505,7.40362,1.34465,0.0506897,0.508994,1.75978,0.154661,1,266,206,15505,2191,0.116609
1,15812,7.59183,1.34465,0.0514477,0.511838,1.80308,0.154661,1,266,206,15812,2219,0.117238
1,16050,7.77846,1.34465,0.0521737,0.515411,1.84694,0.154661,1,266,206,16050,2247,0.118244
1,16258,7.96997,1.34465,0.0528524,0.522337,1.90278,0.154661,1,266,206,16258,2282,0.122312
1,16486,8.16478,1.34465,0.0535523,0.52635,1.96203,0.154661,1,266,206,16486,2318,0.123234
1,16739,8.355,1.34465,0.0542848,0.528796,2.00324,0.154661,1,266,206,16739,2343,0.123587
1,16940,8.55393,1.34465,0.0550185,0.531982,2.05517,0.154661,1,266,206,16940,2374,0.124174
1,17188,8.7529,1.34465,0.055738,0.536463,2.1054,0.154661,1,274,214,17188,2404,0.124813
1,17404,8.95371,1.34465,0.056449,0.539292,2.15658,0.154661,1,274,214,17404,2434,0.125227
1,17663,9.15133,1.34465,0.057187,0.541854,2.20203,0.154661,1,274,214,17663,2460,0.125579
1,17908,9.35505,1.34465,0.0579734,0.545146,2.25272,0.154661,1,274,214,17908,2489,0.126259
1,18196,9.56363,1.34465,0.0588099,0.547627,2.29311,0.154661,1,274,214,18196,2512,0.1267
1,18409,9.77188,1.34465,0.0595383,0.553012,2.34485,0.154661,1,274,214,18409,2541,0.129546
1,18599,9.97878,1.34465,0.060148,0.563101,2.39934,0.174172,1,286,217,18599,2571,0.144386
2,1,4.35e-05,inf,2.9257e-05,0,0,0,1,0,0,1,2,0
2,356,0.101569,inf,0.00235244,0.0364808,0.00307384,0,1,30,30,356,74,0.00181929
2,438,0.206506,inf,0.00289175,0.0539811,0.00480535,0.00950409,1,56,53,438,95,0.00955606
2,511,0.308441,inf,0.00338334,0.100673,0.00668315,0.0240876,1,89,82,511,113,0.0152691
2,631,0.483512,1.46638,0.00417865,0.201315,0.00994062,0.0242047,1,138,130,631,141,0.0230167
2,1178,0.584154,1.44794,0.00588514,0.233662,0.0252529,0.0419733,1,155,143,1178,234,0.0284191
2,1695,0.685753,1.41128,0.00749309,0.257351,0.046985,0.0502143,1,166,149,1695,328,0.0352155
2,2228,0.789302,1.40364,0.00903867,0.276003,0.071195,0.0502721,1,177,159,2228,410,0.0370917
2,2646,0.895366,1.38262,0.0102994,0.291038,0.0971677,0.0544688,1,192,172,2646,483,0.0424772
2,3132,1.00162,1.38262,0.0116533,0.297627,0.124403,0.0544688,1,192,172,3132,550,0.0434573
2,3596,1.10869,1.38262,0.0128982,0.306566,0.151435,0.0544688,1,198,178,3596,611,0.0445586
2,3971,1.21667,1.38262,0.0140096,0.312971,0.183216,0.0544688,1,200,180,3971,676,0.0458205
2,4340,1.32727,1.38262,0.0150474,0.319162,0.213598,0.0544688,1,203,183,4340,732,0.0493509
2,4655,1.43819,1.33898,0.0158604,0.330122,0.235878,0.0724203,1,210,185,4655,771,0.0518092
2,4998,1.55048,1.33898,0.0167777,0.342095,0.260466,0.0782674,1,217,189,4998,812,0.05846
2,5319,1.66355,1.33898,0.017794,0.346351,0.291672,0.0782674,1,218,190,5319,861,0.0594424
2,5668,1.77694,1.33898,0.0187175,0.354346,0.318012,0.0782674,1,231,203,5668,901,0.066534
2,6041,1.89203,1.33898,0.0197192,0.358155,0.348546,0.0782674,1,231,203,6041,945,0.0672165
2,6342,2.00901,1.33898,0.0206473,0.362067,0.382157,0.0782674,1,231,203,6342,991,0.0679703
2,6596,2.12602,1.33898,0.021878,0.37005,0.414019,0.0782674,1,231,203,6596,1033,0.0697946
2,6904,2.24639,1.33898,0.0227287,0.374806,0.448978,0.0782674,1,251,223,6904,1078,0.0707662
2,7226,2.36354,1.33898,0.0236253,0.377199,0.472803,0.0782674,1,251,223,7226,1107,0.0711072
2,7525,2.48408,1.33898,0.0245415,0.380665,0.505757,0.0782674,1,251,223,7525,1146,0.0716762
2,7802,2.60387,1.32644,0.0252621,0.397722,0.529185,0.0814428,1,260,230,7802,1173,0.0772738
2,8092,2.72732,1.32644,0.0260909,0.400912,0.559052,0.0814428,1,260,230,8092,1207,0.0779078
2,8387,2.84962,1.32644,0.0269132,0.403773,0.586871,0.0814428,1,260,230,8387,1238,0.0783782
2,8632,2.97781,1.32644,0.028177,0.407592,0.622244,0.0814428,1,260,230,8632,1276,0.0792663
2,8929,3.10183,1.32644,0.0289996,0.410114,0.650254,0.0814428,1,260,230,8929,1305,0.0796432
2,9195,3.23006,1.32644,0.0297945,0.413436,0.684936,0.0814428,1,260,230,9195,1341,0.0802934
2,9473,3.3604,1.32644,0.0305975,0.4164,0.716431,0.0814428,1,260,230,9473,1373,0.0807784
2,9705,3.49009,1.32644,0.0314179,0.424457,0.752022,0.0814428,1,267,237,9705,1408,0.0879008
2,9938,3.62018,1.32644,0.0321724,0.427673,0.788459,0.0814428,1,267,237,9938,1443,0.0884209
2,10225,3.75213,1.32644,0.032935,0.430468,0.818768,0.0814428,1,267,237,10225,1471,0.0890268
2,10505,3.88379,1.32644,0.0337238,0.434617,0.849,0.0814428,1,267,237,10505,1499,0.0908626
2,10741,4.02159,1.32556,0.0344717,0.44526,0.879104,0.0836983,1,271,239,10741,1526,0.0944415
2,11035,4.15572,1.32556,0.0352285,0.448174,0.914467,0.0836983,1,272,240,11035,1556,0.0950513
2,11251,4.29303,1.32556,0.0360065,0.450993,0.949806,0.0836983,1,272,240,11251,1587,0.0954089
2,11433,4.4293,1.32556,0.0366263,0.461165,0.987542,0.0932301,1,277,242,11433,1619,0.106399
2,11667,4.57002,1.32556,0.0373523,0.464371,1.02763,0.0932301,1,277,242,11667,1653,0.106954
2,11928,4.70885,1.32556,0.038036,0.46778,1.06534,0.0932301,1,277,242,11928,1684,0.107431
2,12165,4.85096,1.32556,0.038772,0.470432,1.09841,0.0932301,1,277,242,12165,1711,0.107959
2,12367,4.99532,1.32556,0.0394418,0.473553,1.13926,0.0932301,1,277,242,12367,1744,0.108482
2,12572,5.14062,1.32556,0.040174,0.477056,1.18412,0.0932301,1,277,242,12572,1779,0.109007
2,12780,5.28824,1.32556,0.0408673,0.480208,1.22389,0.0932301,1,277,242,12780,1810,0.109553
2,13054,5.43655,1.32556,0.0415429,0.485808,1.26304,0.0932301,1,277,242,13054,1840,0.112642
2,13273,5.58386,1.32556,0.0422027,0.489204,1.30452,0.0932301,1,277,242,13273,1871,0.113576
2,13513,5.73644,1.31839,0.0429149,0.504775,1.33845,0.097913,1,283,247,13513,1895,0.120286
2,13762,5.88699,1.31839,0.0436132,0.507841,1.38101,0.097913,1,284,248,13762,1925,0.120902
2,13968,6.04301,1.31839,0.0443688,0.5114,1.42222,0.097913,1,284,248,13968,1954,0.12185
2,14159,6.19616,1.31839,0.0450186,0.515065,1.4733,0.097913,1,284,248,14159,1988,0.122415
2,14425,6.35221,1.31839,0.046105,0.5173,1.50667,0.097913,1,284,248,14425,2011,0.12273
2,14668,6.50733,1.31839,0.0469172,0.520013,1.54325,0.097913,1,284,248,14668,2036,0.123255
2,14904,6.66555,1.31839,0.0475663,0.529639,1.5854,0.097913,1,286,250,14904,2065,0.123932
2,15101,6.82447,1.31118,0.0481741,0.541667,1.62668,0.104987,1,293,254,15101,2092,0.130105
2,15330,6.9889,1.30752,0.0493236,0.552723,1.66761,0.105003,1,296,257,15330,2119,0.135685
2,15531,7.15045,1.30752,0.0500134,0.564031,1.70456,0.116488,1,302,261,15531,2143,0.150372
2,15752,7.31857,1.30752,0.0507433,0.566572,1.74451,0.116488,1,302,261,15752,2169,0.150698
2,16001,7.48484,1.30752,0.0514616,0.571411,1.78063,0.116488,1,302,261,16001,2192,0.153606
2,16229,7.65245,1.30752,0.0521864,0.574218,1.82577,0.116488,1,302,261,16229,2220,0.154025
2,16456,7.82356,1.30752,0.0528797,0.577158,1.87246,0.116488,1,302,261,16456,2249,0.154477
2,16718,7.99547,1.30752,0.0536928,0.580406,1.91291,0.116488,1,302,261,16718,2274,0.15553
2,16957,8.171,1.30752,0.0544176,0.582772,1.95156,0.116488,1,302,261,16957,2297,0.155866
2,17207,8.34438,1.30752,0.055149,0.58576,2.00072,0.116488,1,302,261,17207,2327,0.15629
2,17405,8.52033,1.30752,0.0558543,0.588897,2.05358,0.116488,1,302,261,17405,2358,0.156722
2,17594,8.7006,1.30752,0.0565841,0.592829,2.10624,0.116488,1,302,261,17594,2389,0.157689
2,17838,8.88092,1.30752,0.0573679,0.595606,2.15229,0.116488,1,302,261,17838,2415,0.158131
2,18069,9.06437,1.30412,0.0581124,0.608899,2.19235,0.116601,1,305,263,18069,2438,0.162848
2,18269,9.24702,1.30412,0.05891,0.611665,2.23439,0.116601,1,305,263,18269,2462,0.163426
2,18532,9.43328,1.30412,0.0597149,0.614722,2.2795,0.116601,1,305,263,18532,2487,0.163854
2,18770,9.62191,1.30412,0.0604949,0.617887,2.32622,0.116601,1,305,263,18770,2513,0.164606
2,18932,9.87659,1.30412,0.0611689,0.642687,2.36077,0.198803,1,330,272,18932,2532,0.237166
3,1,4.0035e-05,inf,2.6177e-05,0,0,0,1,0,0,1,2,0
3,36,0.100385,inf,0.00025907,0.033161,0.000139353,0.0167116,1,18,16,36,13,0.000388417
3,82,0.209212,inf,0.000548552,0.0767807,0.000545478,0.0167116,1,61,59,82,28,0.00146859
3,172,0.314907,inf,0.00113252,0.15313,0.0014301,0.0167116,1,100,98,172,47,0.00235552
3,200,0.429972,inf,0.00133809,0.247848,0.00222771,0.0346607,1,139,134,200,60,0.00363472
3,364,0.663465,inf,0.00245061,0.444098,0.00462481,0.0597773,1,200,188,364,88,0.00644565
3,644,0.764498,inf,0.00430762,0.51217,0.0104491,0.0597773,1,233,221,644,142,0.00848589
3,853,0.86554,1.73732,0.00555602,0.572813,0.0193558,0.0659427,1,269,252,853,200,0.0138194
3,1192,0.973866,1.64501,0.0072063,0.607075,0.0349879,0.0829788,1,288,267,1192,276,0.0166303
3,1513,1.08275,1.62643,0.00861215,0.645325,0.0531889,0.0918358,1,300,276,1513,347,0.0203105
3,1888,1.18748,1.60332,0.0103256,0.664594,0.0772592,0.094157,1,307,280,1888,424,0.0227599
3,2272,1.29333,1.60332,0.0118789,0.672352,0.103464,0.094157,1,308,281,2272,494,0.0271407
3,2527,1.40118,1.60332,0.0131211,0.685464,0.124484,0.112911,1,319,283,2527,546,0.0363403
3,2793,1.51123,1.60285,0.0143506,0.702135,0.148299,0.115086,1,325,287,2793,600,0.0392324
3,3041,1.63022,1.60285,0.0153388,0.720978,0.17353,0.130204,1,344,299,3041,651,0.0507117
3,3326,1.74424,1.60159,0.0164633,0.731404,0.198029,0.134591,1,351,303,3326,699,0.0522931
3,3589,1.85983,1.60159,0.0176639,0.735622,0.226722,0.134591,1,351,303,3589,751,0.0530911
3,3817,1.97698,1.52324,0.0186586,0.7584,0.25087,0.134602,1,356,308,3817,790,0.0587722
3,4016,2.11008,1.469,0.019345,0.790994,0.271312,0.162622,1,381,324,4016,824,0.0772022
3,4261,2.2324,1.40451,0.0202308,0.8195,0.297198,0.164942,1,392,332,4261,864,0.0830285
3,4600,2.35353,1.40451,0.0212621,0.826526,0.329806,0.164942,1,392,332,4600,913,0.0859414
3,4954,2.47745,1.40451,0.0223022,0.8323,0.358925,0.164942,1,392,332,4954,954,0.0886857
3,5214,2.60459,1.40451,0.0230925,0.843774,0.387716,0.180899,1,398,334,5214,994,0.0981667
3,5460,2.74282,1.40451,0.0238328,0.85894,0.410331,0.214576,1,409,338,5460,1024,0.115401
3,5720,2.87193,1.40384,0.0246289,0.875954,0.442455,0.214663,1,413,341,5720,1066,0.117942
3,6010,3.00086,1.3944,0.0254361,0.884758,0.471297,0.221231,1,418,343,6010,1102,0.120314
3,6327,3.1316,1.3944,0.0263242,0.888423,0.502543,0.221231,1,418,343,6327,1140,0.121201
3,6615,3.26443,1.39065,0.0271884,0.897529,0.532783,0.225582,1,422,345,6615,1176,0.123938
3,6885,3.39798,1.39065,0.0280996,0.901231,0.569208,0.225582,1,423,346,6885,1218,0.124643
3,7169,3.53272,1.39065,0.0289238,0.904942,0.606086,0.225582,1,423,346,7169,1259,0.125309
3,7494,3.66903,1.39065,0.0297988,0.908123,0.636444,0.225582,1,423,346,7494,1292,0.126048
3,7755,3.80611,1.39065,0.0306083,0.911623,0.6723,0.225582,1,423,346,7755,1330,0.126672
3,8009,3.94695,1.39065,0.0314148,0.915363,0.710728,0.225582,1,423,346,8009,1369,0.127367
3,8251,4.08474,1.39065,0.0322613,0.918379,0.740927,0.225582,1,423,346,8251,1399,0.127969
3,8499,4.22724,1.39065,0.0331263,0.921886,0.781478,0.225582,1,423,346,8499,1438,0.128512
3,8750,4.37015,1.39065,0.0339497,0.925337,0.817516,0.225582,1,423,346,8750,1472,0.129325
3,8967,4.51428,1.39065,0.0347662,0.928571,0.853205,0.225582,1,423,346,8967,1505,0.130034
3,9204,4.65971,1.39065,0.0356073,0.931401,0.886167,0.225582,1,423,346,9204,1535,0.130502
3,9433,4.80554,1.38677,0.0363291,0.941691,0.926602,0.225699,1,427,349,9433,1571,0.13413
3,9689,4.95517,1.38677,0.0371822,0.946743,0.963251,0.225699,1,427,349,9689,1602,0.136537
3,9863,5.10378,1.36114,0.0378431,0.968165,1.00428,0.225823,1,434,355,9863,1637,0.144995
3,10154,5.25512,1.36114,0.0386173,0.971446,1.0476,0.225823,1,434,355,10154,1673,0.145523
3,10352,5.40582,1.35384,0.0393506,0.986069,1.09102,0.225931,1,437,357,10352,1708,0.149423
3,10611,5.55611,1.35384,0.0401274,0.988653,1.12523,0.225931,1,437,357,10611,1735,0.149851
3,10811,5.70889,1.35384,0.0409058,0.992409,1.17089,0.225931,1,437,357,10811,1771,0.15071
3,11023,5.86443,1.35384,0.0417023,0.995141,1.20734,0.225931,1,437,357,11023,1799,0.151087
3,11257,6.01998,1.35384,0.0425045,0.998533,1.25027,0.225931,1,437,357,11257,1832,0.151723
3,11506,6.1793,1.35384,0.043306,1.00149,1.29175,0.225931,1,437,357,11506,1863,0.152197
3,11731,6.33738,1.35384,0.044067,1.00557,1.33518,0.225931,1,437,357,11731,1895,0.153597
3,11969,6.50062,1.35384,0.0448396,1.00841,1.37519,0.225931,1,437,357,11969,1924,0.154061
3,12196,6.66051,1.35384,0.0455941,1.01176,1.42177,0.225931,1,437,357,12196,1957,0.154616
3,12413,6.82478,1.35384,0.0463625,1.01521,1.469,0.225931,1,437,357,12413,1990,0.155156
3,12640,6.98873,1.35384,0.0471367,1.01764,1.5071,0.225931,1,437,357,12640,2016,0.155471
3,12804,7.15192,1.34677,0.0479928,1.0358,1.54368,0.22602,1,442,361,12804,2039,0.159317
3,12972,7.32067,1.34677,0.0486249,1.05398,1.58289,0.237678,1,452,367,12972,2066,0.168363
3,13168,7.48867,1.34677,0.0493563,1.05991,1.63184,0.237678,1,454,369,13168,2099,0.168905
3,13379,7.66198,1.34677,0.0501147,1.06277,1.67384,0.237678,1,454,369,13379,2127,0.169485
3,13573,7.832,1.34677,0.0508576,1.06568,1.71476,0.237678,1,454,369,13573,2154,0.1701
3,13825,8.00505,1.34677,0.0516106,1.06869,1.7557,0.237678,1,454,369,13825,2180,0.170964
3,14002,8.17976,1.34677,0.0522165,1.07961,1.79959,0.252219,1,460,371,14002,2208,0.185852
3,14242,8.35673,1.34677,0.0529664,1.08245,1.84378,0.252219,1,460,371,14242,2236,0.186421
3,14490,8.53507,1.34677,0.0537317,1.08557,1.87929,0.252219,1,460,371,14490,2258,0.187616
3,14724,8.71409,1.34677,0.0544496,1.09059,1.92503,0.252219,1,461,372,14724,2286,0.190348
3,14932,8.8949,1.34488,0.0551987,1.10005,1.96663,0.2545,1,465,374,14932,2311,0.193768
3,15144,9.08078,1.34488,0.0559983,1.10347,2.02375,0.2545,1,465,374,15144,2345,0.194248
3,15343,9.26386,1.34488,0.0567201,1.10636,2.06963,0.2545,1,465,374,15343,2372,0.194815
3,15562,9.44911,1.34488,0.0574453,1.1094,2.12086,0.2545,1,465,374,15562,2402,0.195322
3,15792,9.63748,1.34488,0.058221,1.11191,2.16074,0.2545,1,465,374,15792,2425,0.195786
3,16018,9.82412,1.34488,0.0590225,1.11529,2.20447,0.2545,1,465,374,16018,2450,0.19642
4,1,0.00012049,inf,2.8486e-05,6.8521e-05,9.239e-06,0,1,0,0,1,3,1.1549e-05
4,126,0.113452,inf,0.000795304,0.0618715,0.000558563,0,1,33,33,126,30,0.000748353
4,365,0.224052,inf,0.00235243,0.0684099,0.00252182,0,1,59,59,365,68,0.00748579
4,393,0.424964,1.86818,0.00256608,0.187294,0.0032001,0.0286524,1,103,99,393,77,0.0135538
4,651,0.530041,1.86818,0.00408356,0.24622,0.0102409,0.0475663,1,167,157,651,141,0.019034
4,1313,0.632175,1.38567,0.0059444,0.275461,0.0261186,0.0646004,1,181,165,1313,238,0.0214838
4,2110,0.734906,1.38567,0.00811362,0.284156,0.0529417,0.0646004,1,181,165,2110,349,0.0231491
4,2671,0.839914,1.38567,0.0097847,0.29196,0.0822562,0.0646004,1,181,165,2671,439,0.0255354
4,3165,0.973918,1.38567,0.0112036,0.304779,0.108771,0.0898078,1,190,167,3165,505,0.0309405
4,3661,1.07974,1.38567,0.0127161,0.311466,0.132657,0.0898078,1,190,167,3661,562,0.0321597
4,4101,1.18668,1.38567,0.013946,0.316758,0.162309,0.0898078,1,191,168,4101,626,0.0332991
4,4519,1.29343,1.38567,0.0151321,0.321138,0.191246,0.0898078,1,191,168,4519,683,0.034009
4,4878,1.40105,1.38567,0.0162361,0.327323,0.220598,0.0898078,1,192,169,4878,735,0.0372095
4,5267,1.51039,1.38567,0.0173402,0.331181,0.247657,0.0898078,1,192,169,5267,782,0.0379032
4,5582,1.6195,1.38384,0.0182167,0.341236,0.269274,0.0981374,1,197,171,5582,818,0.039831
4,5932,1.73053,1.38384,0.0192014,0.346719,0.296136,0.0981374,1,197,171,5932,861,0.0424125
4,6254,1.84121,1.38384,0.020116,0.350182,0.325244,0.0981374,1,197,171,6254,905,0.0429453
4,6560,1.95247,1.36951,0.0209499,0.358984,0.353142,0.0982167,1,200,173,6560,946,0.0447861
4,6781,2.06602,1.36951,0.0216347,0.36827,0.374468,0.117476,1,210,177,6781,976,0.050582
4,7100,2.17834,1.36951,0.0224296,0.373046,0.405047,0.117476,1,211,178,7100,1017,0.0530576
4,7372,2.29184,1.36951,0.0231472,0.382058,0.438073,0.117476,1,211,178,7372,1060,0.0561488
4,7678,2.40615,1.36951,0.0239159,0.385558,0.468763,0.117476,1,211,178,7678,1099,0.0568883
4,7909,2.52156,1.36951,0.0246423,0.389217,0.503285,0.117476,1,211,178,7909,1141,0.057555
4,8143,2.6518,1.3625,0.0253222,0.40347,0.541265,0.123373,1,218,182,8143,1185,0.060297
4,8385,2.76616,1.3625,0.0260078,0.407836,0.572159,0.123373,1,218,182,8385,1220,0.0620778
4,8626,2.88294,1.3625,0.0267065,0.411713,0.60281,0.123373,1,218,182,8626,1254,0.0635268
4,8864,3.00202,1.3625,0.0273967,0.414993,0.638878,0.123373,1,218,182,8864,1293,0.0640353
4,9097,3.12294,1.3625,0.0281081,0.418355,0.671284,0.123373,1,218,182,9097,1327,0.0647363
4,9380,3.24382,1.3625,0.0288599,0.420725,0.695259,0.123373,1,218,182,9380,1352,0.0652267
4,9617,3.36488,1.3625,0.0295732,0.424166,0.726243,0.123373,1,218,182,9617,1383,0.0661991
4,9845,3.48817,1.3625,0.0302746,0.427835,0.757619,0.123373,1,218,182,9845,1414,0.0672808
4,10102,3.61077,1.3625,0.0309948,0.430682,0.786757,0.123373,1,218,182,10102,1442,0.0679268
4,10325,3.73693,1.3625,0.0317486,0.433449,0.816243,0.123373,1,218,182,10325,1470,0.0684684
4,10565,3.86067,1.3625,0.0324234,0.436291,0.849218,0.123373,1,218,182,10565,1501,0.0689065
4,10797,3.98864,1.3625,0.0330836,0.439288,0.880907,0.123373,1,218,182,10797,1530,0.0695917
4,11044,4.11446,1.3625,0.0337307,0.4418,0.912113,0.123373,1,218,182,11044,1558,0.0700232
4,11282,4.24148,1.3625,0.0343862,0.445277,0.947596,0.123373,1,218,182,11282,1589,0.0710599
4,11480,4.37093,1.3625,0.0351257,0.448316,0.983774,0.123373,1,218,182,11480,1620,0.0716408
4,11690,4.50171,1.3625,0.0357936,0.450815,1.01629,0.123373,1,218,182,11690,1647,0.0720119
4,11899,4.63456,1.3625,0.0364011,0.45442,1.06042,0.123373,1,218,182,11899,1684,0.0726856
4,12123,4.76669,1.3625,0.0371313,0.457076,1.09306,0.123373,1,218,182,12123,1711,0.0731606
4,12343,4.9003,1.3625,0.037862,0.459399,1.12011,0.123373,1,218,182,12343,1733,0.0735798
4,12561,5.03448,1.3625,0.0387416,0.462676,1.16139,0.123373,1,218,182,12561,1766,0.0741653
4,12766,5.1734,1.3625,0.0393891,0.466205,1.20079,0.123373,1,218,182,12766,1796,0.0751458
4,12975,5.30698,1.3625,0.0400208,0.469097,1.23688,0.123373,1,218,182,12975,1824,0.0757159
4,13182,5.44576,1.35409,0.0406671,0.47788,1.2724,0.123471,1,221,184,13182,1851,0.0781869
4,13379,5.58482,1.35409,0.0413362,0.480587,1.31001,0.123471,1,221,184,13379,1879,0.07862
4,13572,5.72444,1.35409,0.0420776,0.483381,1.34744,0.123471,1,221,184,13572,1906,0.0791805
4,13765,5.8656,1.35409,0.0427836,0.486049,1.38406,0.123471,1,221,184,13765,1932,0.079659
4,13950,6.00712,1.35409,0.0435662,0.488545,1.41389,0.123471,1,221,184,13950,1953,0.0803919
4,14146,6.1519,1.35409,0.0442537,0.492151,1.45726,0.123471,1,221,184,14146,1983,0.08125
4,14311,6.29567,1.35409,0.0448473,0.495509,1.50563,0.123471,1,221,184,14311,2016,0.0817523
4,14495,6.44212,1.35409,0.0456237,0.498182,1.53968,0.123471,1,221,184,14495,2039,0.0823952
4,14662,6.58731,1.35409,0.0461919,0.508792,1.57859,0.123471,1,221,184,14662,2065,0.0845117
4,14836,6.73512,1.35409,0.0468691,0.510833,1.60684,0.123471,1,221,184,14836,2084,0.0850337
4,14999,6.88684,1.35409,0.0474696,0.514284,1.64954,0.123471,1,221,184,14999,2112,0.0859868
4,15201,7.0364,1.35409,0.0481313,0.516595,1.6834,0.123471,1,221,184,15201,2134,0.0864518
4,15385,7.19036,1.35409,0.0488204,0.519108,1.72235,0.123471,1,221,184,15385,2159,0.0868633
4,15561,7.34308,1.35409,0.0494725,0.521271,1.75195,0.123471,1,221,184,15561,2178,0.0874412
4,15728,7.49527,1.35409,0.0500915,0.523887,1.78817,0.123471,1,221,184,15728,2201,0.0881245
4,15899,7.64781,1.35409,0.0508052,0.526944,1.83994,0.123471,1,221,184,15899,2234,0.0885826
4,16078,7.80904,1.35409,0.0514612,0.530161,1.88485,0.123471,1,221,184,16078,2262,0.0894452
4,16253,7.96265,1.3278,0.0520324,0.540852,1.92436,0.123569,1,224,186,16253,2286,0.0940096
4,16462,8.12075,1.3278,0.0526865,0.543305,1.96426,0.123569,1,224,186,16462,2310,0.0944735
4,16637,8.27918,1.3278,0.0533132,0.545949,2.0062,0.123569,1,224,186,16637,2335,0.0948665
4,16831,8.43887,1.3278,0.0539726,0.548186,2.04089,0.123569,1,224,186,16831,2356,0.0952545
4,17021,8.59934,1.3278,0.0546347,0.55083,2.0759,0.123569,1,224,186,17021,2377,0.0960907
4,17196,8.76215,1.31178,0.0555417,0.564753,2.11017,0.123669,1,229,190,17196,2397,0.10124
4,17420,8.92581,1.31178,0.0561884,0.567226,2.15124,0.123669,1,229,190,17420,2421,0.101639
4,17621,9.09053,1.31178,0.0568082,0.570263,2.19765,0.123669,1,229,190,17621,2448,0.102461
4,17846,9.25593,1.31178,0.0574195,0.575816,2.23653,0.123669,1,231,192,17846,2470,0.105438
4,18032,9.42224,1.31178,0.0580654,0.577788,2.26816,0.123669,1,231,192,18032,2488,0.105831
4,18201,9.5891,1.31178,0.0587345,0.580482,2.31664,0.123669,1,231,192,18201,2515,0.106217
4,18358,9.75833,1.31178,0.0593454,0.583665,2.36729,0.123669,1,231,192,18358,2543,0.106933
4,18544,9.92933,1.31178,0.0599536,0.586266,2.41555,0.123669,1,231,192,18544,2569,0.107326
5,1,4.1959e-05,inf,2.6946e-05,0,0,0,1,0,0,1,2,0
5,85,0.102241,inf,0.000549709,0.0674779,0.000308731,0,1,30,30,85,20,0.000537004
5,413,0.222459,inf,0.00269235,0.130813,0.00478688,0.0240753,1,69,61,413,93,0.00659269
5,474,0.339876,1.82035,0.00300877,0.219036,0.0062393,0.0389129,1,126,111,474,108,0.0111544
5,683,0.444071,1.61982,0.00384527,0.285586,0.0122188,0.0496319,1,163,142,683,157,0.0178768
5,1116,0.545784,1.42968,0.00531464,0.33228,0.0258842,0.0583634,1,184,159,1116,238,0.0220174
5,1698,0.648776,1.38967,0.00711237,0.353611,0.0525298,0.0585555,1,190,163,1698,348,0.0259173
5,2265,0.753563,1.38967,0.00884234,0.360389,0.082588,0.0585555,1,190,163,2265,439,0.0272465
5,2756,0.859468,1.38967,0.0103152,0.367534,0.110221,0.0585555,1,190,163,2756,513,0.028339
5,3170,0.966819,1.38508,0.0114643,0.386729,0.133379,0.0586452,1,208,180,3170,568,0.0320654
5,3583,1.07484,1.38508,0.0126834,0.395169,0.160075,0.0586452,1,220,192,3583,626,0.0345283
5,3878,1.18714,1.3826,0.0134656,0.418717,0.179904,0.0789976,1,234,200,3878,666,0.0447426
5,4305,1.29805,1.3826,0.0146166,0.423119,0.206727,0.0789976,1,234,200,4305,717,0.0457466
5,4644,1.41113,1.3826,0.0155532,0.434376,0.231725,0.0874747,1,240,202,4644,761,0.0511328
5,4990,1.52391,1.3826,0.0165441,0.439701,0.264124,0.0874747,1,240,202,4990,816,0.052874
5,5318,1.63874,1.3826,0.0174811,0.44606,0.296254,0.0874747,1,250,212,5318,867,0.0537305
5,5671,1.75409,1.3826,0.0184631,0.449564,0.324103,0.0874747,1,250,212,5671,909,0.0543992
5,6000,1.87069,1.3826,0.0193962,0.45402,0.352455,0.0874747,1,250,212,6000,950,0.0560325
5,6287,1.98839,1.3826,0.0202947,0.459676,0.382421,0.0874747,1,251,213,6287,992,0.0588919
5,6547,2.10823,1.3826,0.0210981,0.46782,0.417475,0.0874747,1,253,215,6547,1038,0.0596334
5,6860,2.22907,1.3826,0.0219581,0.471404,0.445318,0.0874747,1,253,215,6860,1074,0.0606797
5,7176,2.35006,1.3826,0.0227772,0.475011,0.479195,0.0874747,1,253,215,7176,1116,0.0613549
5,7469,2.47256,1.3826,0.0235856,0.478128,0.509956,0.0874747,1,253,215,7469,1152,0.0618911
5,7666,2.59645,1.3826,0.0242004,0.489629,0.539983,0.102949,1,260,218,7666,1187,0.0712266
5,7902,2.72139,1.3826,0.0250219,0.493297,0.576626,0.102949,1,260,218,7902,1228,0.0718864
5,8132,2.84758,1.36797,0.0257152,0.51053,0.60926,0.103089,1,268,224,8132,1264,0.0765043
5,8389,2.9772,1.36797,0.0264924,0.51663,0.638055,0.103089,1,269,225,8389,1295,0.081372
5,8672,3.10759,1.36797,0.0272727,0.51924,0.667928,0.103089,1,269,225,8672,1326,0.0818551
5,8971,3.23815,1.36797,0.0280746,0.522221,0.69506,0.103089,1,269,225,8971,1354,0.0824887
5,9226,3.37034,1.36797,0.0288545,0.525391,0.727786,0.103089,1,269,225,9226,1387,0.0831566
5,9489,3.52468,1.3548,0.0296113,0.545201,0.762087,0.107443,1,275,229,9489,1421,0.0889371
5,9736,3.65924,1.3548,0.030355,0.548604,0.799765,0.107443,1,275,229,9736,1457,0.0896477
5,9948,3.79493,1.3548,0.0309144,0.559526,0.829128,0.12985,1,284,231,9948,1485,0.101387
5,10147,3.9338,1.3548,0.0316177,0.563133,0.872785,0.12985,1,284,231,10147,1525,0.102041
5,10391,4.07398,1.3548,0.0323741,0.565719,0.904968,0.12985,1,284,231,10391,1554,0.10246
5,10640,4.21338,1.3548,0.0330867,0.568762,0.93994,0.12985,1,284,231,10640,1585,0.10318
5,10940,4.35533,1.3548,0.0338081,0.571592,0.975264,0.12985,1,284,231,10940,1616,0.103662
5,11166,4.49864,1.3548,0.034531,0.577903,1.01725,0.12985,1,284,231,11166,1652,0.107188
5,11382,4.64516,1.3548,0.0352616,0.582134,1.05227,0.12985,1,284,231,11382,1681,0.109227
5,11546,4.80405,1.3347,0.035851,0.59711,1.08029,0.16078,1,309,241,11546,1704,0.120281
5,11776,4.95149,1.3347,0.036594,0.599895,1.11381,0.16078,1,309,241,11776,1731,0.120833
5,12069,5.10204,1.3347,0.0373104,0.602497,1.15125,0.16078,1,309,241,12069,1761,0.121252
5,12295,5.25443,1.3347,0.0380021,0.606042,1.19945,0.16078,1,309,241,12295,1799,0.121829
5,12529,5.41015,1.31451,0.0386589,0.626672,1.23414,0.161265,1,314,245,12529,1826,0.130872
5,12760,5.56382,1.31451,0.0393187,0.630072,1.2834,0.161265,1,314,245,12760,1863,0.131377
5,12981,5.71749,1.31451,0.0399854,0.63534,1.32368,0.161265,1,315,246,12981,1892,0.135588
5,13239,5.87478,1.31451,0.0407164,0.637731,1.35789,0.161265,1,315,246,13239,1917,0.135962
5,13494,6.03253,1.31451,0.0414182,0.642367,1.39512,0.161265,1,315,246,13494,1944,0.138469
5,13752,6.18895,1.31451,0.0420799,0.645777,1.44088,0.161265,1,315,246,13752,1977,0.139267
5,14017,6.34961,1.31451,0.0427786,0.648756,1.48186,0.161265,1,315,246,14017,2006,0.139889
5,14240,6.51064,1.31451,0.04344,0.654166,1.52982,0.161265,1,315,246,14240,2039,0.142672
5,14416,6.67437,1.31451,0.0439585,0.667653,1.56237,0.186578,1,326,248,14416,2061,0.163748
5,14650,6.83877,1.31451,0.0446033,0.670867,1.61121,0.186578,1,326,248,14650,2094,0.164272
5,14881,7.00825,1.31451,0.0452365,0.674307,1.65862,0.186578,1,327,249,14881,2126,0.165227
5,15094,7.17331,1.31451,0.0458247,0.677319,1.70935,0.186578,1,327,249,15094,2159,0.16571
5,15302,7.34145,1.31451,0.046416,0.681142,1.76444,0.186578,1,327,249,15302,2195,0.166709
5,15497,7.51215,1.31451,0.047042,0.684178,1.81147,0.186578,1,327,249,15497,2225,0.167138
5,15727,7.6842,1.31451,0.0476602,0.692344,1.85452,0.186578,1,334,256,15727,2252,0.168715
5,16002,7.86177,1.31451,0.0483758,0.694644,1.89293,0.186578,1,334,256,16002,2276,0.169076
5,16210,8.03364,1.31451,0.0490041,0.697582,1.93651,0.186578,1,334,256,16210,2303,0.169466
5,16481,8.2105,1.31451,0.0496458,0.70058,1.97708,0.186578,1,334,256,16481,2328,0.170336
5,16703,8.38905,1.31451,0.0503064,0.703201,2.0193,0.186578,1,334,256,16703,2354,0.170778
5,16905,8.57105,1.31451,0.0509669,0.706303,2.06616,0.186578,1,334,256,16905,2382,0.171464
5,17144,8.74992,1.31451,0.0516202,0.708983,2.11325,0.186578,1,334,256,17144,2410,0.171849
5,17399,8.93451,1.31451,0.052265,0.711665,2.15926,0.186578,1,334,256,17399,2437,0.17232
5,17617,9.11815,1.31451,0.0529121,0.718145,2.1988,0.186578,1,340,262,17617,2460,0.172835
5,17858,9.30423,1.31451,0.0535939,0.720555,2.23669,0.186578,1,341,263,17858,2482,0.173357
5,18097,9.49135,1.29959,0.0542156,0.731341,2.28921,0.189435,1,348,266,18097,2512,0.1774
5,18352,9.68319,1.29959,0.054885,0.734276,2.34394,0.189435,1,348,266,18352,2543,0.17785
5,18598,9.87232,1.29959,0.0555556,0.736649,2.38676,0.189435,1,348,266,18598,2567,0.178276
6,1,4.0035e-05,inf,2.5792e-05,0,0,0,1,0,0,1,2,0
6,70,0.141313,inf,0.000469646,0.0792147,0.000409203,0.0438769,1,50,46,70,24,0.000583972
6,104,0.230506,inf,0.000702542,0.0849447,0.000955068,0.0438769,1,72,68,104,38,0.00250449
6,195,0.348447,1.99785,0.00127612,0.117384,0.00245946,0.0652783,1,125,118,195,65,0.00694492
6,294,0.453235,1.76242,0.00172998,0.19818,0.00422408,0.0829518,1,179,168,294,88,0.00870839
6,606,0.554857,1.5095,0.00288137,0.256473,0.010515,0.102343,1,210,192,606,146,0.011833
6,1266,0.658349,1.46073,0.00497589,0.287067,0.030631,0.106732,1,230,208,1266,263,0.0163493
6,1833,0.763015,1.41951,0.00655727,0.306559,0.0514258,0.119747,1,240,215,1833,347,0.0189327
6,2538,0.869109,1.41951,0.00837387,0.312562,0.0752293,0.119747,1,243,218,2538,424,0.0202716
6,2999,0.976349,1.41951,0.009849,0.319462,0.10347,0.119747,1,244,219,2999,502,0.0223342
6,3424,1.08511,1.41951,0.0111663,0.327493,0.133815,0.119747,1,245,220,3424,575,0.0243313
6,3819,1.19479,1.41951,0.0122515,0.34032,0.154851,0.12885,1,252,222,3819,621,0.0279033
6,4242,1.30504,1.41951,0.0133998,0.34511,0.183368,0.12885,1,252,222,4242,679,0.0289912
6,4575,1.41645,1.41951,0.0143745,0.35328,0.205463,0.141577,1,260,224,4575,721,0.037027
6,4943,1.52888,1.41951,0.015432,0.357581,0.234882,0.141577,1,260,224,4943,773,0.0380044
6,5240,1.64693,1.40309,0.0164309,0.37081,0.261995,0.141687,1,264,227,5240,818,0.040557
6,5552,1.76121,1.40309,0.0175022,0.376172,0.293058,0.141687,1,264,227,5552,867,0.0423609
6,5842,1.8932,1.3533,0.0184315,0.387336,0.320046,0.160138,1,279,237,5842,907,0.044477
6,6192,2.00868,1.3533,0.019387,0.391631,0.350665,0.160138,1,279,237,6192,951,0.0456684
6,6457,2.12559,1.31884,0.0202242,0.403727,0.382605,0.160248,1,282,239,6457,995,0.0484343
6,6714,2.24453,1.31816,0.0210253,0.419359,0.413539,0.160371,1,286,242,6714,1035,0.0526988
6,6993,2.3641,1.31008,0.021893,0.428408,0.444041,0.160488,1,289,244,6993,1073,0.0550667
6,7279,2.48296,1.31008,0.0227772,0.431659,0.471219,0.160488,1,289,244,7279,1107,0.0557692
6,7561,2.60718,1.28961,0.0235567,0.443919,0.506691,0.160616,1,292,246,7561,1150,0.0588092
6,7885,2.73168,1.28961,0.0244406,0.446749,0.535059,0.160616,1,292,246,7885,1183,0.0592334
6,8173,2.85553,1.28961,0.025222,0.455009,0.561944,0.165086,1,296,248,8173,1213,0.0665279
6,8486,2.98211,1.28961,0.0260797,0.457899,0.591745,0.165086,1,296,248,8486,1246,0.0669917
6,8808,3.10793,1.28961,0.026865,0.461087,0.6259,0.165086,1,296,248,8808,1283,0.0674306
6,9033,3.23575,1.28961,0.0276076,0.465536,0.670004,0.165086,1,296,248,9033,1329,0.0683491
6,9295,3.36521,1.28856,0.028359,0.474532,0.702182,0.166257,1,300,250,9295,1361,0.0709263
6,9575,3.49619,1.28856,0.0291644,0.479629,0.734098,0.166257,1,302,252,9575,1393,0.0725004
6,9854,3.62849,1.28856,0.0299666,0.48259,0.765884,0.166257,1,302,252,9854,1424,0.0730628
6,10112,3.7628,1.28856,0.0307627,0.485533,0.799247,0.166257,1,302,252,10112,1456,0.073529
6,10384,3.8976,1.28856,0.0314941,0.488787,0.837765,0.166257,1,302,252,10384,1492,0.0740922
6,10674,4.03433,1.2829,0.0326239,0.496485,0.870505,0.168577,1,306,254,10674,1522,0.0765743
6,10927,4.17178,1.2829,0.033375,0.499187,0.902587,0.168577,1,306,254,10927,1551,0.0771333
6,11225,4.31061,1.2829,0.034131,0.502216,0.935441,0.168577,1,306,254,11225,1580,0.0779367
6,11467,4.44658,1.2829,0.0348205,0.508974,0.96904,0.168577,1,308,256,11467,1609,0.0782962
6,11751,4.58735,1.2829,0.035533,0.511864,1.00475,0.168577,1,308,256,11751,1640,0.0787797
6,11993,4.72866,1.2829,0.0362606,0.51455,1.04082,0.168577,1,308,256,11993,1670,0.0792082
6,12231,4.87243,1.28106,0.0369073,0.523905,1.08167,0.168715,1,311,258,12231,1704,0.0819883
6,12526,5.01536,1.28106,0.0376094,0.527247,1.11517,0.168715,1,311,258,12526,1731,0.0832409
6,12736,5.1601,1.28106,0.0382666,0.530657,1.15872,0.168715,1,311,258,12736,1766,0.0839358
6,13035,5.30483,1.28106,0.0389679,0.532732,1.18911,0.168715,1,311,258,13035,1789,0.0842145
6,13250,5.45596,1.28106,0.0396505,0.536023,1.23017,0.168715,1,311,258,13250,1821,0.0849105
6,13489,5.60173,1.28106,0.0403022,0.538617,1.26959,0.168715,1,312,259,13489,1851,0.0852581
6,13762,5.75156,1.28106,0.0409393,0.541605,1.31344,0.168715,1,312,259,13762,1884,0.0856985
6,13973,5.9024,1.28106,0.0415525,0.544794,1.35989,0.168715,1,312,259,13973,1918,0.0862574
6,14240,6.05787,1.28106,0.0422019,0.550799,1.39881,0.168715,1,313,260,14240,1946,0.0914747
6,14432,6.21211,1.28106,0.0427154,0.559364,1.43799,0.18903,1,320,262,14432,1974,0.106603
6,14654,6.36318,1.28106,0.0433445,0.562135,1.48203,0.18903,1,320,262,14654,2005,0.107012
6,14876,6.5189,1.28106,0.0439827,0.570186,1.5206,0.18903,1,320,262,14876,2032,0.112892
6,15143,6.67301,1.28106,0.0446206,0.578088,1.55251,0.18903,1,320,262,15143,2054,0.113151
6,15409,6.83087,1.28106,0.0452423,0.580598,1.59442,0.18903,1,320,262,15409,2083,0.113473
6,15677,6.99272,1.28106,0.0458894,0.583411,1.63684,0.18903,1,320,262,15677,2112,0.114042
6,16008,7.14915,1.28106,0.0464922,0.586827,1.67285,0.18903,1,323,265,16008,2136,0.114603
6,16244,7.30946,1.28106,0.0471624,0.588887,1.70447,0.18903,1,323,265,16244,2157,0.114941
6,16477,7.47168,1.28106,0.0477629,0.592004,1.74867,0.18903,1,323,265,16477,2186,0.115744
6,16750,7.6354,1.28106,0.0484004,0.594671,1.78704,0.18903,1,323,265,16750,2211,0.116407
6,16982,7.79995,1.28106,0.0490367,0.597498,1.83303,0.18903,1,323,265,16982,2240,0.116821
6,17235,7.96948,1.28106,0.049655,0.605947,1.87712,0.18903,1,323,265,17235,2268,0.122986
6,17479,8.13668,1.28106,0.0503217,0.608038,1.9104,0.18903,1,323,265,17479,2289,0.123326
6,17689,8.30667,1.28106,0.05094,0.611046,1.95963,0.18903,1,323,265,17689,2319,0.123863
6,17928,8.47557,1.28106,0.0515513,0.613648,2.0044,0.18903,1,323,265,17928,2346,0.124245
6,18178,8.64955,1.28106,0.0521783,0.616251,2.05123,0.18903,1,323,265,18178,2374,0.12466
6,18356,8.82389,1.28106,0.0526599,0.633252,2.07985,0.216851,1,335,268,18356,2391,0.148812
6,18568,8.99642,1.28106,0.0532705,0.636409,2.12933,0.216851,1,335,268,18568,2420,0.149601
6,18788,9.17249,1.28106,0.0539276,0.638941,2.16838,0.216851,1,335,268,18788,2443,0.150076
6,18993,9.34961,1.28106,0.054547,0.64235,2.21608,0.216851,1,335,268,18993,2471,0.150641
6,19236,9.52674,1.28047,0.0551506,0.650911,2.25803,0.218098,1,339,270,19236,2495,0.154396
6,19491,9.71077,1.28047,0.0558185,0.653488,2.30231,0.218098,1,339,270,19491,2520,0.154836
6,19693,9.8921,1.28047,0.0564478,0.656557,2.3575,0.218098,1,339,270,19693,2551,0.155297
7,1,4.3884e-05,inf,2.8101e-05,0,0,0,1,0,0,1,2,0
7,72,0.102182,inf,0.000500436,0.083701,0.000452706,0,1,34,34,72,26,0.000353386
7,301,0.20553,inf,0.00194747,0.15083,0.00218461,0.0179707,1,67,63,301,63,0.00248333
7,322,0.309435,inf,0.00209222,0.219262,0.00258804,0.0355184,1,91,82,322,68,0.00479227
7,559,0.412386,2.05007,0.00371902,0.302094,0.00674052,0.0356116,1,156,145,559,115,0.00702114
7,736,0.54229,1.68646,0.00452242,0.407237,0.0124521,0.0422805,1,195,178,736,161,0.0124674
7,1146,0.64375,1.68646,0.00616077,0.430963,0.0274606,0.0667165,1,226,201,1146,245,0.017518
7,1566,0.746832,1.68646,0.00797428,0.448591,0.0488224,0.0754437,1,235,205,1566,334,0.0236037
7,1929,0.856141,1.68646,0.00960801,0.461278,0.0788783,0.0754437,1,240,210,1929,430,0.0268716
7,2166,0.958042,1.68646,0.0106551,0.468116,0.0940839,0.10601,1,249,212,2166,472,0.0321316
7,2479,1.06548,1.68646,0.0120005,0.475313,0.12386,0.10601,1,249,212,2479,546,0.0333149
7,2692,1.18437,1.6303,0.0129533,0.508741,0.144019,0.117199,1,273,230,2692,591,0.0385179
7,2908,1.29541,1.62714,0.0138633,0.529138,0.171221,0.124731,1,281,234,2908,647,0.0441609
7,3203,1.40614,1.62714,0.0149897,0.534568,0.200239,0.124731,1,281,234,3203,703,0.0458582
7,3393,1.5214,1.59536,0.0157611,0.566776,0.2247,0.130631,1,295,244,3393,746,0.0518465
7,3649,1.63616,1.48768,0.0166161,0.591432,0.249298,0.131781,1,308,255,3649,788,0.0567323
7,3876,1.75384,1.44626,0.0174079,0.610336,0.272681,0.147188,1,319,261,3876,826,0.0612875
7,4208,1.87189,1.44626,0.0183976,0.614573,0.3039,0.147188,1,319,261,4208,875,0.0620458
7,4488,1.99158,1.44626,0.0193785,0.620009,0.335971,0.147188,1,319,261,4488,922,0.0641927
7,4789,2.11338,1.44626,0.0203513,0.624723,0.36602,0.147188,1,319,261,4789,965,0.0654242
7,5079,2.23478,1.44626,0.0212451,0.629097,0.399457,0.147188,1,319,261,5079,1010,0.0666145
7,5360,2.35866,1.44626,0.0221063,0.636873,0.431655,0.147188,1,319,261,5360,1052,0.0682451
7,5600,2.48387,1.44626,0.0229455,0.641176,0.470011,0.147188,1,319,261,5600,1100,0.0690404
7,5815,2.61495,1.44537,0.0237315,0.653226,0.506262,0.147335,1,322,263,5815,1143,0.0740379
7,6108,2.74174,1.44537,0.0245842,0.656224,0.536126,0.147335,1,322,263,6108,1178,0.0745776
7,6354,2.86973,1.44537,0.0253657,0.659944,0.572142,0.147335,1,322,263,6354,1219,0.0754087
7,6587,2.99986,1.43658,0.0261279,0.671025,0.601672,0.147447,1,325,265,6587,1252,0.0780067
7,6760,3.1311,1.4345,0.0267423,0.691445,0.630294,0.16038,1,338,271,6760,1283,0.0916918
7,7005,3.26178,1.4345,0.0275195,0.6946,0.665039,0.16038,1,339,272,7005,1320,0.0923023
7,7210,3.3967,1.4345,0.0282775,0.700236,0.700926,0.16038,1,341,274,7210,1357,0.0930957
7,7418,3.53011,1.4345,0.0290108,0.706149,0.73699,0.16038,1,345,278,7418,1393,0.0952264
7,7671,3.66648,1.4345,0.0297769,0.712106,0.769755,0.16038,1,345,278,7671,1425,0.0987541
7,7921,3.80317,1.4345,0.0305429,0.714946,0.800866,0.16038,1,345,278,7921,1455,0.0993462
7,8136,3.94216,1.4345,0.0312231,0.722876,0.839859,0.16038,1,346,279,8136,1492,0.106315
7,8339,4.08411,1.4345,0.0319672,0.725847,0.875799,0.16038,1,346,279,8339,1525,0.106704
7,8589,4.22245,1.4345,0.0326933,0.729082,0.9116,0.16038,1,346,279,8589,1557,0.107435
7,8815,4.36572,1.4345,0.0333677,0.733228,0.957423,0.16038,1,347,280,8815,1597,0.108297
7,9031,4.50925,1.4345,0.0340602,0.737093,0.999549,0.16038,1,347,280,9031,1633,0.10935
7,9240,4.65474,1.43097,0.0347335,0.746755,1.03793,0.161602,1,351,282,9240,1665,0.112717
7,9478,4.8008,1.43097,0.0354884,0.748899,1.06728,0.161602,1,351,282,9478,1689,0.113043
7,9706,4.94657,1.43097,0.0361551,0.753134,1.10758,0.161602,1,351,282,9706,1722,0.114807
7,9902,5.09872,1.42761,0.036773,0.771209,1.14065,0.167947,1,361,289,9902,1748,0.128099
7,10051,5.25212,1.421,0.0374713,0.781012,1.18234,0.170224,1,365,291,10051,1780,0.13148
7,10229,5.40193,1.421,0.0381465,0.783748,1.22499,0.170224,1,365,291,10229,1813,0.131793
7,10473,5.55496,1.421,0.0388879,0.786621,1.26155,0.170224,1,365,291,10473,1841,0.132379
7,10676,5.70805,1.41522,0.0395219,0.806018,1.29398,0.170381,1,370,295,10676,1865,0.137794
7,10890,5.86161,1.41522,0.0402191,0.808664,1.32996,0.170381,1,370,295,10890,1892,0.138276
7,11109,6.01794,1.41522,0.0408993,0.811777,1.37356,0.170381,1,370,295,11109,1924,0.13895
7,11321,6.17109,1.41522,0.0415656,0.81424,1.41295,0.170381,1,370,295,11321,1952,0.139291
7,11519,6.32886,1.41522,0.0422678,0.816788,1.45066,0.170381,1,370,295,11519,1979,0.139683
7,11682,6.48697,1.41522,0.0429064,0.82413,1.4963,0.170381,1,370,295,11682,2011,0.144398
7,11881,6.64844,1.41522,0.0436059,0.827377,1.53519,0.170381,1,373,298,11881,2038,0.145367
7,12030,6.80819,1.41522,0.0442199,0.836846,1.5815,0.170381,1,373,298,12030,2070,0.145914
7,12212,6.97031,1.41522,0.044847,0.840207,1.62551,0.170381,1,374,299,12212,2100,0.147005
7,12387,7.12856,1.41522,0.0454298,0.843822,1.67652,0.170381,1,374,299,12387,2134,0.147885
7,12568,7.29126,1.41522,0.0460777,0.846946,1.71779,0.170381,1,374,299,12568,2161,0.148707
7,12744,7.4552,1.40213,0.0466828,0.864335,1.75511,0.171637,1,380,303,12744,2185,0.158061
7,12933,7.6194,1.40213,0.0473199,0.867039,1.79557,0.171637,1,381,304,12933,2211,0.158718
7,13106,7.78911,1.40213,0.0481245,0.877117,1.84123,0.171637,1,385,308,13106,2240,0.162096
7,13289,7.95372,1.40213,0.0487531,0.881292,1.88729,0.171637,1,385,308,13289,2269,0.163639
7,13458,8.12179,1.40213,0.0495107,0.888166,1.93719,0.171637,1,392,315,13458,2300,0.169278
7,13585,8.29223,1.40213,0.0499615,0.908361,1.97483,0.195524,1,408,323,13585,2323,0.187128
7,13710,8.46571,1.40213,0.0504623,0.921211,2.01435,0.223366,1,416,325,13710,2347,0.210539
7,13887,8.64317,1.39809,0.051069,0.932559,2.0595,0.225651,1,420,327,13887,2374,0.217248
7,14073,8.81507,1.39809,0.0517692,0.938301,2.10786,0.225651,1,420,327,14073,2403,0.220525
7,14250,8.98794,1.39809,0.0523609,0.941902,2.15911,0.225651,1,420,327,14250,2433,0.221385
7,14414,9.16296,1.39809,0.0529795,0.944551,2.2036,0.225651,1,420,327,14414,2459,0.221878
7,14584,9.34021,1.39809,0.0536,0.948093,2.2488,0.225651,1,420,327,14584,2485,0.222962
7,14783,9.51627,1.39809,0.0542375,0.950677,2.29278,0.225651,1,420,327,14783,2510,0.223342
7,14942,9.69306,1.39809,0.0547572,0.9671,2.33351,0.241166,1,428,331,14942,2533,0.242981
7,15130,9.874,1.39809,0.0553508,0.971366,2.38208,0.241166,1,428,331,15130,2560,0.244984
8,1,4.3499e-05,inf,2.8486e-05,0,0,0,1,0,0,1,2,0
8,25,0.10577,inf,0.000184007,0.0168524,0.000153981,0,1,21,21,25,13,0.000717164
8,198,0.221596,inf,0.00128266,0.0922219,0.000848822,0,1,61,61,198,37,0.00220231
8,322,0.325269,inf,0.00207334,0.163903,0.0019313,0.0259851,1,90,87,322,58,0.00314776
8,470,0.436198,inf,0.00305151,0.206128,0.00451665,0.0259851,1,133,130,470,93,0.0092839
8,487,0.565823,2.17224,0.00316084,0.316795,0.00470296,0.0355122,1,171,163,487,95,0.0119212
8,934,0.671674,1.43184,0.00437575,0.395373,0.0129459,0.0360096,1,203,189,934,165,0.0161653
8,1870,0.774302,1.43184,0.00700536,0.405403,0.0391404,0.0360096,1,205,191,1870,298,0.0185204
8,2374,0.878419,1.43184,0.00852208,0.421661,0.0600637,0.0494656,1,217,197,2374,376,0.022497
8,2771,0.985363,1.40146,0.00970465,0.446246,0.0855183,0.0579654,1,230,206,2771,453,0.0267557
8,3261,1.09363,1.40146,0.0111205,0.458364,0.110624,0.0579654,1,237,213,3261,519,0.0291721
8,3604,1.21936,1.40146,0.0120798,0.474231,0.132263,0.0947733,1,255,218,3604,569,0.0449967
8,3992,1.32862,1.3991,0.0131912,0.488782,0.159516,0.0949019,1,258,220,3992,628,0.0479539
8,4456,1.44005,1.3991,0.0143579,0.49757,0.185778,0.0949019,1,260,222,4456,681,0.0491199
8,4837,1.5534,1.3991,0.01544,0.504665,0.216129,0.0949019,1,272,234,4837,738,0.0504026
8,5149,1.66694,1.3991,0.0164174,0.511322,0.25045,0.0949019,1,282,244,5149,797,0.0516275
8,5477,1.78258,1.3991,0.0173571,0.519768,0.283144,0.0949019,1,284,246,5477,850,0.0526665
8,5822,1.8985,1.3991,0.0183176,0.523459,0.313335,0.0949019,1,284,246,5822,896,0.0533178
8,6071,2.01593,1.3991,0.0190902,0.538122,0.338636,0.106184,1,304,262,6071,933,0.062181
8,6339,2.13437,1.3991,0.0199382,0.548906,0.365844,0.109957,1,309,264,6339,972,0.0680673
8,6652,2.25399,1.3991,0.0208252,0.553199,0.398263,0.109957,1,309,264,6652,1015,0.0691043
8,6929,2.37577,1.3991,0.0216667,0.560438,0.430267,0.109957,1,309,264,6929,1057,0.0700182
8,7171,2.49846,1.3991,0.0223965,0.577174,0.456005,0.115015,1,318,270,7171,1089,0.0750607
8,7448,2.62248,1.3991,0.023245,0.58072,0.488103,0.115015,1,318,270,7448,1129,0.0757582
8,7703,2.74706,1.38094,0.023981,0.595329,0.519676,0.115176,1,321,272,7703,1167,0.0799007
8,8029,2.87154,1.38094,0.0247898,0.607743,0.539461,0.115176,1,335,286,8029,1190,0.0819829
8,8289,2.9981,1.32359,0.0255227,0.624629,0.566071,0.115386,1,340,290,8289,1220,0.0869342
8,8658,3.12833,1.32359,0.0263523,0.627784,0.595619,0.115386,1,340,290,8658,1253,0.0875335
8,8991,3.25664,1.32359,0.0271365,0.630759,0.627611,0.115386,1,340,290,8991,1288,0.0880559
8,9328,3.38602,1.32359,0.0279214,0.633533,0.658798,0.115386,1,340,290,9328,1321,0.0885271
8,9634,3.52024,1.32359,0.0286759,0.637102,0.696906,0.115386,1,340,290,9634,1360,0.0891819
8,9893,3.65174,1.32359,0.0294031,0.640578,0.732574,0.115386,1,340,290,9893,1396,0.0899561
8,10102,3.78637,1.28465,0.0299932,0.669822,0.76378,0.11559,1,351,300,10102,1426,0.0973537
8,10399,3.92421,1.28465,0.0307454,0.679135,0.793963,0.11559,1,353,302,10399,1455,0.102411
8,10656,4.05971,1.28465,0.0314933,0.682396,0.826761,0.11559,1,353,302,10656,1486,0.103264
8,10946,4.19861,1.28465,0.0322436,0.685168,0.861306,0.11559,1,353,302,10946,1518,0.103628
8,11225,4.34105,1.28465,0.0329981,0.688933,0.897776,0.11559,1,354,303,11225,1551,0.105346
8,11498,4.48085,1.28465,0.0337495,0.691974,0.935093,0.11559,1,354,303,11498,1584,0.105889
8,11764,4.6245,1.28465,0.034464,0.695183,0.977662,0.11559,1,354,303,11764,1621,0.10636
8,12078,4.76703,1.28465,0.0352435,0.697877,1.00782,0.11559,1,354,303,12078,1647,0.107009
8,12344,4.91253,1.28465,0.0359649,0.701187,1.04709,0.11559,1,354,303,12344,1680,0.107731
8,12638,5.06065,1.28465,0.0366501,0.70425,1.08696,0.11559,1,354,303,12638,1713,0.108299
8,12932,5.20803,1.28465,0.0373816,0.706945,1.12259,0.11559,1,354,303,12932,1741,0.10875
8,13218,5.36298,1.28465,0.0381195,0.71054,1.1665,0.11559,1,354,303,13218,1775,0.109371
8,13452,5.5096,1.28465,0.0389483,0.716277,1.20524,0.11559,1,356,305,13452,1805,0.110376
8,13742,5.66157,1.28465,0.0396751,0.718582,1.2381,0.11559,1,356,305,13742,1830,0.11075
8,13998,5.81638,1.28465,0.0403534,0.722141,1.28259,0.11559,1,356,305,13998,1864,0.111557
8,14194,5.9722,1.28465,0.0410636,0.725012,1.32173,0.11559,1,356,305,14194,1893,0.112013
8,14418,6.12737,1.28465,0.0417619,0.727889,1.36258,0.11559,1,356,305,14418,1923,0.112509
8,14670,6.28359,1.28465,0.0424633,0.731294,1.40654,0.11559,1,356,305,14670,1955,0.113103
8,14930,6.44197,1.28465,0.0432047,0.734108,1.44936,0.11559,1,356,305,14930,1985,0.113511
8,15152,6.60544,1.28465,0.0439011,0.736889,1.49203,0.11559,1,356,305,15152,2015,0.113964
8,15429,6.76631,1.28465,0.0445986,0.740338,1.53087,0.11559,1,356,305,15429,2042,0.114904
8,15656,6.92655,1.28465,0.0452815,0.749558,1.57436,0.11559,1,356,305,15656,2072,0.115381
8,15895,7.08935,1.28465,0.0460064,0.751964,1.61091,0.11559,1,356,305,15895,2097,0.115724
8,16161,7.25422,1.28465,0.0466627,0.754634,1.6524,0.11559,1,356,305,16161,2125,0.116187
8,16407,7.42117,1.28465,0.0472837,0.757776,1.70049,0.11559,1,356,305,16407,2157,0.116789
8,16659,7.58709,1.28465,0.0479439,0.759809,1.73575,0.11559,1,356,305,16659,2180,0.117015
8,16884,7.75305,1.28465,0.048559,0.762981,1.78693,0.11559,1,356,305,16884,2213,0.117572
8,17142,7.92373,1.28465,0.0491876,0.765675,1.83401,0.11559,1,356,305,17142,2243,0.117949
8,17369,8.09332,1.28465,0.0498101,0.768728,1.8799,0.11559,1,356,305,17369,2272,0.118588
8,17622,8.26592,1.28465,0.0504641,0.771498,1.9231,0.11559,1,356,305,17622,2299,0.119109
8,17891,8.43966,1.28465,0.051154,0.773998,1.96189,0.11559,1,356,305,17891,2323,0.119557
8,18124,8.6146,1.28465,0.0518438,0.77731,2.01522,0.11559,1,356,305,18124,2355,0.120038
8,18354,8.79097,1.28465,0.0525479,0.780539,2.05877,0.11559,1,356,305,18354,2381,0.120827
8,18567,8.96759,1.28465,0.0532273,0.785134,2.11207,0.11559,1,356,305,18567,2412,0.122491
8,18787,9.14777,1.28465,0.0538783,0.794182,2.15698,0.11559,1,357,306,18787,2438,0.132286
8,19043,9.32703,1.28465,0.0545881,0.797214,2.20226,0.11559,1,357,306,19043,2464,0.132799
8,19276,9.50788,1.28465,0.0552834,0.800178,2.24785,0.11559,1,357,306,19276,2490,0.13361
8,19522,9.69123,1.28465,0.055967,0.803086,2.29763,0.11559,1,357,306,19522,2518,0.134103
8,19737,9.87598,1.28465,0.056665,0.806339,2.34599,0.11559,1,357,306,19737,2545,0.13455
9,1,0.00016168,inf,2.5407e-05,7.4296e-05,1.1164e-05,0,1,1,1,1,3,1.8092e-05
9,93,0.102567,inf,0.000839198,0.0993939,0.000590519,0,1,39,39,93,29,0.000358382
9,284,0.203646,inf,0.00204988,0.183036,0.00197866,0,1,73,73,284,58,0.00192899
9,611,0.329065,inf,0.00430378,0.255386,0.00705964,0.0214692,1,111,105,611,116,0.00676823
9,645,0.473672,1.77815,0.00453244,0.332709,0.00815175,0.021535,1,150,143,645,126,0.0196122
9,897,0.583233,1.77815,0.00566304,0.389904,0.0189058,0.033149,1,229,218,897,201,0.0313232
9,1282,0.685019,1.65952,0.0073091,0.427227,0.0376418,0.0344409,1,244,230,1282,290,0.0359703
9,1477,0.788266,1.55053,0.00805129,0.468445,0.0496331,0.0592068,1,275,253,1477,337,0.0427643
9,1966,0.892563,1.53981,0.00970503,0.486211,0.0698723,0.059275,1,279,256,1966,405,0.044974
9,2429,0.999105,1.53981,0.011293,0.492597,0.0969591,0.059275,1,280,257,2429,482,0.0468287
9,2791,1.10546,1.53981,0.012576,0.501972,0.123042,0.059275,1,288,265,2791,548,0.0503079
9,3003,1.21427,1.47843,0.0132809,0.531347,0.139136,0.0808858,1,310,281,3003,585,0.054629
9,3393,1.32491,1.47843,0.0147133,0.538613,0.163489,0.0808858,1,314,285,3393,637,0.0599363
9,3748,1.43479,1.47843,0.0157834,0.545332,0.197828,0.0808858,1,314,285,3748,704,0.0622545
9,3995,1.54741,1.46165,0.016578,0.572689,0.222261,0.0849617,1,324,291,3995,748,0.0678328
9,4303,1.66059,1.46165,0.0175935,0.577534,0.253864,0.0849617,1,324,291,4303,802,0.0690705
9,4607,1.7753,1.46165,0.0186109,0.581985,0.280488,0.0849617,1,324,291,4607,845,0.0705622
9,4851,1.89028,1.46165,0.019424,0.592382,0.302216,0.0987792,1,334,295,4851,879,0.0751158
9,5107,2.00748,1.46165,0.0203374,0.598198,0.333138,0.0987792,1,347,308,5107,925,0.0775925
9,5377,2.12506,1.46165,0.0212151,0.602403,0.369376,0.0987792,1,347,308,5377,976,0.0783162
9,5617,2.24428,1.45945,0.0219974,0.618495,0.399251,0.1009,1,353,312,5617,1016,0.0814729
9,5862,2.36453,1.45686,0.0227827,0.629952,0.43054,0.100973,1,356,314,5862,1057,0.0830689
9,6104,2.48693,1.45686,0.0236507,0.633345,0.460331,0.100973,1,356,314,6104,1095,0.0838226
9,6373,2.60859,1.45686,0.0244695,0.636693,0.490689,0.100973,1,356,314,6373,1132,0.0844682
9,6615,2.73284,1.45686,0.0252722,0.641281,0.522562,0.100973,1,357,315,6615,1170,0.0872529
9,6894,2.85902,1.45686,0.0260956,0.646088,0.552184,0.100973,1,357,315,6894,1204,0.0893039
9,7133,2.98593,1.45686,0.026929,0.649367,0.582334,0.100973,1,357,315,7133,1238,0.0900419
9,7365,3.11504,1.45686,0.0276639,0.656235,0.612646,0.100973,1,366,324,7365,1271,0.0958119
9,7552,3.24283,1.39709,0.0282478,0.685722,0.640725,0.10108,1,380,337,7552,1301,0.103427
9,7772,3.37385,1.39709,0.0290131,0.689664,0.680273,0.10108,1,380,337,7772,1342,0.104329
9,8034,3.50489,1.39709,0.0297484,0.69276,0.715963,0.10108,1,380,337,8034,1378,0.104805
9,8272,3.6363,1.39709,0.0304552,0.696139,0.754999,0.10108,1,380,337,8272,1417,0.105379
9,8494,3.76934,1.39709,0.0311554,0.699597,0.792337,0.10108,1,380,337,8494,1453,0.106051
9,8691,3.9059,1.39709,0.0318787,0.703102,0.833545,0.10108,1,380,337,8691,1491,0.106545
9,8930,4.03871,1.39709,0.0326709,0.705884,0.866553,0.10108,1,380,337,8930,1521,0.107029
9,9149,4.17495,1.39709,0.033365,0.709334,0.904128,0.10108,1,380,337,9149,1555,0.107827
9,9380,4.31287,1.39709,0.0340926,0.712348,0.935406,0.10108,1,380,337,9380,1583,0.108514
9,9599,4.45196,1.39709,0.0347666,0.716136,0.978296,0.10108,1,380,337,9599,1620,0.109377
9,9826,4.59216,1.3915,0.0354134,0.726871,1.00686,0.105494,1,399,354,9826,1644,0.116644
9,10068,4.7336,1.3915,0.0361228,0.730323,1.04381,0.105494,1,399,354,10068,1675,0.117554
9,10295,4.87784,1.3915,0.0368188,0.733466,1.08327,0.105494,1,399,354,10295,1707,0.118152
9,10504,5.02504,1.3915,0.0374909,0.736902,1.12938,0.105494,1,399,354,10504,1744,0.11865
9,10725,5.1709,1.3915,0.0381889,0.740317,1.16985,0.105494,1,399,354,10725,1776,0.119368
9,10926,5.31654,1.38046,0.0389006,0.750198,1.19804,0.10558,1,402,356,10926,1798,0.121568
9,11121,5.46114,1.38046,0.0394553,0.762077,1.22286,0.127139,1,409,358,11121,1817,0.139736
9,11346,5.61174,1.38046,0.0401563,0.764892,1.26178,0.127139,1,409,358,11346,1846,0.140173
9,11554,5.76367,1.38046,0.0408316,0.768131,1.30822,0.127139,1,409,358,11554,1881,0.140674
9,11722,5.91476,1.38046,0.0415044,0.770869,1.34907,0.127139,1,409,358,11722,1911,0.141041
9,11915,6.06708,1.38046,0.0422189,0.773881,1.39442,0.127139,1,409,358,11915,1944,0.141503
9,12157,6.2263,1.38046,0.0429172,0.777808,1.42925,0.127139,1,409,358,12157,1969,0.143379
9,12376,6.38094,1.38046,0.0435716,0.780476,1.4703,0.127139,1,409,358,12376,1998,0.143762
9,12574,6.53932,1.38046,0.0443069,0.783945,1.51713,0.127139,1,409,358,12574,2029,0.144418
9,12778,6.69914,1.38046,0.0449371,0.792968,1.56076,0.127139,1,409,358,12778,2059,0.144901
9,12969,6.86077,1.38046,0.0456154,0.79558,1.60215,0.127139,1,409,358,12969,2087,0.145223
9,13151,7.02539,1.34499,0.0461901,0.816825,1.63953,0.131584,1,418,364,13151,2112,0.153455
9,13351,7.18841,1.34499,0.0467995,0.828123,1.68307,0.131584,1,418,364,13351,2141,0.162319
9,13584,7.35492,1.34499,0.0474393,0.831106,1.73,0.131584,1,418,364,13584,2172,0.162866
9,13810,7.51854,1.34499,0.0480825,0.833591,1.76999,0.131584,1,418,364,13810,2198,0.163326
9,14016,7.68574,1.32005,0.0486803,0.846962,1.81505,0.131671,1,423,368,14016,2227,0.168324
9,14231,7.85365,1.32005,0.0493498,0.849527,1.85458,0.131671,1,423,368,14231,2252,0.168711
9,14470,8.0262,1.32005,0.0500115,0.852385,1.90066,0.131671,1,423,368,14470,2281,0.169207
9,14695,8.19767,1.32005,0.0506521,0.855343,1.94635,0.131671,1,423,368,14695,2309,0.169771
9,14928,8.36775,1.32005,0.0512715,0.858055,1.99385,0.131671,1,423,368,14928,2338,0.170121
9,15136,8.54112,1.32005,0.0518885,0.860804,2.04153,0.131671,1,423,368,15136,2367,0.170547
9,15334,8.7192,1.32005,0.0525095,0.870342,2.0816,0.131671,1,423,368,15334,2391,0.177824
9,15521,8.89373,1.32005,0.0531342,0.873965,2.12927,0.131671,1,423,368,15521,2419,0.179019
9,15761,9.07492,1.32005,0.053846,0.876177,2.16516,0.131671,1,423,368,15761,2440,0.179276
9,15952,9.25272,1.30235,0.05444,0.892701,2.20692,0.132836,1,435,378,15952,2464,0.187955
9,16174,9.4347,1.30235,0.0550563,0.895758,2.25937,0.132836,1,435,378,16174,2494,0.188469
9,16387,9.61931,1.30235,0.0556984,0.898691,2.3093,0.132836,1,435,378,16387,2522,0.189065
9,16605,9.80203,1.30235,0.0563632,0.900934,2.34884,0.132836,1,435,378,16605,2544,0.189433
9,16893,9.98707,1.30235,0.0570492,0.902787,2.38482,0.132836,1,435,378,16893,2564,0.189654
