target x,target y,
495.823,150.113,
491.258,150.113,
488.704,150.113,
484.479,150.113,
478.649,150.704,
467.406,152.383,
461.481,154.673,
445.851,153.848,
446.676,152.715,
446.588,151.685,
439.584,152.699,
434.846,153.472,
427.197,153.925,
424.235,153.925,
415.686,153.925,
405.476,153.925,
403.976,153.925,
390.555,153.925,
388.961,153.925,
381.262,153.925,
368.246,154.094,
362.876,158.168,
354.807,155.39,
357.877,155.269,
352.887,153.885,
342.699,155.537,
337.434,157.952,
321.816,161.628,
317.172,159.974,
306.568,159.031,
293.803,161.225,
291.09,161.387,
286.074,161.408,
289.026,162.82,
288.079,165.424,
288.476,165.659,
282.744,166.426,
278.085,166.866,
275.369,168.454,
288.516,190.586,
317.353,238.441,
308.162,234.237,
307.664,254.695,
298.061,258.211,
306.778,293.963,
312.434,323.97,
319.262,328.041,
324.325,347.412,
330.058,374.462,
338.484,400.668,
346.647,400.434,
330.812,379.69,
331.462,391.871,
332.318,405.25,
341.219,421.21,
341.219,421.338,
341.219,421.465,
341.219,421.593,
341.219,425.309,
340.397,429.074,
337.693,432.797,
329.021,439.413,
327.42,448.752,
328.278,442.419,
330.979,438.386,
329.294,441.488,
324.043,457.739,
326.838,452.974,
326.154,452.824,
326.181,450.083,
323.446,455.813,
323.086,458.165,
323.086,460.738,
328.93,459.187,
335.804,458.23,
344.727,456.904,
367.119,450.539,
365.589,453.628,
375.166,453.883,
374.187,455.392,
379.813,451.628,
394.41,451.431,
402.524,452.169,
405.235,449.496,
409.201,447.457,
423.267,446.339,
429.987,442.789,
435.65,445.499,
438.355,442.66,
450.733,441.332,
465.419,437.579,
472.062,439.782,
463.832,440.913,
470.214,440.594,
478.955,438.836,
489.161,437.956,
491.26,437.881,
487.369,437.881,
492.14,437.881,
494.609,437.881,
497.063,437.627,
496.095,436.264,
497.315,436.009,
498.828,435.638,
499.641,435.656,
499.641,432.125,
499.641,419.331,
499.641,415.798,
498.089,403.266,
498.084,400.941,
498.618,397.158,
497.154,392.284,
498.646,390.943,
498.22,376.246,
498.742,370.566,
497.772,362.948,
497.732,348.54,
493.35,336.276,
490.891,305.395,
489.97,302.301,
492.177,308.8,
494.963,317.229,
493.994,312.095,
492.649,292.226,
491.052,280.668,
652.9,294.812,
650.617,288.48,
650.208,287.623,
647.338,278.076,
646.248,268.364,
648.14,257.137,
647.943,265.875,
640.236,248.985,
639.325,243.664,
639.364,228.864,
633.791,216.463,
634.265,226.118,
629.373,211.357,
627.252,208.264,
621.819,194.378,
620.946,190.374,
618.445,191.983,
610.29,176.524,
605.239,170.887,
599.934,161.814,
592.444,156.492,
593.194,151.749,
577.606,137.586,
572.488,137.741,
564.136,136.596,
559.048,136.133,
557.272,130.886,
542.351,116.017,
536.927,111.412,
522.81,100.535,
502.75,84.074,
495.783,94.3951,
471.441,96.3884,
477.685,106.381,
482.123,103.081,
487.847,102.535,
479.586,90.4327,
468.558,89.9249,
463.127,89.9957,
460.494,95.1873,
459.86,95.3141,
459.225,95.4408,
458.59,95.5675,
444.949,93.1357,
412.04,84.1524,
364.038,69.6761,
382.673,85.1335,
387.386,87.4988,
399.302,91.43,
379.318,82.3492,
361.494,81.7303,
346.41,93.2148,
329.638,96.8637,
328.811,98.2577,
322.872,96.8145,
312.163,101.278,
306.234,102.988,
288.335,110.836,
286.156,111.157,
279.379,116.173,
273.536,121.757,
262.074,124.668,
236.642,146.738,
237.093,148.465,
235.39,155.358,
230.351,158.814,
222.963,167.011,
213.334,187.083,
218.145,179.01,
217.358,177.285,
212.597,179.22,
206.487,189.447,
203.078,196.668,
199.191,203.872,
193.664,216.044,
188.313,230.834,
188.327,227.23,
186.179,247.023,
186.25,249.591,
184.66,271.753,
183.902,288.65,
184.576,278.995,
186.598,275.019,
183.61,272.754,
180.711,285.693,
179.497,293.378,
180.733,296.276,
181.452,297.38,
181.452,297.533,
181.452,306.803,
181.086,321.53,
179.103,324.404,
174.677,338.169,
176.015,334.959,
178.131,339.836,
180.107,341.73,
178.528,353.589,
183.579,360.933,
184.512,365.136,
187.797,366.388,
190.085,368.745,
191.101,375.43,
199.675,385.868,
200.463,390.12,
213.402,401.239,
229.103,414.778,
239.441,424.403,
275.212,439.555,
278.211,438.127,
300.194,447.432,
312.793,453.663,
299.963,452.287,
285.921,451.85,
290.96,455.297,
310.797,463.147,
322.643,467.39,
323.65,467.87,
323.65,467.997,
323.65,468.125,
332.688,474.598,
349.01,484.506,
366.394,491.088,
414.8,507.957,
412.663,499.154,
405.823,495.178,
391.129,487.36,
421.496,496.006,
426.479,501.813,
441.51,508.435,
444.228,508.003,
456.856,506.167,
467.334,503.624,
485.836,491.644,
485.548,488.491,
494.134,477.952,
504.23,472.292,
513.315,471.621,
517.455,467.274,
525.205,458.525,
531.706,451.878,
539.75,446.414,
558.512,431.576,
550.431,435.708,
550.53,432.102,
546.906,435.639,
555.908,429.704,
559.877,426.417,
562.285,423.929,
563.49,422.272,
564,421.763,
564.51,421.253,
565.021,420.744,
582.278,404.75,
599.671,394.125,
598.601,393.321,
588.005,400.657,
589.435,400.77,
591.853,394.068,
596.572,391.939,
600.215,386.444,
608.365,382.155,
254.954,296.714,
254.954,298.825,
258.423,315.15,
261.217,322.631,
263.953,329.163,
266.26,335.527,
265.616,328.097,
267.36,340.693,
267.926,340.287,
270.504,347.423,
273.952,351.437,
279.031,355.737,
283.498,363.227,
284.111,365.478,
286.512,369.909,
295.816,375.722,
304.716,379.508,
315.557,385.681,
318.129,389.681,
327.856,396.733,
352.27,405.764,
362.926,405.902,
388.937,403.033,
376.064,396.002,
363.493,396.186,
358.878,406.447,
373.402,409.351,
386.44,410.644,
390.043,407.248,
390.171,407.248,
390.299,407.248,
390.426,407.248,
455.988,385.299,
475.269,379.204,
491.744,369.823,
501.622,361.522,
476.074,360.846,
504.045,337.022,
507.864,338.165,
529.134,333.719,
528.938,333.195,
543.385,316.399,
563.768,285.309,
567.265,283.327,
567.4,271.497,
572.438,242.089,
572.539,253.757,
572.572,238.528,
572.722,245.436,
567.034,226.356,
547.03,215.43,
552.051,210.959,
533.183,199.147,
528.492,197.943,
503.377,193.96,
476.725,194.354,
479.741,187.34,
395.28,352.764,
383.867,352.764,
381.819,352.764,
374.591,347.277,
368.585,340.878,
358.298,337.237,
368.471,342.123,
356.594,339.317,
353.175,337.517,
341.535,330.097,
329.908,320.647,
334.567,324.278,
322.018,317.663,
320.197,319.179,
308.383,312.971,
296.78,306.591,
294.834,305.986,
282.455,300.12,
282.533,299.407,
275.036,293.936,
263.883,288.265,
267.131,290.114,
257.209,283.343,
255.567,281.826,
245.468,277.522,
238.143,277.13,
233.788,267.968,
230.471,265.643,
230.065,262.715,
223.253,259.173,
211.571,248.58,
219.809,256.632,
215.533,253.412,
216.819,255.968,
211.528,249.141,
212.542,245.717,
208.93,245.721,
201.617,235.938,
200.857,236.786,
203.515,237.503,
207.575,242.876,
206.167,240.81,
204.376,238.438,
203.033,236.513,
203.16,236.513,
203.288,236.513,
203.415,236.513,
239.655,241.831,
239.445,241.032,
241.612,239.945,
244.342,237.712,
263.049,242.799,
268.629,241.067,
266.305,241.632,
273.169,240.297,
292.679,241.929,
298.785,242.23,
314.857,242.23,
314.514,242.23,
325.76,242.23,
339.574,241.977,
340.032,240.086,
354.93,239.818,
354.165,238.001,
364.093,238.554,
371.932,239.934,
376.001,237.96,
395.12,239.013,
392.978,237.784,
398.745,238.427,
404.517,237.579,
410.863,237.466,
429.882,233.752,
424.612,234.093,
422.148,233.899,
418.313,234.847,
429.43,235.494,
435.826,234.711,
439.077,234.459,
439.639,233.655,
441.68,233.655,
443.721,233.655,
445.763,233.655,
465.842,233.655,
490.397,231.966,
508.399,229.881,
487.516,232.677,
494.1,232.75,
497.671,233.334,
516.592,231.749,
523.625,231.749,
520.084,231.749,
527.85,231.749,
528.264,231.749,
536.497,231.749,
540.402,231.749,
541.112,231.749,
545.26,231.749,
546.902,231.749,
554.406,231.749,
561.003,232.087,
563.376,233.905,
566.023,236.186,
568.83,238.547,
573.099,238.131,
574.418,236.674,
570.897,237.293,
572.283,238.157,
574.92,239.837,
578.576,240.425,
579.278,241.545,
578.949,243.493,
579.063,244.291,
576.099,248.8,
570.33,251.518,
564.016,253.528,
564.127,253.119,
556.373,259.13,
559.668,256.333,
554.258,262.071,
550.681,266.43,
552.677,263.458,
536.975,270.945,
533.827,271.661,
286.98,107.485,
287.963,107.485,
288.139,107.485,
288.415,107.652,
288.788,108.9,
289.562,108.781,
293.622,108.025,
302.9,107.742,
306.456,107.965,
305.362,108.438,
309.487,108.438,
312.519,108.438,
321.323,108.438,
329.234,109.964,
337.543,109.735,
346.035,109.035,
349.123,108.633,
354.154,108.903,
360.423,109.391,
372.766,109.391,
385.419,109.391,
397.246,109.391,
413.567,109.391,
408.392,109.391,
435.195,114.625,
445.61,115.551,
456.052,116.687,
458.46,111.569,
468.776,114.656,
473.61,113.272,
480.714,115.756,
482.692,115.8,
495.744,118.018,
494.032,116.537,
497.243,116.544,
498.334,116.185,
500.455,117.014,
502.405,117.014,
503.069,117.014,
505.91,117.014,
505.585,118.104,
504.78,118.979,
504.52,119.398,
505.01,129.99,
505.526,158.603,
505.526,197.551,
505.526,222.405,
505.526,211.841,
505.526,211.552,
505.526,192.593,
505.526,214.785,
505.526,217.562,
505.526,235.843,
505.526,237.689,
505.526,242.301,
505.526,242.679,
505.526,243.057,
505.526,243.436,
505.526,259.017,
505.526,285.011,
505.526,290.442,
509.064,295.492,
510.17,302.954,
511.967,308.792,
510.705,312.166,
508.777,326.983,
513.238,345.229,
513.782,362.845,
512.935,374.762,
517.01,373.337,
513.785,395.99,
515.181,407.725,
513.622,439.95,
515.92,430.872,
516.023,466.142,
516.023,469.23,
513.901,491.77,
506.798,488.489,
507.017,497.023,
511.179,492.779,
513.519,500.099,
510.189,505.159,
508.733,513.416,
507.932,515.487,
508.109,516.267,
507.199,516.267,
506.913,516.267,
506.627,516.267,
501.223,512.778,
495.135,512.197,
481.303,508.101,
465.306,502.274,
427.79,495.856,
412.261,492.111,
396.306,498.652,
385.727,496.903,
385.839,499.429,
368.969,488.757,
349.154,483.805,
328.654,480.288,
312.25,482.641,
309.931,486.431,
293.293,484.768,
286.652,483.156,
280.965,481.011,
276.657,481.011,
278.285,480.913,
274.892,480.692,
271.805,480.635,
266.784,480.582,
265.03,480.563,
265.03,480.452,
265.03,480.341,
265.03,480.23,
265.03,480.118,
270.631,474.024,
273.406,471.213,
278.655,459.924,
313.032,167.98,
313.032,165.869,
313.032,165.584,
310.658,166.059,
308.081,166.251,
307.282,162.844,
309.211,161.415,
307.298,158.568,
307.741,158.73,
306.26,157.281,
301.454,154.597,
305.714,152.537,
303.381,151.63,
302.584,151.813,
297.285,151.146,
295.218,149.304,
296.343,145.732,
293.749,144.317,
291.804,144.028,
287.471,143.93,
282.632,141.224,
284.112,139.538,
278.437,136.258,
276.83,136.005,
274.233,135.033,
275.812,134,
271.07,134.084,
267.73,130.74,
265.654,129.185,
264.875,126.344,
261.49,124.369,
258.668,126.548,
252.759,120.184,
250.804,121.25,
248.131,119.006,
245.147,116.997,
245.817,118.219,
242.736,117.742,
241.688,118.484,
237.986,116.514,
234.349,115.755,
229.579,115.572,
225.302,120.724,
227.549,120.15,
226.803,121.752,
219.578,124.783,
223.112,121.53,
217.429,126.798,
216.759,127.309,
212.851,131.11,
215.559,130.186,
214.409,129.855,
208.804,136.797,
208.06,137.557,
206.281,140.292,
202.379,142.52,
203.243,143.897,
203.698,146.544,
201.344,149.167,
195.425,155.527,
191.276,162.625,
190.041,165.88,
188.109,178.762,
187.002,176.366,
187.325,173.952,
189.352,168.498,
187.597,173.965,
185.551,178.835,
183.61,181.884,
183.471,182.023,
183.332,182.162,
183.192,182.301,
183.053,182.439,
182.914,182.578,
182.775,182.717,
182.636,182.856,
182.497,182.995,
182.358,183.134,
181.022,188.431,
177.37,194.518,
173.229,199.705,
177.703,196.18,
171.817,205.321,
172.752,205.461,
171.079,212.03,
173.21,215.317,
171.061,217.595,
170.968,228.192,
170.226,228.914,
169.924,235.041,
168.676,237.745,
166.577,233.13,
164.185,244.023,
164.65,247.174,
165.277,256.82,
165.469,258.312,
166.065,253.509,
165.382,254.266,
161.985,263.905,
160.96,271.49,
163.024,272.272,
163.879,272.409,
161.306,276.973,
161.137,276.313,
161.657,276.474,
162.297,277.349,
161.61,280.839,
161.29,288.642,
161.29,290.714,
161.29,292.314,
161.29,291.401,
161.29,293.651,
161.29,302.428,
161.29,299.378,
161.29,301.961,
161.29,303.934,
161.29,303.976,
161.29,319.684,
161.29,318.261,
161.29,323.009,
161.29,319.496,
161.29,317.115,
161.29,320.197,
161.29,321.956,
161.29,325.737,
161.29,326.118,
161.29,326.499,
161.29,326.881,
161.29,327.262,
161.29,327.643,
161.29,329.081,
161.29,333.833,
163.482,345.228,
162.323,344.002,
164.072,347.096,
165.603,346.516,
165.37,343.138,
165.571,358.261,
164.111,354.628,
168.007,364.448,
170.782,365.837,
167.431,366.294,
171.285,372.773,
173.61,373.222,
177.841,379.883,
176.803,381.642,
174.6,382.425,
182.599,389.449,
180.234,389.153,
184.727,393.729,
185.919,395.395,
185.033,398.02,
190.227,400.622,
191.585,402.729,
195.512,405.649,
195.752,406.879,
198.191,405.953,
195.964,407.541,
199.191,410.6,
201.296,413.459,
205.117,414.159,
207.425,413.294,
213.897,420.61,
214.825,422.602,
218.963,425.932,
222.223,426.146,
225.44,429.454,
232.494,438.195,
228.302,439.244,
228.529,437.182,
228.595,433.102,
233.669,435.982,
236.248,439.19,
237.527,441.454,
238.376,441.454,
239.225,441.454,
240.074,441.454,
240.923,441.454,
241.772,441.454,
242.621,441.454,
247.239,441.454,
258.547,441.454,
264.161,441.454,
259.847,441.454,
258.324,441.454,
260.809,441.454,
265.287,441.454,
264.478,441.454,
265.568,441.454,
267.265,441.454,
270.718,441.454,
274.22,441.291,
277.294,439.387,
276.797,439.032,
279.56,437.289,
280.807,436.279,
278.986,435.062,
279.575,434.123,
284.637,431.395,
286.36,429.224,
287.158,425.719,
289.84,421.635,
288.21,424.628,
295.264,417.248,
293.315,418.508,
296.07,414.38,
300.204,410.824,
303.944,401.17,
306.701,398.603,
307.721,398.289,
310.696,396.736,
313.962,389.28,
321.517,379.772,
323.534,378.197,
325.449,377.292,
326.473,378.49,
330.178,377.1,
329.88,370.09,
328.777,371.503,
329.638,369.503,
332.008,370.409,
333.718,368.046,
334.027,367.505,
334.027,367.377,
334.027,367.25,
337.314,363.45,
344.295,356.296,
350.174,354.202,
357.979,345.026,
349.49,349.006,
344.306,349.853,
343.206,352.821,
349.09,346.209,
356.513,340.271,
358.4,336.735,
360.199,333.073,
360.509,328.951,
356.23,334.68,
358.744,325.663,
368.649,309.796,
385.496,279.772,
395.993,260.729,
376.408,295.3,
370.327,297.953,
372.1,298.465,
384.155,276.883,
387.269,272.447,
387.65,270.553,
396.131,254.963,
393.436,259.824,
392.833,261.583,
392.691,265.451,
396.433,256.843,
407.191,240.999,
404.063,246.22,
401.691,248.863,
398.403,252.49,
405.794,248.804,
406.931,239.982,
406.741,241.984,
405.104,241.892,
406.346,243.697,
407.193,241.846,
407.512,240.874,
407.512,240.766,
407.512,240.657,
407.512,240.548,
407.512,240.439,
407.512,238.664,
413.721,233.879,
416.752,229.722,
416.711,227.703,
414.367,229.816,
415.426,228.273,
418.01,227.218,
419.377,224.248,
419.043,222.818,
418.181,222.399,
438.817,196.63,
438.918,194.811,
443.369,186.606,
441.429,189.146,
441.427,187.867,
449.854,172.355,
449.422,176.877,
453.777,170.777,
454.496,169.482,
457.341,162.701,
455.706,162.434,
459.991,159.488,
466.424,151.878,
472.311,145.149,
469.854,150.489,
470.582,149.748,
470.6,148.979,
475.729,143.822,
478.599,142.849,
476.333,142.987,
474.875,143.403,
475.539,142.512,
478.09,141.494,
479.089,140.594,
479.089,140.404,
479.089,140.213,
479.089,140.022,
479.089,139.832,
479.089,139.641,
479.089,139.451,
479.089,137.673,
480.823,137.268,
483.945,135.581,
485.87,134.908,
483.188,135.275,
483.124,136.766,
483.833,133.184,
485.254,133.112,
485.147,133.41,
485.612,134.298,
486.302,133.629,
488.039,131.12,
489.248,131.131,
490.238,131.369,
490.6,131.661,
491.247,131.258,
491.555,131.23,
493.483,130.118,
496.295,128.881,
499.449,128.257,
498.64,130.012,
499.466,128.361,
502.988,128.615,
506.877,127.115,
506.116,124.546,
513.621,127.501,
514.538,125.175,
517.972,125.563,
518.391,123.803,
522.486,125.383,
525.807,125.177,
527.055,124.806,
530.537,124.148,
532.864,124.148,
533.293,124.401,
541.751,130.513,
537.806,128.034,
539.631,127.321,
539.245,124.711,
544.446,126.737,
555.256,129.611,
549.2,130.381,
552.303,132.124,
552.751,132.458,
556.185,132.319,
563.709,134.828,
560.319,135.785,
564.995,141.336,
568.615,148.005,
576.507,156.473,
572.378,152.769,
572.93,155.948,
571.591,159.482,
580.394,171.076,
582.818,183.781,
585.779,194.597,
587.431,207.869,
595.521,233.139,
588.18,205.35,
587.485,208.874,
586.235,208.663,
591.381,231.798,
592.376,234.09,
592.656,232.508,
592.656,236.332,
592.656,240.5,
592.656,245.075,
592.656,249.356,
592.656,249.492,
592.656,251.008,
592.656,249.124,
592.656,249.173,
592.656,250.831,
592.656,252.684,
592.656,254.195,
592.656,254.304,
592.656,254.414,
592.656,254.523,
592.656,254.632,
592.656,257.721,
595.576,258.06,
598.796,257.995,
599.914,257.666,
603.721,262.826,
603.331,266.222,
601.569,265.664,
598.708,265.395,
600.478,272.483,
602.67,268.056,
604.976,269.013,
605.405,267.01,
605.323,274.41,
604.417,284.579,
604.465,282.756,
604.703,283.109,
605.063,280.659,
605.063,285.108,
605.063,290.642,
605.063,289.623,
605.063,290.07,
603.876,294.358,
603.206,304.772,
604.418,315.419,
602.526,300.758,
603.339,303.17,
602.679,302.571,
603.189,311.851,
602.393,312.554,
602.733,312.377,
601.703,315.982,
601.211,317.842,
601.02,324.885,
601.904,335.952,
601.838,324.755,
597.933,332.078,
598.581,332.327,
600.091,344.517,
601.175,350.053,
600.215,348.309,
599.336,360.971,
599.336,355.41,
599.336,354.253,
599.336,353.331,
599.336,358.352,
599.336,362.635,
599.336,362.922,
599.336,363.209,
599.336,363.496,
599.336,363.783,
599.336,364.07,
594.03,374.925,
591.639,379.825,
594.325,375.788,
591.081,378.954,
587.655,384.577,
587.456,389.024,
590.005,388.389,
588.872,389.269,
581.818,395.618,
582.846,398.027,
582.609,400.954,
581.488,403.27,
576.293,407.077,
578.502,404.206,
576.138,409.459,
576.576,408.975,
573.064,411.359,
569.953,411.032,
569.816,412.743,
568.723,416.007,
566.686,417.328,
563.888,419.465,
563.458,421.136,
562.336,419.152,
552.652,429.634,
555.285,427.32,
556.409,428.874,
556.119,426.795,
551.687,426.628,
546.881,434.437,
548.288,433.696,
545.806,436.008,
541.718,435.824,
544.232,436.187,
539.341,437.613,
539.45,439.429,
535.353,441.074,
534.541,440.625,
536.087,439.267,
528.754,439.821,
527.354,440.662,
523.603,441.454,
522.219,441.454,
519.092,441.454,
516.48,441.454,
515.349,438.753,
513.28,437.712,
510.587,438.09,
507.622,438.287,
500.799,437.732,
503.628,437.833,
499.815,435.402,
493.482,431.681,
495.502,433.369,
487.826,432.837,
490.721,431.784,
486.476,427.719,
485.864,424.882,
483.656,421.651,
477.181,421.741,
479.333,422.748,
478.078,420.089,
477.298,414.881,
475.908,414.959,
468.078,411.438,
467.316,407.574,
463.264,397.514,
460.588,390.265,
456.86,392.694,
449.974,384.003,
447.594,386.607,
444.661,378.641,
443.907,372.924,
443.025,365.403,
436.997,358.065,
437.788,364.596,
434.18,355.823,
430.539,342.912,
426.512,334.969,
422.368,332.296,
422.354,330.205,
417.405,321.433,
413.618,315.535,
416.558,322.014,
417.372,320.202,
417.826,315.98,
414.449,310.479,
412.907,310.74,
411.981,310.78,
411.672,309.986,
411.623,309.005,
411.47,309.005,
411.317,309.005,
411.164,309.005,
411.011,309.005,
410.858,309.005,
410.705,309.005,
410.552,309.005,
410.399,309.005,
394.722,298.453,
397.204,297.274,
394.035,291.081,
395.628,288.651,
394.609,285.072,
391.854,280.926,
392.775,279.965,
387.645,275.488,
384.289,271.8,
382.664,267.936,
379.296,266.093,
377.855,261.345,
373.945,256.467,
372.645,253.898,
373.507,257.564,
369.549,249.643,
370.588,248.599,
366.432,243.955,
364.795,245.464,
364.898,245.608,
362.209,243.9,
359.214,242.351,
356.843,240.22,
357.054,237.657,
355.893,232.03,
349.543,228.091,
350.464,229.362,
349.534,232.288,
349.918,233.298,
348.487,229.194,
349.218,227.563,
348.414,225.962,
347.393,226.097,
346.434,225.276,
346.434,224.8,
346.434,224.323,
346.434,223.847,
346.434,223.37,
346.434,222.894,
346.251,221.963,
341.836,210.526,
344.662,216.881,
345.297,215.302,
345.913,218.6,
342.549,216.49,
341.72,215.389,
342.648,214.438,
343.07,212.938,
342.624,212.753,
341.69,212.646,
339.881,211.143,
339.407,212.451,
338.841,211.219,
339.21,211.016,
339.688,210.874,
339.263,210.843,
338.706,210.766,
338.004,210.093,
337.704,210.07,
337.262,210.258,
337.006,210.165,
336.775,210.065,
336.571,209.906,
336.265,209.906,
336.032,209.737,
336.574,207.773,
336.433,208.354,
336.301,208.087,
335.936,208.473,
335.936,207.68,
335.936,207.223,
334.019,207.721,
334.679,207.626,
335.356,207.527,
335.93,207.122,
335.381,207.047,
334.982,207.047,
334.982,207.047,
334.982,207.047,
334.982,207.047,
334.982,207.047,
334.982,207.047,
334.982,207.047,
334.982,207.047,
334.982,207.047,
334.982,207.047,
334.982,207.047,
334.982,207.047,
334.982,207.047,
334.982,207.047,
334.982,207.047,
334.982,207.047,
334.982,207.047,
334.982,207.047,
334.982,207.047,
334.982,207.047,
334.982,207.047,
334.982,207.047,
334.982,207.047,
334.982,207.047,
334.982,207.047,
334.982,207.047,
334.982,207.047,
334.982,207.047,
334.982,207.047,
334.982,207.047,
334.982,207.047,
334.982,207.047,
334.982,207.047,
334.982,207.047,
334.982,207.047,
334.982,207.047,
334.982,207.047,
334.982,207.047,
334.982,207.047,
334.982,207.047,
334.982,207.047,
334.982,207.047,
334.982,207.047,
334.982,207.047,
334.982,207.047,
334.982,207.047,
334.982,207.047,
334.982,207.047,
334.982,207.047,
334.982,207.047,
334.982,207.047,
334.982,207.047,
334.982,207.047,
334.982,207.047,
334.982,207.047,
334.982,207.047,
334.982,207.047,
334.982,207.047,
334.982,207.047,
334.982,207.047,
334.982,207.047,
334.982,207.047,
334.982,207.047,
334.982,207.047,
334.982,207.047,
334.982,207.047,
334.982,207.047,
334.982,207.047,
334.982,207.047,
334.982,207.047,
334.982,207.047,
334.982,207.047,
334.982,207.047,
334.982,207.047,
334.982,207.047,
334.982,207.047,
334.982,207.047,
334.982,207.047,
334.982,207.047,
334.982,207.047,
334.982,207.047,
334.982,207.047,
334.982,207.047,
334.982,207.047,
334.982,207.047,
334.982,207.047,
334.982,207.047,
334.982,207.047,
334.982,207.047,
334.982,207.047,
334.982,207.047,
334.982,207.047,
334.982,207.047,
334.982,207.047,
334.982,207.047,
334.982,207.047,
334.982,207.047,
334.982,207.047,
334.982,207.047,
334.982,207.047,
334.982,207.047,
334.982,207.047,
334.982,207.047,
334.982,207.047,
334.982,207.047,
334.982,207.047,
334.982,207.047,
334.982,207.047,
334.982,207.047,
334.982,207.047,
334.982,207.047,
334.982,207.047,
334.982,207.047,
334.982,207.047,
334.982,207.047,
334.982,207.047,
334.982,207.047,
334.982,207.047,
334.982,207.047,
334.982,207.047,
334.982,207.047,
334.982,207.047,
334.982,207.047,
334.982,207.047,
334.982,207.047,
334.982,207.047,
334.982,207.047,
334.982,207.047,
334.982,207.047,
334.982,207.047,
334.982,207.047,
334.982,207.047,
334.982,207.047,
334.982,207.047,
334.982,207.047,
334.982,207.047,
334.982,207.047,
334.982,207.047,
334.982,207.047,
334.982,207.047,
334.982,207.047,
334.982,207.047,
334.982,207.047,
334.982,207.047,
334.982,207.047,
334.982,207.047,
334.982,207.047,
334.982,207.047,
334.982,207.047,
334.982,207.047,
334.982,207.047,
334.982,207.047,
334.982,207.047,
334.982,207.047,
334.982,207.047,
334.982,207.047,
334.982,207.047,
334.982,207.047,
334.982,207.047,
334.982,207.047,
334.982,207.047,
334.982,207.047,
334.982,207.047,
334.982,207.047,
334.982,207.047,
334.982,207.047,
334.982,207.047,
334.982,207.047,
334.982,207.047,
334.982,207.047,
334.982,207.047,
334.982,207.047,
334.982,207.047,
334.982,207.047,
334.982,207.047,
334.982,207.047,
334.982,207.047,
334.982,207.047,
334.982,207.047,
334.982,207.047,
334.982,207.047,
334.982,207.047,
334.982,207.047,
334.982,207.047,
334.982,207.047,
334.982,207.047,
334.982,207.047,
334.982,207.047,
334.982,207.047,
334.982,207.047,
334.982,207.047,
334.982,207.047,
334.982,207.047,
334.982,207.047,
334.982,207.047,
334.982,207.047,
334.982,207.047,
334.982,207.047,
334.982,207.047,
334.982,207.047,
334.982,207.047,
334.982,207.047,
334.982,207.047,
334.982,207.047,
334.982,207.047,
334.982,207.047,
334.982,207.047,
334.982,207.047,
334.982,207.047,
334.982,207.047,
334.982,207.047,
334.982,207.047,
334.982,207.047,
334.982,207.047,
334.982,207.047,
334.982,207.047,
334.982,207.047,
334.982,207.047,
334.982,207.047,
334.982,207.047,
334.982,207.047,
334.982,207.047,
334.982,207.047,
334.982,207.047,
334.982,207.047,
334.982,207.047,
334.982,207.047,
334.982,207.047,
334.982,207.047,
334.982,207.047,
334.982,207.047,
334.982,207.047,
334.982,207.047,
334.982,207.047,
334.982,207.047,
334.982,207.047,
334.982,207.047,
334.982,207.047,
334.982,207.047,
334.982,207.047,
334.982,207.047,
334.982,207.047,
334.982,207.047,
334.982,207.047,
334.982,207.047,
334.982,207.047,
334.982,207.047,
334.982,207.047,
334.982,207.047,
334.982,207.047,
334.982,207.047,
334.982,207.047,
334.982,207.047,
334.982,207.047,
334.982,207.047,
334.982,207.047,
334.982,207.047,
334.982,207.047,
334.982,207.047,
334.982,207.047,
334.982,207.047,
334.982,207.047,
334.982,207.047,
334.982,207.047,
334.982,207.047,
334.982,207.047,
334.982,207.047,
334.982,207.047,
334.982,207.047,
334.982,207.047,
334.982,207.047,
334.982,207.047,
334.982,207.047,
334.982,207.047,
334.982,207.047,
334.982,207.047,
334.982,207.047,
334.982,207.047,
334.982,207.047,
334.982,207.047,
334.982,207.047,
334.982,207.047,
334.982,207.047,
334.982,207.047,
334.982,207.047,
334.982,207.047,
334.982,207.047,
334.982,207.047,
334.982,207.047,
334.982,207.047,
334.982,207.047,
334.982,207.047,
334.982,207.047,
334.982,207.047,
334.982,207.047,
334.982,207.047,
334.982,207.047,
334.982,207.047,
334.982,207.047,
334.982,207.047,
334.982,207.047,
334.982,207.047,
334.982,207.047,
334.982,207.047,
334.982,207.047,
334.982,207.047,
334.982,207.047,
334.982,207.047,
334.982,207.047,
334.982,207.047,
334.982,207.047,
334.982,207.047,
334.982,207.047,
334.982,207.047,
334.982,207.047,
334.982,207.047,
334.982,207.047,
334.982,207.047,
334.982,207.047,
334.982,207.047,
334.982,207.047,
334.982,207.047,
334.982,207.047,
334.982,207.047,
334.982,207.047,
334.982,207.047,
334.982,207.047,
334.982,207.047,
334.982,207.047,
334.982,207.047,
334.982,207.047,
334.982,207.047,
334.982,207.047,
334.982,207.047,
334.982,207.047,
334.982,207.047,
334.982,207.047,
334.982,207.047,
334.982,207.047,
334.982,207.047,
334.982,207.047,
334.982,207.047,
334.982,207.047,
334.982,207.047,
334.982,207.047,
334.982,207.047,
334.982,207.047,
334.982,207.047,
334.982,207.047,
334.982,207.047,
334.982,207.047,
334.982,207.047,
334.982,207.047,
334.982,207.047,
334.982,207.047,
334.982,207.047,
334.982,207.047,
334.982,207.047,
334.982,207.047,
334.982,207.047,
334.982,207.047,
334.982,207.047,
334.982,207.047,
334.982,207.047,
334.982,207.047,
334.982,207.047,
334.982,207.047,
334.982,207.047,
334.982,207.047,
334.982,207.047,
334.982,207.047,
334.982,207.047,
334.982,207.047,
334.982,207.047,
334.982,207.047,
334.982,207.047,
334.982,207.047,
334.982,207.047,
334.982,207.047,
334.982,207.047,
334.982,207.047,
334.982,207.047,
334.982,207.047,
334.982,207.047,
334.982,207.047,
334.982,207.047,
334.982,207.047,
334.982,207.047,
334.982,207.047,
334.982,207.047,
334.982,207.047,
334.982,207.047,
334.982,207.047,
334.982,207.047,
334.982,207.047,
334.982,207.047,
334.982,207.047,
334.982,207.047,
334.982,207.047,
334.982,207.047,
334.982,207.047,
334.982,207.047,
334.982,207.047,
334.982,207.047,
334.982,207.047,
334.982,207.047,
334.982,207.047,
334.982,207.047,
334.982,207.047,
334.982,207.047,
334.982,207.047,
334.982,207.047,
334.982,207.047,
334.982,207.047,
334.982,207.047,
334.982,207.047,
334.982,207.047,
334.982,207.047,
334.982,207.047,
334.982,207.047,
334.982,207.047,
334.982,207.047,
334.982,207.047,
334.982,207.047,
334.982,207.047,
334.982,207.047,
334.982,207.047,
334.982,207.047,
334.982,207.047,
334.982,207.047,
334.982,207.047,
334.982,207.047,
334.982,207.047,
334.982,207.047,
334.982,207.047,
334.982,207.047,
334.982,207.047,
334.982,207.047,
334.982,207.047,
334.982,207.047,
334.982,207.047,
230.917,400.315,
233.687,400.781,
234.184,400.844,
234.786,400.981,
234.508,400.942,
235.442,401.112,
236.376,401.282,
237.31,401.451,
238.244,401.621,
239.178,401.79,
240.112,401.96,
241.046,402.129,
258.957,405.153,
288.476,404.415,
311.195,403.815,
305.726,404.608,
321.85,403.669,
315.643,404.675,
334.346,404.174,
344.841,405.079,
356.477,404.911,
376.637,400.836,
368.095,401.978,
371.389,401.435,
369.782,402.719,
378.924,402.433,
383.847,401.792,
386.28,401.357,
387.738,400.66,
388.044,400.508,
390.139,400.034,
433.72,392.136,
442.123,395.911,
472.035,394.286,
476.23,396.581,
470.567,396.04,
470.472,395.316,
473.996,394.928,
492.172,393.645,
499.423,393.645,
500.639,393.479,
502.834,391.546,
507.219,391.238,
519.213,381.215,
524.851,376.639,
521.932,380.905,
531.721,377.172,
532.668,378.871,
542.346,376.244,
545.769,379.167,
550.702,378.129,
550.949,376.484,
547.709,373.871,
557.38,341.527,
563.955,312.896,
562.818,293.075,
558.932,275.926,
560.146,290.799,
562.687,266.598,
563.391,256.812,
563.157,246.813,
565.176,233.347,
565.217,234.066,
564.875,222.013,
563.985,218.952,
563.985,208.354,
563.985,194.607,
563.985,200.191,
563.804,201.24,
563.65,204.527,
563.589,199.273,
563.581,197.155,
563.532,196.4,
563.43,196.4,
563.328,196.4,
563.226,196.4,
563.124,196.4,
563.022,196.4,
562.92,196.4,
562.818,196.4,
562.716,196.4,
562.614,196.4,
562.512,196.4,
562.41,196.4,
562.308,196.4,
562.207,196.4,
562.105,196.4,
542.182,205.686,
496.379,205.509,
465.873,205.687,
462.546,202.232,
466.674,201.227,
487.149,203.23,
462.471,204.344,
441.585,210.15,
418.446,216.04,
400.22,212.685,
391.575,209.299,
348.138,203.912,
330.669,204.653,
335.488,206.628,
358.44,208.682,
360.651,209.98,
344.124,208.803,
329.382,207.837,
322.865,206.958,
322.032,206.882,
321.726,206.882,
301.859,206.882,
275.625,205.083,
248.46,201.853,
232.624,197.262,
264.266,199.92,
254.632,200.733,
250.626,202.282,
236.571,200.808,
233.117,199.634,
233.238,206.115,
226.36,207.206,
224.374,209.437,
396.472,426.218,
396.925,422.443,
397.007,421.932,
397.105,420.82,
397.06,421.133,
397.213,419.759,
397.366,418.384,
420.701,387.249,
429.528,375.834,
432.486,369.051,
430.748,370.544,
426.191,375.052,
442.614,337.116,
452.487,320.925,
466.404,301.667,
478.553,291.695,
492.214,261.114,
483.716,275.195,
479.945,276.832,
479.96,279.26,
487.011,260.64,
492.608,250.482,
495.476,245.978,
497.633,243.789,
497.633,242.483,
497.633,241.178,
497.633,239.873,
497.633,238.567,
501.194,228.152,
508.954,209.522,
520.136,185.204,
505.435,215.948,
510.009,206.194,
512.475,208.041,
523.124,187.711,
522.131,185.502,
517.616,180.617,
519.393,181.967,
520.512,180.033,
521.006,175.9,
515.496,166.526,
501.629,167.157,
478.624,170.084,
470.879,171.455,
450.131,172.273,
405.522,177.075,
418.586,172.62,
404.556,170.169,
409.8,167.805,
383.275,170.808,
361.196,172.54,
352.332,174.82,
340.147,173.487,
336.859,173.398,
324.858,172.764,
313.106,173.524,
315.077,173.706,
303.091,173.706,
297.619,173.706,
287.127,175.057,
718.448,292.241,
718.448,286.484,
718.448,285.704,
718.448,284.007,
718.448,284.485,
718.448,282.389,
718.448,273.387,
718.448,267.148,
716.149,259.717,
713.031,251.448,
710.203,233.797,
707.233,244.066,
707.653,240.017,
706.514,238.144,
703.731,222.41,
697.356,213.085,
691.368,217.12,
684.576,203.233,
681.069,198.488,
677.964,191.22,
673.931,192.103,
668.855,185.36,
664.434,183.332,
656.259,175.622,
649.832,169.73,
649.691,164.951,
633.019,165.079,
637.465,165.538,
626.646,160.507,
623.328,156.143,
620.517,156.801,
610.493,153.597,
605.494,154.043,
596.969,150.189,
594.476,149.646,
588.838,149.064,
560.953,146.261,
560.098,146.924,
552.144,144.398,
556.472,144.583,
558.132,145.61,
558.145,145.264,
553.741,144.396,
546.578,142.927,
543.462,142.77,
542.621,142.774,
542.34,142.609,
542.23,142.391,
542.121,142.172,
542.011,141.954,
538.458,140.095,
498.131,120.791,
491.305,118.088,
480.043,111.077,
478.371,110.574,
460.04,103.266,
455.334,107.33,
468.709,108.389,
458.023,106.862,
437.731,99.7493,
411.085,93.4889,
382.283,95.4026,
393.253,98.4623,
385.469,101.746,
387.924,99.8831,
386.012,96.2525,
385.87,100.34,
380.162,98.3425,
371.634,100.115,
368.431,98.7795,
367.612,100.412,
367.106,100.713,
366.668,100.713,
366.23,100.713,
365.792,100.713,
361.95,100.713,
335.931,100.713,
342.764,98.9143,
336.779,99.652,
339.454,100.073,
332.179,100.622,
329.398,100.126,
324.112,99.7605,
310.414,106.303,
299.589,109.468,
291.432,109.214,
280.34,109.006,
284.524,104.894,
273.013,106.798,
268.218,107.359,
261.578,109.902,
248.211,110.242,
253.777,110.242,
240.842,111.593,
237.715,111.691,
229.998,112.447,
216.482,120.947,
213.109,121.15,
198.461,129.088,
194.954,133.94,
191.86,143.169,
186.796,151.263,
197.748,135.919,
190.783,138.349,
186.716,139.179,
177.589,149.499,
176.825,151.047,
176.242,151.681,
175.147,152.227,
174.053,152.774,
172.958,153.32,
171.864,153.866,
129.657,174.39,
112.953,185.119,
106.821,191.232,
117.73,188.478,
101.475,202.489,
117.822,191.748,
104.268,206.805,
102.592,206.192,
91.2515,214.38,
84.7961,223.994,
80.7613,227.672,
76.3334,243.392,
79.3856,240.462,
81.5402,238.303,
80.5816,249.588,
78.8036,255.897,
75.5737,260.021,
75.5691,261.013,
76.5592,267.502,
77.0039,267.486,
76.7308,266.352,
76.1715,267.456,
76.1715,271.357,
75.2585,275.829,
71.4426,284,
74.9713,286.039,
75.2384,293.112,
76.282,292.871,
74.3427,295.31,
74.2628,301.649,
76.454,296.88,
76.1168,302.114,
76.1424,303.221,
75.9632,311.258,
77.5652,318.548,
82.7425,315.852,
84.2624,316.672,
83.3005,315.093,
80.6697,318.019,
81.9291,319.87,
83.9204,321.396,
85.6919,322.614,
86.3485,323.27,
87.0052,323.926,
87.6618,324.581,
88.3185,325.237,
122.786,349.385,
138.715,356.082,
151.705,361.135,
167.181,366.706,
154.45,358.806,
174.693,375.318,
176.956,380.456,
194.592,394.688,
210.899,401.723,
214.807,398.927,
232.333,410.913,
235.49,416.389,
243.652,425.459,
249.186,427.709,
247.754,423.185,
251.593,427.933,
255.634,429.901,
264.422,434.787,
269.989,435.943,
276.561,439.182,
279.758,439.18,
284.312,439.823,
291.641,441.138,
304.892,445.726,
300.715,445.429,
315.237,443.319,
316.29,442.374,
319.911,443.708,
316.647,445.107,
314.425,441.41,
323.585,444.397,
328.509,444.599,
333.294,446.052,
333.127,444.482,
334.258,444.176,
335.785,444.272,
337.312,444.367,
338.839,444.462,
340.365,444.557,
341.892,444.653,
392.752,458.045,
411.629,463.265,
419.466,465.703,
408.721,460.415,
401.5,455.977,
421.788,461.505,
431.085,463.329,
446.951,465.968,
460.271,465.748,
459.422,466.739,
475.904,464.135,
477.255,462.941,
486.87,461.097,
494.119,459.633,
496.824,458.033,
513.373,454.382,
516.771,453.525,
529.572,451.7,
545.906,450.338,
547.1,453.429,
560.977,451.687,
554.679,457.447,
554.463,456.122,
551.102,451.292,
559.464,449.977,
566.19,450.257,
569.418,453.276,
569.609,453.276,
569.8,453.276,
569.991,453.276,
570.182,453.276,
570.372,453.276,
576.933,451.757,
589.318,448.596,
590.867,445.891,
595.912,439.672,
591.333,442.225,
593.788,441.466,
598.088,438.589,
602.687,436.067,
605.457,434.604,
604.656,435.162,
609.239,431.277,
617.724,425.003,
619.807,422.235,
617.793,420.125,
623.23,417.531,
632.149,410.375,
639.028,402.862,
633.995,407.039,
639.978,398.376,
641.707,397.452,
650.537,387.224,
657.029,381.599,
654.94,384.422,
660.075,378.339,
662.981,378.354,
673.622,370.857,
681.117,366.885,
678.676,366.19,
681.326,361.58,
680.095,362.013,
686.879,358.525,
692.571,356.551,
689.621,357.066,
697.407,351.385,
694.911,352.686,
698.387,350.883,
699.17,350.663,
704.441,345.021,
704.691,344.917,
395.473,214.837,
391.709,214.837,
391.033,214.837,
390.216,214.837,
383.827,217.37,
359.918,225.732,
355.616,229.675,
322.916,256.674,
310.472,268.317,
293.045,283.432,
279.355,299.858,
305.502,277.272,
287.407,294.641,
275.241,300.98,
248.55,324.964,
245.946,328.118,
249.776,325.295,
243.543,331.838,
233.543,343.014,
222.304,357.592,
219.95,365.618,
218.884,360.532,
220.82,362.909,
219.659,366.354,
216.456,374.816,
209.655,379.03,
213.271,373.914,
212.675,376.408,
213.205,379.245,
212.246,384.867,
217.703,384.256,
223.42,382.529,
228.377,382.685,
235.867,382.446,
253.119,377.462,
282.709,364.712,
278.695,373.69,
310.087,373.668,
307.612,378.741,
321.925,373.733,
342.026,372.36,
341.398,370.986,
383.978,370.156,
392.701,370.156,
413.935,370.156,
426.86,370.156,
444.048,370.156,
472.696,370.156,
467.536,370.156,
464.629,371.506,
470.773,374.549,
480.38,375.213,
490.25,374.344,
497.644,375.135,
510.872,377.922,
523.254,381.088,
521.225,378.674,
528.979,379.482,
527.88,378.866,
535.189,380.298,
545.628,380.609,
543.756,381.188,
554.653,381.59,
557.223,379.137,
564.398,377.802,
562.89,377.913,
550.704,373.635,
552.618,372.526,
554.183,369.914,
559.22,369.367,
315.26,347.317,
306.227,353.58,
304.606,354.429,
302.643,356.275,
295.309,359.823,
264.69,375.537,
252.888,374.43,
260.202,366.481,
263.045,363.714,
248.764,369.504,
224.564,373.244,
215.236,374.711,
217.915,374.544,
208.074,370.416,
195.012,364.608,
192.151,361.991,
174.29,353.377,
175.835,350.235,
164.047,338.508,
162.285,330.989,
161.561,326.443,
159.286,311.543,
160.677,308.747,
156.103,289.999,
154.272,285.446,
152.441,296.901,
169.503,273.923,
174.634,268.436,
184.985,249.916,
186.664,253.979,
187.719,257.699,
214.953,258.731,
213.398,254.766,
231.733,249.029,
238.082,246.312,
248.209,246.312,
277.929,246.312,
275.505,246.312,
298.489,246.312,
309.555,246.987,
324.062,250.799,
358.48,277.773,
355.006,279.786,
390.053,298.286,
413.493,298.965,
438.521,296.571,
489.42,321.172,
472.116,319.665,
471.653,335.714,
451.707,337.632,
457.693,350.43,
489.793,338.758,
503.079,344.031,
513.075,346.344,
507.181,355.892,
509.151,355.892,
511.121,355.892,
513.091,355.892,
515.061,355.892,
529.256,355.156,
555.804,353.405,
571.929,349.021,
567.374,348.061,
572.699,345.502,
578.776,344.704,
583.245,343.143,
597.367,339.446,
596.307,336.578,
613.578,328.071,
619.868,323.205,
624.839,320.178,
632.024,309.796,
635.31,306.903,
637.99,292.939,
634.951,288.515,
634.711,284.597,
638.524,262.41,
641.638,258.292,
637.895,243.273,
631.949,245.99,
746.47,294.251,
746.47,295.509,
746.47,295.68,
746.47,296.051,
746.47,295.946,
746.47,296.404,
746.47,296.862,
742.334,305.926,
740.285,312.079,
737.301,318.102,
736.229,318.703,
736.04,320.106,
732.535,324.984,
730.602,329.004,
728.643,334.946,
726.838,339.654,
722.998,344.496,
713.974,353.185,
706.323,357.835,
696.444,365.443,
692.31,362.203,
691.317,369.729,
683.759,371.395,
668.415,383.673,
651.143,391.599,
650.732,392.028,
638.89,394.827,
622.02,402.338,
600.088,403.672,
596.768,406.508,
583.022,406.611,
565.559,417.861,
545.932,421.042,
540.911,421.043,
528.547,422.036,
513.787,423.758,
503.161,428.255,
490.675,432.025,
479.177,430.721,
466.469,435.979,
445.159,442.867,
428.922,446.758,
427.676,445.624,
423.031,450.951,
434.066,442.989,
428.649,447.082,
423.795,446.076,
413.39,451.475,
410.295,451.475,
409.911,451.475,
409.78,451.475,
409.648,451.475,
396.828,451.475,
357.096,451.475,
272.724,454.495,
257.245,454.098,
279.941,446.626,
289.668,435.485,
275.218,431.735,
253.73,433.367,
229.842,428.07,
210.849,423.382,
195.399,417.531,
179.594,410.234,
145.041,398.245,
156.588,402.237,
142.124,396.819,
141.233,398.278,
126.784,387.548,
118.147,379.587,
98.7725,370.765,
81.1789,362.027,
81.3644,360.769,
88.9426,350.394,
93.2406,351.288,
87.2087,359.047,
79.3768,356.986,
74.4784,352.986,
73.1629,345.706,
73.0481,345.706,
72.9334,345.706,
72.8187,345.706,
71.4385,344.499,
61.8165,335.277,
59.8703,331.278,
60.4982,325.967,
58.659,325.239,
62.8947,323.405,
57.6367,319.415,
61.0414,312.429,
57.5848,314.614,
57.8862,314.063,
55.8075,313.062,
55.5217,305.416,
55.5217,301.421,
55.5217,292.894,
55.5217,290.667,
55.5217,289.922,
56.7192,287.364,
59.5467,281.082,
64.8478,265.751,
76.5663,241.638,
86.701,230.488,
82.5973,235.952,
90.433,225.818,
90.3532,226.114,
102.789,211.325,
110.961,211.871,
117.929,198.037,
131.644,196.189,
144.563,182.227,
157.423,173.908,
155.806,168.645,
153.492,172.208,
152.569,175.388,
158.664,173.242,
166.247,168.398,
171.904,164.803,
174.933,163.348,
176.462,163.042,
177.992,162.737,
179.521,162.431,
181.05,162.126,
200.989,160.859,
265.489,158.153,
286.31,161.327,
278.226,160.984,
249.344,161.716,
261.85,159.896,
277.373,159.896,
315.386,159.896,
306.545,159.896,
314.456,159.896,
317.542,159.896,
337.45,159.896,
347.557,159.896,
357.473,158.487,
368.542,152.198,
376.483,148.481,
379.988,149.18,
384.354,148.811,
393.736,147.026,
405.831,142.935,
418.843,140.543,
418.566,140.291,
430.46,140.28,
436.719,136.283,
441.247,138.448,
432.747,136.669,
436.093,137.302,
441.691,135.208,
448.37,135.122,
449.658,135.122,
450.457,135.122,
451.256,135.122,
452.055,135.122,
501.82,135.122,
543.915,144.842,
552.651,157.345,
545.165,163.735,
544.221,160.187,
563.465,155.29,
586.189,165.128,
607.589,171.362,
620.97,183.013,
630.061,182.625,
655.189,199.351,
655.325,195.213,
660.956,203.081,
669.57,204.818,
315.464,419.937,
314.177,419.937,
313.946,419.937,
310.652,425.544,
311.206,429.295,
308.268,429.483,
307.984,430.674,
305.593,438.225,
298.736,446.481,
299.429,447.631,
292.392,452.741,
288.568,454.496,
273.459,461.928,
273.729,460.67,
270.563,465.837,
265.186,468.87,
254.334,473.24,
242.202,476.176,
222.604,478.16,
225.542,475.002,
213.134,476.464,
209.919,477.238,
189.946,471.051,
171.931,454.821,
182.86,458.823,
177.813,446.444,
170.714,433.23,
159.028,411.914,
159.863,392.426,
159.492,364.526,
158.78,341.413,
154.832,345.139,
150.848,336.984,
150.393,262.694,
155.875,233.902,
158.53,229.107,
158.975,234.515,
157.929,219.604,
155.342,228.803,
156.566,213.954,
157.801,205.904,
160.117,187.436,
160.626,187.436,
161.135,187.436,
161.644,187.436,
162.153,187.436,
162.662,187.436,
163.172,187.436,
163.681,187.436,
164.19,187.436,
169.765,185.631,
191.736,177.753,
203.975,166.242,
240.056,147.759,
221.938,158.316,
223.086,159.254,
224.522,161.624,
244.595,151.984,
253.945,147.588,
267.153,145.357,
277.313,144.33,
293.157,144.386,
288.153,142.871,
286.942,141.79,
293.847,140.745,
305.896,143.459,
323.971,153.726,
336.203,168.487,
338.138,183.169,
349.468,196.765,
352.378,200.355,
376.716,219.931,
372.451,213.722,
380.381,231.3,
384.849,246.223,
411.564,293.903,
431.188,321.206,
439.966,334.396,
441.473,352.877,
431.285,352.727,
427.991,333.779,
435.57,345.879,
446.168,360.93,
452.444,383.592,
452.821,385.848,
453.198,388.105,
453.575,390.362,
464.196,407.759,
482.89,436.926,
495.52,457.218,
493.818,449.682,
510.423,449.613,
500.914,439.446,
514.14,448.089,
513.487,452.579,
534.757,462.519,
541.437,466.775,
546.583,468.241,
554.878,467.412,
564.868,463.989,
587.897,465.271,
589.359,460.006,
591.713,449.562,
598.743,432.966,
610.958,400.55,
616.251,379.359,
615.864,366.419,
617.848,359.995,
621.393,349.953,
626.955,319.618,
626.179,318.896,
626.225,282.445,
624.277,278.445,
626.696,268.626,
628.887,274.501,
628.079,266.559,
625.046,255.972,
626.626,252.009,
626.59,248.33,
626.824,247.066,
625.225,244.787,
625.128,244.593,
625.03,244.398,
624.933,244.204,
624.836,244.009,
624.738,243.815,
618.715,238.269,
608.404,225.665,
596.28,209.6,
582.211,199.091,
595.42,204.474,
593.903,198.129,
589.02,190.676,
578.823,183.575,
572.95,179.333,
566.35,175.439,
555.865,166.609,
547.403,155.835,
551.774,156.596,
547.915,147.612,
536.315,145.003,
517.531,142.909,
394.584,241.344,
394.584,242.266,
394.584,242.39,
393.641,242.951,
389.698,244.974,
392.825,246.546,
390.578,244.966,
389.221,249.064,
384.516,250.925,
386.348,254.594,
382.533,253.567,
382.223,256.921,
382.302,258.804,
380.441,260.453,
375.293,265.392,
368.896,270.205,
365.762,274.091,
370.01,270.534,
368.923,272.475,
366.129,277.516,
358.961,280.549,
358.633,282.557,
357.151,286.003,
353.106,286.74,
355.043,286.731,
345.04,292.327,
348.676,290.644,
343.829,295.434,
342.294,293.438,
336.594,298.998,
334.589,298.968,
336.73,299.551,
330.673,301.099,
327.581,303.388,
324.565,305.13,
322.39,309.009,
316.412,313.395,
312.206,314.627,
314.824,315.737,
314.525,314.582,
313.254,317.84,
307.695,320.77,
304.912,325.741,
305.034,324.128,
302.319,327.057,
305.125,326.141,
299.327,333.465,
297.652,333.225,
297.106,333.357,
294.878,338.313,
293.421,338.323,
293.673,339.11,
296.118,337.355,
294.695,339.755,
290.886,343.234,
289.545,347.912,
291.959,342.738,
292.515,343.278,
292.178,342.259,
291.125,345.207,
291.267,345.207,
291.408,345.207,
296.099,345.207,
305.178,345.207,
309.417,345.207,
311.162,345.207,
314.032,345.207,
318.105,343.572,
325.944,342.26,
331.23,341.63,
334.323,343.407,
338.081,339.788,
343.498,341.969,
354.862,341.321,
362.026,342.371,
365.53,340.93,
363.825,340.443,
371.554,340.443,
380.134,340.443,
380.337,340.443,
387.482,340.443,
385.295,340.443,
388.994,340.443,
397.538,341.206,
405.719,343.272,
406.34,342.782,
401.803,342.509,
408.826,342.683,
416.746,344.609,
419.62,345.77,
415.212,343.728,
415.297,343.895,
425.486,343.991,
431.412,345.207,
432.369,345.207,
436.571,345.207,
442.547,345.207,
445.131,345.207,
444.474,345.207,
446.893,345.207,
444.3,345.207,
446.816,345.207,
448.325,345.207,
451.895,345.207,
452.509,345.207,
452.849,345.207,
453.188,345.207,
453.528,345.207,
453.867,345.207,
454.207,345.207,
454.547,345.207,
468.235,345.207,
473.007,345.207,
474.961,345.207,
474.108,345.207,
475.908,345.207,
480.685,345.207,
482.321,345.207,
486.715,345.207,
487.308,345.103,
490.876,342.681,
495.886,344.836,
494.182,344.149,
496.237,343.043,
499.902,343.303,
505.573,341.461,
504.416,343.121,
502.004,340.343,
500.804,341.377,
502.829,339.597,
500.798,338.779,
497.113,337.609,
487.759,333.676,
490.05,332.193,
