11.9505,5.22941,0,0,4.7866,3.88679,0,2.63416,11.0478,12.2618,16.7284,5.458,0,0,0.642902,7.57387,0.909282,0,0,2.15227,2.90342,9.62954,4.00263,0,0,6.54023,13.7022,5.65828,1.33893,4.134,0,0,6.00724,8.79354,3.3803,4.3132,10.7534,13.5741,13.903,11.3247,6.45243,0,0.407868,8.08713,1.7531,4.2083,8.78961,3.30175,4.17123,10.6085,8.81481,6.59474,8.98462,9.47399,14.4552,0,0,4.07603,0,0,6.42548,1.08116,0,2.86735,12.0671,16.5233,0,1.72087,5.59551,0,0,7.74491,0,0,1.59154,5.78147,7.1141,4.69543,0,0.364982,7.66897,8.33248,13.2162,6.13637,3.48223,3.95078,0,0,2.98203,0,0,7.48568,17.4133,20.1295,15.0834,12.1679,3.56583,0,0,0,0.00148838,4.58039,11.4086,20.0677,22.5951,13.1574,4.49444,0,2.55934,6.15906,0,0.651868,9.84414,18.4764,25.4492,21.3227,11.3292,1.34726,0,0,8.71451,0,0,0,0,3.14159,0,0,0
12.977,4.10706,0,1.88037,8.43411,0,0,1.92767,0,1.82763,10.4198,11.5183,1.58038,0,0,5.06387,1.32913,0,1.35307,0,0,8.97691,7.00576,0,0.0823536,0,0,3.97365,7.80118,5.5472,2.21158,5.03993,12.4338,4.75801,0,0,0,0,4.1647,6.93668,0,0,4.2054,9.22781,3.51013,2.35438,1.85333,0,0,9.39576,7.42511,0,0,0.227725,0,0,0,2.48373,0,0.628873,9.78731,12.8127,7.08991,5.47592,0,0,0,0.590441,2.83281,0,1.9349,9.7793,9.48984,8.5671,9.13168,2.55551,2.21723,2.37799,0,0,0,0,7.4517,0.68757,0,3.11428,0,2.18904,5.70972,0,2.32243,0.97019,3.00477,6.84372,0,0,0.82348,0,0,13.246,4.56384,0,1.60961,9.90281,10.447,3.52645,2.15929,6.19602,2.27214,5.45637,11.9951,2.04672,0,0,8.14221,17.4309,12.745,11.9595,14.647,12.2659,14.1674,0,0,0,0,3.14159,0,0,0
6.99173,0,0,4.39396,4.53091,10.3742,18.6194,8.90095,0,0,2.02583,5.76533,0,0,0,0,5.61157,15.4496,9.59853,0.640819,0,3.09491,10.2082,4.09941,3.75553,0,0,6.50254,8.74037,3.7567,5.07621,6.40756,9.95828,10.9686,12.3029,12.1148,7.11796,7.23327,12.3818,3.5327,0,0,7.2415,17.1167,1.06553,3.42325,5.06605,0,2.46623,10.4846,4.66513,0,0,8.14391,17.6992,0,0,1.80574,0,0,8.22106,11.1423,6.88323,7.97467,13.6883,17.4649,0,2.07096,5.86711,0.769192,3.42334,11.0807,19.6468,16.7764,14.761,8.97551,7.52242,9.25442,10.6995,13.3094,7.21769,5.79771,10.0671,12.1622,11.723,9.12636,0.619925,0,19.2146,17.9062,8.21738,0,0,3.82858,2.81676,2.04138,7.84742,0,0,27.6056,17.7001,7.90017,0,0,3.40793,0,0,4.10054,0,2.04935,30.034,20.9167,12.5601,6.18882,4.66959,8.15913,0.510919,0,1.76164,0,0,0,0,0,0,3.14159,0,0,0
8.38971,2.18512,2.60052,8.76785,8.43743,0,0,1.97391,11.2007,3.10898,0,4.54611,0,0,0,0,1.21333,0,0,2.98512,0,0,5.33364,0,0.275629,0,0,5.51685,0.724011,0,0,4.51135,0.979679,0.73852,0,0,1.7915,0.906208,7.28731,5.30186,0.978277,2.03318,0,1.37452,3.98252,0,2.95378,0,0,3.99607,13.5221,10.7593,1.10139,0,0.383795,11.8107,9.02238,7.60293,1.53765,0.631236,7.11517,14.1182,6.87374,3.70249,3.92751,6.91942,13.7988,4.63045,0,0.458579,8.89571,14.2893,10.1905,0.520933,0,0.805574,10.4889,12.7648,2.88034,0,0,7.57557,6.27053,1.77773,1.69004,0,1.94686,5.22955,15.8861,7.82571,2.86165,4.59753,11.3689,1.42875,0,0,5.42904,0,0,14.5826,5.77793,0,1.75691,9.56695,4.01794,0,2.01967,5.86443,0,0,12.7797,2.78884,0,0,7.24752,11.5032,8.3405,10.2573,11.5709,6.40303,6.51708,0,0,0,0,3.14159,0,0,0
0.457967,0,0.320006,0,1.19774,8.64708,3.92617,3.16601,0,0,6.87053,2.37118,0,2.25478,0,0,3.20723,0,0,0,1.52509,9.23325,9.91791,7.18401,7.39053,1.37901,2.51132,4.18267,0,0,2.08509,7.1971,15.4053,18.9897,12.9596,8.97778,9.82851,11.728,10.6849,6.55566,0,0,2.61751,12.5586,14.9105,5.92309,0,0.9349,8.77726,18.0285,9.32848,1.1032,0,4.92189,11.4672,13.3866,3.41443,0,0,6.70293,16.6834,15.2399,9.66576,8.34211,4.03755,1.53272,11.3129,3.08109,0,3.12922,10.1343,18.9552,15.9712,14.8573,8.25559,0,0,9.16758,0,0,0.863639,10.8541,13.1488,6.71081,4.92103,9.13173,1.89041,0,11.9215,4.05082,0.691109,5.20441,13.4104,8.45576,0,0,3.06802,10.3358,8.69485,13.7344,4.92356,0,1.8953,10.0223,8.58401,0,0,3.24852,12.7796,18.6646,12.0614,2.08705,0,0,8.00763,13.4545,7.13189,5.39115,9.5006,16.9009,25.5956,0,0,0,0,3.14159,0,0,0
0,2.69771,10.8127,1.54166,0,0.126111,4.0614,0.143419,4.42411,0.0754067,0,0,0,8.60835,2.24977,0,0.926346,0,0,0.259256,2.50605,0,0.747132,1.75951,3.7975,0,0,5.38633,3.86066,0,3.98468,3.38916,7.74529,2.48774,0,0,0,0,4.25771,12.1205,6.04701,0,0,4.44302,5.02285,0,1.39543,4.67184,3.87603,9.23085,16.8224,7.41091,0,0,5.91036,0,0,4.58972,0.182058,0,3.22334,12.5931,13.4259,5.42377,0,0,0,0,3.71329,0,0,2.43754,8.16551,9.61981,5.44532,0,0,5.35368,4.12417,9.05908,6.22792,4.10449,4.64677,0,1.15485,9.47773,5.72193,5.97295,14.358,9.33455,5.54369,0,0,2.41053,0,0,2.43418,3.68308,10.4901,8.04287,0.298433,0,0,0,6.27531,2.18468,3.51333,0,0,6.74705,6.05547,0,0,4.05257,4.68376,10.8267,12.0898,5.59581,0,0.414655,8.46843,0,0,0,0,3.14159,0,0,0
23.6857,16.6061,10.9154,1.06836,0,0,9.43377,10.0075,11.7731,5.49646,4.36008,18.5449,9.69695,2.69367,1.58829,0,1.81886,4.41815,0.0111939,3.87678,0,0,13.0748,6.37235,0,0,3.69422,9.66606,0.382956,0,0,0,0,3.43623,3.67395,1.01348,0,6.35896,12.7021,4.41279,0.00346617,3.8712,7.36794,6.36206,0,0,5.54053,9.35303,13.403,18.5536,12.5311,9.9998,12.1886,16.8728,16.2339,0,0,7.01749,8.19347,9.18719,14.6027,21.7423,17.8171,13.3601,12.7507,16.2583,0,0,5.34461,0,0.476095,8.6251,16.4777,10.6033,4.01414,2.97295,8.44447,0,0,3.30629,0,0,6.98513,6.55319,6.58908,0,0,3.8167,3.01306,0,1.44992,0,0,4.08059,0,0,0,0,5.54361,2.92209,0,0,0,0,3.08437,0,0,7.81148,7.89987,12.188,6.95962,1.40234,3.13003,2.57666,2.62598,8.55096,3.886,5.54039,12.1402,17.7688,20.7085,0,0,0,0,3.14159,0,0,0
6.76197,4.94262,9.12067,12.9718,14.5099,19.5595,18.5221,17.7576,11.6192,9.08647,11.4755,0,0,3.02915,3.00229,5.55928,12.3701,8.59299,9.77315,3.62618,0,3.39702,0,0,1.72111,0,0,5.25154,0,1.09802,0.195884,0,0,0,0,3.30813,0,1.17157,2.83737,0,0,4.90769,0.915259,4.69852,0,0,3.39277,0,0,7.03498,1.92749,1.82529,0,5.36394,13.1156,3.41264,0,3.61561,0,0,6.84411,7.61955,0,0,2.44058,12.4249,0,0,0.177941,2.45565,4.1966,9.71233,1.71479,0,1.19727,6.53739,14.9317,4.70748,0.91114,2.8633,0,0,7.45467,0,0,2.47786,12.4579,16.0123,0.486307,0,0.732089,0,0.723193,9.01018,3.3984,1.32154,6.63843,8.54724,6.01699,1.79414,0,2.01319,8.03631,9.27975,7.99581,0,0,5.05699,1.13131,0,9.1896,6.45747,9.32501,16.0012,16.7984,6.90493,0,0,3.73464,0.18882,0,0,0,0,0,3.14159,0,0,0
5.22216,3.03412,7.5517,9.28179,11.4744,14.1625,9.2584,8.91945,12.8656,7.34815,6.70566,0,0,2.25521,0,3.25373,7.76481,0.131552,0,6.63635,0,0,0.768933,0,0.556815,0,0,5.72739,0,0,4.44059,0,0,8.92347,7.21255,5.03187,0.738723,4.30675,9.47084,2.89082,2.37874,8.44703,5.04668,4.30116,11.5882,2.43978,0,1.49521,10.5143,16.6623,12.3145,12.0226,6.73404,0,0,10.8498,1.10899,0,0.0399833,9.73568,19.6343,16.5374,9.70134,4.95447,0,0,14.5637,7.09009,3.44496,6.41532,13.6254,21.4775,11.7887,2.59584,0,1.2461,3.24605,14.6637,7.68482,4.73805,7.93508,15.0225,20.9007,11.1011,1.36518,0,0,9.51658,10.3364,0.863963,0,1.26676,8.82583,11.8894,10.1421,7.31126,3.54952,6.35541,13.4821,10.4656,1.10398,0,1.49838,0,4.26341,0.287301,2.5314,0,0,8.253,14.9823,8.12653,5.26527,0,0,1.30229,0,0,0,0,7.46057,0,0,0,0,3.14159,0,0,0
6.88365,3.9746,7.47917,0,0,2.16328,4.71823,5.05654,3.35967,0.146431,5.08043,0.283631,0,1.23461,0.891526,0,3.86431,0,0,0,0,1.2237,1.24493,0,2.12072,0,4.21678,5.6834,0,0,2.45852,0.00270738,4.98411,8.63179,6.04292,0,0,0.130046,10.13,6.60572,5.07825,0,0,5.05318,3.31158,3.26914,4.06834,0.0258945,4.25198,12.4882,16.3715,7.29858,0,0,4.7089,0,0,5.12168,10.0255,12.4415,17.0043,21.167,13.8983,5.005,0,0,0,0,4.82245,2.98131,3.3165,9.65054,18.195,15.356,5.8714,0,0,2.71109,0,0,0,0,5.5903,12.0428,10.5484,1.76843,0,3.07714,4.38382,0,0.504751,0,0,7.31967,2.34578,3.1162,0,0,1.13174,11.2654,1.53896,0,0,8.65663,4.11868,0,0,5.63023,2.67131,6.6379,12.8247,3.91402,0,1.78427,10.2856,6.30559,0,0.25208,8.02003,12.6598,15.0943,0,0,0,0,3.14159,0,0,0
0,0,2.8616,0,0,2.96102,0,0,3.99554,0,0.630626,0,0,0,0,0,3.80025,0,0,2.41935,0,0,8.07764,1.95091,0,2.63483,6.29585,10.3201,7.99221,5.5904,7.03113,3.08331,5.1572,0.717892,0,3.26983,10.0635,11.0157,13.2764,3.74013,0,0,8.16007,14.2509,0,0,2.0303,3.49716,1.10716,6.26544,3.47297,0,0,7.95877,17.7402,5.87932,3.51889,7.4006,0,0,2.09441,9.34555,4.87445,6.37829,11.3698,16.3443,13.3472,4.18851,0,0.665527,0,5.09916,13.8575,6.65034,0.704645,2.3266,9.73071,12.3573,2.49266,0,0,8.02016,12.5764,13.1334,3.13434,0,0,6.86944,8.09809,7.63007,2.92437,4.94186,9.38596,13.5724,13.2507,5.96144,0.253958,1.93731,9.48987,0,1.49636,8.34986,0.796388,0,6.62081,9.51987,0,0,1.11518,10.9218,0,0,6.04084,0,0,4.03006,10.5294,1.64607,0,2.80543,11.8667,0,0,0,0,3.14159,0,0,0
15.7264,14.6586,17.4635,22.1482,21.9426,14.1869,5.33839,0,1.65292,9.64823,11.0189,6.45738,4.73238,9.05887,12.3737,12.0772,12.5134,2.53459,0,0,1.69389,1.50897,0,0,3.12392,2.94829,2.42894,8.47428,6.70226,1.36784,3.39739,0,0,0,0,3.46231,0,0,4.43519,7.96989,1.72022,2.32111,0.866074,0.666816,7.2579,5.62155,7.74795,0.0900931,0,6.59671,4.30676,0,0,0,0,16.5863,15.5544,14.126,9.2064,8.86017,10.9335,4.73009,0.0446998,0.739758,0,0,18.5867,15.0347,8.97603,3.8949,5.03486,6.42291,0,0,4.35284,4.90033,5.60834,10.6094,5.30629,3.79835,0,0,7.00972,0,0,0.176857,0,5.54583,5.2412,0,0,0,0,7.87835,7.6487,6.69418,0,0,3.63277,5.48679,0,0,6.38429,7.80341,8.6083,0.50973,0,3.85378,2.68777,8.16678,11.1515,6.02878,6.3235,11.8172,16.8637,6.90692,0,0,3.35666,12.4757,15.9656,0,0,0,0,3.14159,0,0,0
6.11693,7.44992,7.58128,0.533915,0.621922,7.73942,3.09483,4.09805,5.80611,4.54943,9.32714,0,0,4.92235,0,0,3.8779,0,0,0,0,3.75498,0,0,4.82936,0,1.83112,5.5241,0,0,0,0,4.31296,4.38936,5.86814,1.07316,0,0,8.92814,7.7955,4.38584,7.12846,6.0832,8.75553,2.83142,2.5921,5.01067,0.19183,3.50654,11.1351,1.53794,0,0.295021,0,0.733791,0,0,3.56221,0,0,8.66645,2.07175,0,0.889937,0,0,0,0,2.95706,0,0,8.23152,8.92962,5.64488,4.59955,3.28374,5.55965,7.05774,7.15416,8.75733,4.37608,6.17114,12.7231,15.261,5.44059,0,0,5.46918,0,0,3.45661,0,0.223309,9.13724,15.4413,6.24719,0,0,6.27437,0,0,2.48861,0,0,8.46941,9.97956,1.31552,0,3.62927,12.1453,4.47337,4.58688,8.18929,3.8769,5.94635,12.7157,8.73782,0,0,1.73371,11.5995,0,0,0,0,3.14159,0,0,0
19.2165,10.7158,4.30692,3.42501,8.86196,17.0429,13.519,9.83258,10.8211,5.89192,4.01611,16.3808,6.47699,0,0,4.0755,13.9513,6.15639,0.0605826,1.89125,0,0,17.1716,7.71545,0,0,3.50889,9.84012,2.99666,0,0,0,0,11.0995,9.63592,4.62701,0,0,5.72803,6.63723,0.815905,2.53675,7.9433,6.30522,2.43191,0,5.33989,0,0,7.35255,2.76292,0,1.58627,10.4919,15.6752,0,0,2.02811,0,0.862992,9.04717,1.14676,0,0,1.98301,8.42941,1.57256,0.66108,2.90131,0,0,6.85159,0,0,0,0,4.83484,0,0,4.74222,1.3287,1.03848,5.26229,0,0,0.411556,0.220134,7.33499,1.02819,0.78894,5.32457,0,0,4.67543,3.43895,0.585683,0,1.13164,6.15102,0,0,1.51205,1.32973,1.03953,7.75893,10.5309,1.28922,0,0,0,1.73228,0,3.79594,10.6972,10.5398,14.8071,15.237,8.51584,5.77227,0,0,0,0,0,0,3.14159,0,0,0
10.8375,1.12268,0,0.13601,9.80533,12.9536,5.92268,3.42379,7.51754,4.589,4.37822,3.70303,2.29374,0,1.43516,10.5006,8.96622,0,0,1.82016,0,0,0,0,1.60569,0,5.41621,9.81336,0.919503,0,3.13651,0,0,0.612856,0,0,0,2.62057,12.6001,4.43354,0,0,7.24611,7.06818,0,0,3.33905,1.37602,6.76,13.6261,3.90645,0,0,7.29113,6.25258,0,0,6.21182,11.2375,14.5462,11.3346,5.19902,4.38241,5.77489,1.19027,0,6.33927,6.46512,11.7997,19.654,16.4925,6.66426,0,0,4.32577,0.0239777,0,9.11917,5.78605,8.24435,14.8297,16.9144,7.32709,0,0,5.09166,6.60536,3.78115,2.25744,0,0.842441,10.0304,8.41604,10.3907,2.56812,0,4.31846,12.9902,13.7735,1.61667,0,0.112406,3.96214,0,2.17384,0,0,1.22573,11.2025,21.1942,7.87874,4.25855,6.93998,1.2855,0,0,4.14053,1.11239,5.71673,13.8861,23.0768,0,0,0,0,3.14159,0,0,0
0,0,4.80931,14.4088,19.2682,9.81136,1.32924,0,4.14481,13.1503,22.7383,0,0,4.59696,14.2806,18.2918,8.33812,0,0,1.99469,11.9028,21.8684,5.93352,5.17735,10.17,17.9875,20.7282,11.9108,4.69509,2.32102,6.96082,14.8147,22.9971,9.46407,6.30356,8.78197,14.0381,15.6479,12.2772,3.01208,0,0.742138,9.70871,14.4849,2.37092,0,1.2673,4.05289,6.65738,11.655,1.91542,0,0,0.990476,7.06832,1.2796,0,0.0569302,0,0,9.41928,7.7381,3.69963,0,0,3.53304,7.36143,3.72499,2.52241,0,0.806469,8.96511,4.35768,5.89372,1.57086,0.218696,6.58188,8.32203,6.16045,9.40275,6.01409,8.34218,3.32501,0,0,7.80333,9.90571,13.807,0.653279,0,2.8226,0,4.85092,3.97985,0,0,4.39783,8.01351,15.3313,0,0,0,0,1.26356,10.3302,6.11782,0.132401,0,1.70655,11.3127,6.40377,3.94801,3.52112,0.392467,5.27043,13.6298,9.95078,0.734168,0,2.23111,11.6053,0,0,0,0,3.14159,0,0,0
4.30484,0,0,0,0,6.31756,11.9833,4.32992,1.28843,5.79591,13.908,4.43087,0,0,0,0,7.18015,8.93617,0,0,1.1725,11.1402,10.2946,5.57232,0,0,5.00207,9.88557,1.89373,0,0,3.52089,4.99191,16.2087,6.76872,0,0,6.11489,7.72339,0,0,2.33666,0,0,6.47792,6.60933,7.56845,3.76925,5.3821,10.8039,3.37259,1.17367,4.58244,0,0,0,0,3.12766,0,0,7.70271,10.4564,4.22462,3.64614,7.04343,8.23242,0,0,2.40689,0,0,8.52419,6.08565,0,0,4.5045,6.51451,5.01354,0,0,0.997301,8.05239,13.9354,7.2926,0,0,1.58892,0,10.7149,1.99238,0,3.16204,12.0896,20.9102,13.2233,7.97769,7.52354,0.203709,0,12.2407,2.57936,0,0,8.68193,18.5062,21.2987,17.6312,13.7842,6.55078,3.49691,12.5518,3.12158,0,0,9.05125,18.7496,28.6022,27.4669,20.586,15.372,13.4942,0,0,0,0,3.14159,0,0,0
0,0,2.0819,11.9635,21.919,18.5709,8.9968,0.269486,0,3.95101,13.221,1.09948,0,4.00166,13.0753,22.694,17.9645,8.07206,0,0,2.663,12.4708,9.32027,7.59821,11.1216,17.974,20.6004,12.1285,5.58689,4.00832,3.47177,6.48772,10.2147,5.06888,4.38846,9.67191,17.6937,17.5923,7.73742,0,0,0.361448,0,3.45135,0,0,4.5102,14.3003,18.0407,8.42723,0,0,0,0,2.37914,0,0,5.30058,10.8251,13.6225,13.1214,3.41398,0,0,3.73891,8.04293,7.25563,6.66473,3.91263,0.85795,5.56371,13.4566,3.98388,0,0,8.20883,16.4169,3.84756,4.17429,0,0,1.24445,11.2314,10.2772,6.01563,7.37348,13.3918,15.2816,0,0,2.72708,0,4.51366,11.1273,18.4732,15.9252,9.93875,4.95027,5.79454,0,0,6.93546,0,0,4.7217,14.1058,14.1227,4.41738,0,0,7.51772,7.77712,7.14684,0,0,3.67819,13.483,14.3354,4.77052,0,0,0,0,0,0,3.14159,0,0,0
17.8962,13.0968,9.68767,0.508136,0,0.452621,0,1.85943,3.50956,7.54614,15.164,10.9647,3.95657,2.24954,0,0,0.516393,0,0,0,1.78425,11.5459,7.34487,0,0,2.90893,4.39408,7.66159,5.08728,0.915687,0,3.03342,12.2537,0.685329,0.836695,0,5.0985,11.2741,5.48466,0,0,6.52266,6.14088,4.13535,0,0,3.77345,0,3.13819,5.1088,0,0,6.17095,0,0,0,1.52413,0.475359,0,0,9.5982,5.09476,1.47365,0,0.0298691,0,2.14522,0,0,1.00956,4.58295,12.4525,9.47785,0,0,1.23763,6.12184,4.8586,0,1.25288,0,0.120591,9.75667,3.37167,0,2.29121,7.01937,14.6027,0,0,2.30307,0,1.27673,10.3731,0.873415,0,0,6.93676,13.3983,0,0,6.83283,6.24818,8.75907,13.9066,6.05181,1.99153,0,0,8.68833,4.74576,5.59119,11.6502,16.2439,17.8683,20.182,12.5502,3.00542,0,0,8.73567,0,0,0,0,3.14159,0,0,0
6.7391,0.728631,2.24785,9.61927,15.9579,6.93179,0,0.603289,8.03613,5.59031,7.27948,3.25657,0,0,6.74679,11.2696,4.39282,0,0,3.37601,0,0,6.47045,0.304464,0,0,4.70338,8.10031,1.85299,2.38408,3.0499,0,0,13.8079,7.26614,0,0,3.4157,13.2508,11.47,11.7677,9.01794,4.73787,6.51446,10.3975,2.25471,0,3.53338,8.54111,16.5404,13.1245,4.92136,0.514322,4.0874,12.0535,8.32023,0,0,1.74676,11.3723,14.4475,10.6108,0.616438,0,0,9.40156,6.30716,3.75938,1.11031,3.79815,1.45826,6.49832,5.39424,4.23975,0,3.36332,11.5982,0,0,1.98074,0,0,2.11236,0,0,3.95834,11.6481,17.5053,0.624569,0,2.92351,1.80755,0,4.87359,0,0,1.71687,6.74266,14.9669,8.34013,1.89643,0,0.299866,8.83708,12.2652,7.39306,0,0,2.24598,12.2035,11.524,2.065,0,0.494109,9.80928,19.1116,9.7615,1.55631,0,4.8193,13.7201,0,0,0,0,3.14159,0,0,0
18.7048,13.9247,4.68591,0,0.111633,8.58843,17.5933,11.159,1.24635,0,0,8.70606,7.76445,3.15146,0,0,7.40157,8.0679,7.05351,3.63169,0,1.97411,0,1.71067,0,0,4.72464,8.08689,0,0,0,0,1.41725,0,0,0,0.831692,9.91573,7.09372,0,0,1.14432,0,2.48958,1.30338,4.84831,6.11145,8.40896,14.8636,11.3835,4.88718,3.63823,8.7038,6.30119,9.53524,10.3409,7.77133,10.4423,10.1251,8.456,11.8227,14.2216,13.1241,12.1072,12.8223,10.9862,2.58304,0,2.74623,1.73116,0,4.45096,11.0211,3.99607,2.24316,4.19825,1.0069,0.144564,0,0.346294,0,0,1.8925,7.40837,0,0,0,0,5.73187,2.22941,5.8627,4.24157,1.76552,6.55393,3.84301,0.873038,0,0.938591,0,14.3325,12.2292,14.4173,13.1392,11.7032,7.03378,0,0,1.95321,0,0,23.7142,22.2291,23.7755,22.6806,18.0833,8.7171,0.582507,0,5.08424,0,2.26344,0,0,0,0,3.14159,0,0,0
7.51883,0,0,4.43225,13.9878,8.06839,5.07717,8.11562,6.99785,0,0,7.24967,0,0,4.10432,10.3307,1.17697,0,1.25314,6.37803,0,0,5.57808,4.90896,0,0,4.9108,1.10776,0,1.18441,10.6384,5.15717,4.55769,0,0,0,0,5.20938,7.9399,4.92295,6.76216,3.95399,7.56297,14.3154,0,0,5.07188,6.01025,6.50688,10.8065,9.71002,0.110822,0,1.38932,11.0585,6.7512,5.38503,3.46031,0,0,4.43433,10.2421,1.11249,0,2.28721,11.5574,8.07519,0,0,0,0,3.55694,11.106,8.56734,6.07763,5.46738,8.74304,9.00543,0.280425,0,3.95165,4.09961,8.9534,2.30928,0,0.865808,0,1.92431,14.407,8.444,5.49264,2.05291,5.82793,7.58436,0,0,0.438079,0,1.53589,19.808,9.84364,0,0,0.465294,10.366,2.79183,0.58281,0,3.77685,7.99901,20.7818,11.2784,2.5706,0,2.98158,11.7663,9.57401,0,0,0.503079,10.4786,0,0,0,0,3.14159,0,0,0
3.91332,0,3.65539,11.9753,20.7392,16.7375,14.5961,16.3637,6.48346,0,0,0.190716,0,0,8.18423,12.0306,7.97424,4.59955,7.41323,8.22276,0.236753,0,4.63287,0.515008,0.790572,0,5.02647,1.45648,0,0.554539,10.0163,3.18842,2.13331,3.28981,2.76119,0,0,2.89357,1.80799,0,0.935084,6.41083,0,0,0,0,3.06829,2.3294,7.51266,8.64421,5.41688,8.10397,2.47892,0.548066,0,0,0,0,0,4.51635,12.5142,8.39528,5.86806,0,0,4.20293,8.86719,7.02798,0,0,6.5693,5.66583,0,0.412067,0.699806,0,6.76617,6.32658,0,0,6.17493,13.2026,3.56269,0,0,0,0,3.16356,2.79501,0,0,3.8955,9.20928,7.95758,2.40851,0,0,0,2.71653,0,0,0,0,4.20053,11.2563,1.29113,0,0,4.54919,8.71205,0,1.83288,0,0,5.3073,14.0346,5.91607,1.35698,4.30527,11.9158,17.1767,0,0,0,0,3.14159,0,0,0
0.309169,2.88782,10.6377,19.7612,23.1946,25.2137,28.4002,26.5477,26.8651,23.3651,22.6715,0,0,7.99119,14.5144,13.2182,16.0233,19.0629,16.5671,17.6942,13.7077,12.7211,0.0905538,2.71362,7.49182,5.43247,3.27737,7.73178,10.365,6.60996,8.35883,4.52154,2.8479,7.73656,0,0,0,0,2.3134,3.59464,0,0.35019,0,0,6.51797,0,0,0.609867,0,3.74132,2.44564,0,0,0.417233,0,10.763,4.34988,3.44385,8.70223,6.96764,10.6404,8.02702,3.64294,5.72533,0,0,12.7322,9.60845,7.98484,3.12341,4.86584,10.3801,6.11454,7.43582,4.92251,0,0,5.03037,0,2.70397,0,0,4.06778,0,0,8.19041,3.24796,3.44838,1.62206,0,0,0,0.303083,3.4334,0,0,3.87525,6.01478,12.8128,5.62794,0.581674,3.40564,7.31948,8.67441,9.05282,4.39929,2.38622,0,0,8.58145,13.5243,10.5215,12.1104,17.2497,18.1303,17.305,12.6785,3.35159,0,0.303693,9.23842,0,0,0,0,3.14159,0,0,0
16.8151,10.9122,8.85719,11.7684,18.0868,20.4129,25.5109,18.661,13.9303,12.8881,15.9822,11.0321,2.67363,0,4.04153,8.1188,11.5492,18.2921,11.6,4.757,2.9991,7.89369,9.12193,0,0,0.975592,0,4.27558,13.2351,7.65425,0,0,2.85672,12.1121,4.3951,1.20227,0,0,1.96731,11.2008,8.07721,0.391869,0,4.50538,18.4999,13.033,9.96156,2.69754,1.13513,6.81192,3.73473,0,1.96935,3.08192,5.8697,11.4471,5.64179,5.14443,0,0,3.15597,1.30535,0,0,0,0,6.40638,0,0,1.57051,0,6.10602,6.3395,1.89762,1.78692,0,1.40152,6.68416,0,0,0.00658135,0,6.88884,5.1489,0,0,4.88702,9.21115,12.0806,6.49973,5.45122,0,0,1.72301,0,0.591566,0.467061,7.51963,16.5389,19.9457,16.1043,9.23276,2.74557,2.44991,0.0486186,0,0.938537,9.87142,14.3362,21.4584,28.8064,23.2943,16.4775,12.2173,12.049,6.26409,3.18556,6.82847,14.3421,22.8263,28.405,0,0,0,0,3.14159,0,0,0
1.69673,0.955507,7.41358,16.2,15.759,18.0987,11.9237,2.63253,0,0.837106,9.90914,0,0,4.16113,7.97197,5.77984,9.3653,11.4088,1.71607,0,0,9.34061,1.46398,0.706655,7.2581,0.414834,0,2.66854,12.0568,7.74688,3.92418,6.51707,11.1079,10.7057,10.2962,9.18161,0,0,2.08176,11.7251,8.58435,0,0,4.44554,9.72597,3.78636,3.82075,0,0,7.45602,11.8383,7.56435,0,0,3.10732,5.22473,0,0,0,0,5.89788,4.6677,0,1.21193,3.43496,8.3011,6.56716,0,0,3.12077,3.65517,6.98543,2.38425,0,0,4.09573,0.390528,9.51609,6.99735,0,0,3.88084,0.284085,0,1.36455,4.21842,0,0,0,2.39136,0,0,4.83089,1.09144,0,2.10003,2.4731,0.689959,0,0,0,5.03333,0.0509487,3.26809,8.44662,5.87366,7.06743,0,0,2.93787,0.75918,3.29664,1.24901,0,0,8.75105,15.8695,9.63958,2.01709,0.154182,6.18037,0,0,0,0,3.14159,0,0,0
0.389551,0,2.69519,4.29892,0.26521,4.3628,0.607722,3.51557,11.2795,20.3803,29.9138,0,0,2.10999,0,0,0.0492679,0,0,8.51416,18.5118,28.5106,0,0,7.09556,3.92318,0,3.98877,0,2.75083,7.86886,15.3622,24.164,0,0,6.5591,0.030438,0,4.25975,0,0,1.86532,11.5576,21.4431,4.64177,5.33836,7.73461,0,0,2.98509,0.695304,0,2.73873,12.0504,21.5665,14.4198,9.77306,1.49114,0,3.50997,8.27251,8.327,6.11899,9.58991,11.7353,11.7534,17.998,8.02666,0,0,2.17281,12.119,17.5203,16.1019,8.66541,2.21427,2.24661,13.7651,8.56712,4.14281,1.87819,6.79773,14.9647,21.2518,14.9875,5.00548,0,0,7.70241,0,0,5.91382,14.8224,20.939,14.4395,7.21099,3.96949,0.13521,0.17416,6.18551,0,0,4.20722,14.1206,20.3146,10.4426,0.80881,0,0.709223,9.50078,10.2624,3.80306,3.05689,8.72006,17.0259,20.6527,10.9407,1.72359,0,1.63184,10.8381,0,0,0,0,3.14159,0,0,0
0,0,8.61535,0.30425,0,3.94515,3.86629,6.88729,0.821613,0,3.26485,0,1.71004,7.80507,0,0,1.05135,0,0.389682,0,0,1.94733,3.73245,0,0,5.37888,3.44078,2.03733,0,1.43286,5.83263,3.42001,7.59321,2.93442,0,0,8.11183,5.38048,7.77841,0,0,1.64347,11.5193,16.0058,4.02232,0,2.99962,2.25236,0,0.44725,1.44032,0,0.282531,5.00826,7.853,0.730943,0,0,1.96635,0,0.11031,9.0256,0,0,0.978405,0,5.28662,0.948202,4.35428,8.33758,4.68943,7.18405,10.1677,3.29543,0,0,0,1.61615,0,1.38992,2.16469,3.33088,5.91402,0.302566,2.6107,9.75998,5.1781,2.20694,1.01096,0,0.772024,0,0,2.35569,0,0,3.00357,0,0.443095,7.53703,4.3159,5.88696,0,0.576439,5.87672,0.244858,2.5636,2.15438,0,0,16.3411,14.3157,12.7919,8.68696,9.46626,13.4836,10.1088,11.3834,8.06558,4.01242,6.31964,0,0,0,0,3.14159,0,0,0
14.3474,15.8315,14.5725,8.70523,7.20358,11.0248,8.66423,0,0,2.81363,12.4232,4.37073,6.76276,9.04826,0.436162,0,4.17984,8.83787,0,0,3.06526,12.568,0,0,7.94057,0,0,2.65289,10.2568,7.3202,5.44672,9.42198,16.7549,0,0.413107,9.56796,5.06549,3.1547,7.86403,1.37475,0,5.92586,12.9381,13.1728,4.99058,4.4477,8.54354,3.22043,4.34213,6.92062,0,0,3.14076,3.27199,3.67363,0,0,3.73458,0,0,6.77466,2.94132,1.38428,4.67352,0,0,0,0,5.2779,0,0,8.06004,6.37516,0,0,0,0,5.33547,0,0,0,0,7.73175,5.34089,0,0,5.40248,8.35577,3.91391,0,0,0,0,6.00084,3.86835,4.25382,4.27594,6.58262,7.33268,8.76212,3.41418,4.41747,2.76869,3.42905,1.24691,0,0.192924,5.04601,0,0,16.654,13.2026,13.7967,12.4645,11.4629,2.22114,0,1.25873,4.25553,0,0,0,0,0,0,3.14159,0,0,0
23.7852,17.7587,8.19968,0,0,3.41914,13.015,13.0161,3.02511,0,0,17.5107,9.64552,4.66477,0,0,3.47125,3.80847,4.17963,2.51679,0,1.6084,12.5892,4.18969,0,0,5.27287,4.80066,0,0,0,0,5.6102,2.75034,4.2115,0,0,7.43776,6.05718,0,0,0,0,7.605,0,0,6.16348,1.57704,0,5.93576,7.29419,0,0,2.87738,4.0559,0,0.323063,7.01989,0,0,3.02142,9.1653,1.08548,0,0,0,0,0,7.864,2.8548,1.18956,6.88687,11.7843,9.77644,8.45474,0,0,0,0,3.96592,0,0,6.38913,2.5874,1.37199,3.96919,2.76832,6.39902,2.87928,3.71294,5.77679,0,0,6.47574,0,0,0,0,3.59211,0.216127,0,2.75212,0,0,5.74119,1.23459,0,0.138337,0,5.44569,0,0,2.27169,0,0,7.32691,10.251,9.51877,8.88411,8.01392,12.1899,0,0,0,0,3.14159,0,0,0
0,0,5.73955,0,0,5.4878,7.66921,0,0,2.36014,12.3524,0,0,0.0356934,0,0,5.91186,9.97839,2.08278,0,5.48252,12.7881,4.76783,1.70571,0,0,6.40498,11.5987,13.8546,10.8069,2.91048,0,5.01588,1.96512,3.7355,0.253023,3.07749,3.81428,8.44838,5.77538,1.08542,0,0,1.47406,0,0,7.35367,0,0,2.98188,1.34377,0,0,0.413142,1.61641,0,1.07414,8.65985,0,0,4.02554,4.43952,0,2.5119,0,0,3.38093,0,2.31604,8.05229,6.59499,10.6132,10.1498,1.72767,0,1.91899,0,0.859527,0,0,0,3.50892,6.40541,3.33057,0,0,1.72166,0.882626,3.56928,0,0.565078,0,0,0.132314,0,0.94518,1.94487,0,0,0,0,0.623649,0.352248,3.99911,1.67005,0,2.38237,9.65817,1.91609,0,3.85088,0.211991,4.7215,10.3448,12.4214,9.22801,6.68181,9.66849,16,10.7737,9.67481,0,0,0,0,3.14159,0,0,0
0,0,5.75272,13.6938,14.4745,4.97593,0,0,3.93212,5.01438,11.3719,0,0.298101,0,6.67372,14.0763,4.31604,0,0,0,0,6.93255,6.0952,0,0,3.95103,13.9407,9.63719,4.52232,4.92252,0,0,4.60705,9.3823,2.41769,1.5206,7.64226,16.2636,17.1581,8.38012,1.75145,1.76284,0,0,16.3114,11.6983,10.5505,11.4575,16.4295,14.9948,5.00032,0,0,0.0383479,0,14.7525,6.67046,0.770438,2.41371,9.804,16.6819,7.6689,0.604609,0.617222,2.35677,0,5.5405,3.09892,0,0,6.90786,15.2859,5.29372,0,0,0,0,0,0,0.166457,1.89348,9.48212,16.7656,7.84202,0.623523,0.362478,3.92758,1.13356,0,0,3.97884,2.47433,3.70918,10.5006,3.63621,0,0,0,0,1.64839,0.750656,3.53298,0,0,2.09442,0,0,0,2.62196,0,0,0,3.99459,0,0.376516,0,0,2.43776,8.02907,10.7836,8.64909,0,0,0,0,3.14159,0,0,0
14.8827,10.0697,9.65789,4.73046,2.52197,7.22245,8.82324,3.36052,4.23701,10.6611,19.1731,8.30279,0.891901,0.113101,0,0,2.22123,4.07423,0,0,6.45148,16.3598,5.83776,0,0,1.06695,0,4.21633,5.55163,0,0,7.73191,13.0607,9.14881,2.26043,1.57408,0,0,6.7325,12.0368,5.82868,0,0,7.16446,8.34337,0,0,0,0,8.00898,14.4679,4.60721,0,0,6.04501,7.72601,0,0,3.2865,8.40326,13.8468,11.1318,9.39572,3.8161,4.3379,10.5004,12.1798,5.68599,4.14768,8.17079,15.3898,9.14916,1.93971,0.882247,7.15488,13.8411,14.7624,9.8343,0.385701,0,1.69571,11.2427,6.2079,0,0,3.79477,4.06478,5.43562,10.0003,0.699293,0,1.97505,6.46078,8.93943,1.60037,0.508811,3.50777,0,0,14.6297,7.9189,4.7307,0,0,7.05477,1.94824,0,0,0,0,21.8314,14.2416,4.56975,0,0,6.91595,2.43293,0,0.506172,6.52466,7.70606,0,0,0,0,3.14159,0,0,0
11.3374,8.51547,10.7452,16.7937,24.7195,23.8526,14.8721,7.06581,2.80092,5.37807,12.5634,3.60821,0,2.65948,11.1613,17.9433,19.6556,11.5423,1.69152,0,0,8.82967,0.727707,0,0,9.43457,7.94335,10.5083,12.5725,3.49598,0,1.28648,10.0002,5.65197,1.51189,4.83452,2.82472,0,2.71714,11.4558,10.6783,7.32665,9.30892,15.4058,13.9767,11.504,10.1738,0.276625,0,0.142046,10.0371,14.3162,7.21409,4.19051,7.50475,10.8375,8.98078,5.79169,0,1.5518,5.62039,12.2835,8.67629,0.609409,0,1.07479,2.46925,0,2.92893,0,0,7.12476,5.0364,0,1.34875,0,1.78497,0,0,1.35339,1.26812,3.00015,10.2741,2.47527,0,0,4.27288,6.69055,4.07279,1.14054,5.81708,1.39155,0,3.6691,5.9407,1.72266,2.02113,0,0,12.7887,11.1043,8.74041,0,0,1.69692,0,1.52789,2.6554,0,0.482249,22.2584,21.0914,12.387,5.15635,2.57988,0.904357,0,0.681162,9.38584,5.83256,8.04243,0,0,0,0,3.14159,0,0,0
3.20172,5.8455,12.9755,9.2553,7.65469,4.11177,0,0,6.08615,13.5659,18.2447,0,0,9.10135,0.956826,0,4.20898,0,0.219993,2.79263,4.35487,11.1772,0,1.18278,6.53097,0,0,2.29555,8.71183,3.1131,0,0,7.297,2.09795,0,0,2.33674,0,3.14877,11.9827,4.922,0,0.367648,8.70559,2.81593,0,0.442615,0,0,0.726655,10.6254,4.24025,0,2.99944,11.2623,9.54829,5.95418,4.43752,0,2.1196,6.03846,9.72051,0.872366,0,0,9.17054,18.2847,11.2138,1.23021,0,0,5.46683,0,2.42314,0.804277,4.13622,11.9757,12.6161,9.72598,5.61388,0.949228,3.99921,2.12861,0,0,7.88213,7.62851,8.68956,4.75142,0,1.95397,0,0,5.96821,0.608457,3.04205,5.00193,0,0.105867,1.12294,0,0,0,0.902983,9.70037,10.5041,11.8626,3.33741,0,0,5.16031,0.366308,3.60462,6.94592,8.87839,15.0125,20.468,16.3093,8.18558,3.00964,4.41479,0,0,0,0,3.14159,0,0,0
10.4309,1.66855,0,3.17649,12.189,21.7976,18.0717,14.2352,6.6095,2.82213,5.90405,9.2468,0,0,1.25329,11.1038,14.2919,8.58819,7.34783,0.940264,0,0,5.67073,2.70274,2.68546,6.72284,12.679,8.64386,0.149881,0,2.78684,0,1.85608,0,0,1.11683,5.5294,2.69642,6.77009,0,0,3.09091,7.20026,9.60562,1.76622,0,3.03917,0,0,1.3181,4.76544,3.16984,8.1348,14.2474,18.7784,9.61836,7.33979,10.3679,1.61417,0,3.22734,8.56694,1.30951,0.539402,7.1538,16.0274,5.90069,8.08452,14.5208,9.53848,7.37208,10.5384,5.84445,0,0,4.16221,14.1608,0,0.492033,9.60358,12.3919,12.4632,9.1168,2.97375,1.85479,1.1225,7.5181,11.7037,0,0,4.67575,2.81191,2.93622,4.9948,0,0,2.13564,0,4.17631,4.21024,0,0,0,0,5.27402,0,0,0,0,1.44057,5.98852,0,0,0,0,7.20596,8.61435,8.69117,4.39138,1.57405,6.14948,0,0,0,0,3.14159,0,0,0
0,0,5.03286,0,0,0.293949,6.99779,0,0,0,0,0,0,3.94634,3.08464,0,3.40026,6.75798,0,0,3.00383,0,4.90809,3.87921,4.22559,9.14938,8.68125,11.2878,11.7425,5.82474,5.1033,0,0,7.22097,0,0,3.76791,13.5348,15.3945,6.64814,0.461376,1.90462,0,0,7.87227,0,0,4.57435,13.5902,13.3862,3.3864,0,0,5.56566,3.93237,10.3536,7.51017,5.82462,1.69308,4.93443,12.5687,6.76994,0.654133,2.07436,0,0,0.618852,2.07043,0.814725,0,0,9.38779,0.0473506,0,1.52243,0,0,0,0,3.54614,0,2.49466,10.1117,0.972167,0,0,0,2.71842,0.475678,1.94467,0.851716,6.50472,10.1948,10.4736,8.43442,5.99175,0,0,2.45752,7.275,0,0,2.7422,0.666985,1.18587,8.34292,2.3285,0,3.02326,8.67141,9.70744,1.95949,0,4.43612,0,0,5.5698,0,0,0.672736,10.56,0,0,0,0,3.14159,0,0,0
0,0,4.5132,2.66091,0,0,8.13201,0,0,3.65991,13.1137,0,0.698559,0,0,0,0.21508,8.11871,0,0,3.08588,12.7792,9.37331,2.39087,0,0.485823,6.73099,8.33256,4.35514,0,0,5.71551,6.24786,11.396,2.24554,0,1.58809,10.6506,13.5259,3.806,0,0,0,0,6.00685,0.97234,0,0.23342,9.92205,16.5498,9.36857,4.56984,4.95481,0,0,0,1.41554,3.52762,6.588,13.8186,11.6177,2.54751,0,1.73344,3.17471,2.32249,0,0.499067,0,5.42786,14.5059,10.7305,0.94859,0,0.0052647,0,0,3.99882,0,0,3.26191,13.2035,5.4326,1.06012,3.13089,6.20299,0.304966,0,0,0,2.29696,7.71264,10.8175,0.841153,0,0,6.0903,3.24897,7.09306,0,0,4.43097,14.3721,12.6437,4.03196,0,2.85372,0,0,1.30116,3.31866,2.77234,8.67829,17.104,18.1443,11.8234,8.98479,10.3309,1.40107,0,2.77731,0,0,0,0,3.14159,0,0,0
18.8049,18.3108,15.0411,9.74031,8.76976,9.88163,0,0,0.172516,6.58484,11.2818,9.18534,8.43507,8.89236,0.933669,0,5.64586,3.45179,0,0,0,5.18182,0.316458,0,5.81072,0,0,3.21583,11.5381,6.56739,0,0,4.42423,0,0,3.72338,3.38938,1.91215,7.4506,15.8292,11.2615,5.16276,4.41421,9.63745,3.53269,2.44622,5.35718,0,0,5.38419,10.8311,5.78266,6.25579,8.32855,7.75752,12.8361,12.2095,6.39321,0,0,6.41851,5.16233,0,0,0,0,12.2429,4.57109,1.39682,5.7308,7.38346,12.4157,5.0286,0,0,0,0,9.16997,0,0,0.963578,10.923,16.6394,10.5383,5.39414,5.87885,4.05163,3.2982,10.9464,2.56187,0,3.89035,4.33623,7.98601,7.91994,2.76188,4.30408,11.127,9.60942,6.0812,0,0,0.0696283,0,1.71903,3.13866,0,0,2.62123,0,6.68706,0,0,0.73482,0,2.29531,4.97079,0,0.373395,0,0,0,0,0,0,3.14159,0,0,0
0.0857723,0,0,0,0.477064,3.89486,0,0,7.77188,14.1468,15.9306,0,0,2.36532,0,4.26798,3.87572,0,0,7.63301,4.151,7.01701,2.87808,0,0.0535673,9.20127,11.0546,1.86134,0,1.63955,1.31831,0,0.332472,2.44113,0,0,8.91099,10.4914,0.830163,0,0.586791,2.05344,0,1.13289,7.0836,4.5373,4.52165,0.0248781,3.78833,7.14332,3.83067,0,0,2.80981,8.4695,0,0,0.519007,0,0,9.481,8.9316,0,0,2.56997,12.1631,0.232967,0,2.45386,0.00203999,3.77174,11.8925,5.61597,0,0,7.06442,16.1747,7.63932,5.37329,0.362936,1.33444,8.69622,14.4666,4.64212,0,0,6.178,16.029,12.3865,3.9523,0,0,6.05939,16.0573,9.61951,4.167,4.71334,7.08928,10.0308,5.28366,0,1.05839,2.04908,9.13791,18.0596,17.4856,10.7846,1.88237,0,2.63219,2.88501,0,0,7.29364,15.9733,23.1013,19.6841,9.75697,0,0,0.858649,0,0,0,0,3.14159,0,0,0
0,0,4.0852,3.51708,0,0,4.08427,0,0,5.92933,8.2369,0,0,1.80129,3.89246,0.0795996,1.46649,7.01025,0.38304,1.23683,2.42935,0,7.211,2.41348,0,0,7.75625,10.5057,10.9143,7.97039,9.40085,0,0,8.48952,4.92141,0,1.4065,9.59179,12.1983,3.35262,0,2.22067,5.01735,1.79546,0.239935,0,4.15664,9.96653,15.542,10.8243,0.916785,0,0,9.3844,11.7864,0,0,2.78297,12.6093,22.5416,13.9694,6.12638,2.06591,1.83834,7.90462,16.4765,5.19355,3.36492,8.06649,11.0497,13.592,16.0033,6.01876,0,0,4.06727,10.1586,0,0.946982,4.45047,1.05944,5.35599,13.4372,8.27329,0.693097,0,0.28047,0.937742,0,0,0,0,0.725185,10.7008,4.36011,0,0,0,0,2.50514,4.56582,2.93301,0,3.93746,12.5333,4.26648,0,0,1.49861,2.08984,12.4174,13.6289,11.1302,8.97317,11.7595,17.7321,10.0213,5.25229,6.26077,11.1065,11.4343,0,0,0,0,3.14159,0,0,0
5.68233,2.68697,6.61273,5.99929,4.53954,9.15252,5.79035,1.88275,5.26645,12.9113,16.2855,0,0,1.07649,0,0,3.46693,0.57447,0,0,4.73991,7.22901,1.80454,0,3.01516,0,0,3.99634,3.20241,0,1.98338,0,0.136528,0,0,1.87291,1.16562,5.96923,10.2592,9.22339,3.92285,2.22749,0,0.423984,0,0,0,0,4.18961,13.6787,4.19743,0,0,1.16908,3.14867,6.37957,0.56952,0,0.517071,0.301582,6.20249,5.28382,0,0,0,0,6.58037,0,0,0,0,2.82024,0,0,5.55804,0,1.76143,10.2031,3.35035,2.17771,1.58912,0.47846,5.41025,0,0,4.81812,1.53387,0,3.18852,0,1.22904,0,0,7.95239,2.9842,2.75238,2.95818,0,0,1.59885,0,0,0,1.67866,9.85826,10.3043,0.512362,0,0.344261,2.30433,7.17934,3.08461,5.72527,8.72149,10.2102,15.815,11.2863,2.30252,0,2.1592,11.1209,0,0,0,0,3.14159,0,0,0
6.43653,0,0.297942,6.07886,2.89194,3.15955,0,0,7.12509,0.0974253,0,4.18857,0,0,0.0401745,0,0.777287,0,0.591342,5.4616,0,0,8.23381,2.26442,2.97536,1.96162,0,2.58671,8.19573,9.26437,9.19165,2.66786,2.35435,15.761,11.9448,12.3499,9.63048,7.11806,10.0175,16.6153,14.6788,15.251,12.1299,11.952,18.9768,12.8357,10.0818,12.0248,17.1165,17.632,9.8014,4.85477,5.78712,11.8587,20.106,13.2041,4.84059,0.10221,3.55972,11.5796,13.9822,4.27287,0,0,7.01239,16.7953,10.9095,0.909601,0,0,9.09067,14.2232,4.67428,0,0,7.35053,17.0113,10.1748,4.7579,0,3.46916,11.466,8.26922,4.25142,5.98508,6.85502,12.642,20.4497,2.09816,0,3.57769,0,3.40444,2.26336,0,0,8.40123,7.61838,11.9593,0,0,0.160855,0,0,2.92346,0,0.280693,0,0,5.40244,5.00165,2.00503,4.9041,0.945089,4.74645,9.58677,5.90534,6.63893,0,0,3.86581,0,0,0,0,3.14159,0,0,0
0,0,5.15089,0,0,7.17433,5.81521,3.87345,8.29821,16.0226,24.9217,0,0,4.48124,0,0,6.51712,0,0,2.67307,12.4267,22.3313,6.59948,6.30681,4.33297,4.44299,5.15375,8.9561,0.0839147,0,3.65243,9.89795,17.6984,10.9509,3.62849,0,0,7.44206,14.1892,7.05689,0,0,4.3092,14.0005,1.9503,0.306338,0,0,2.69623,9.27108,7.31365,0,0,4.61432,14.1837,0,0,3.17196,0,0,5.57561,12.5519,6.729,5.84713,10.5525,15.1054,2.2698,0.675155,6.65442,0,0.180589,7.7151,15.1341,9.39991,2.45503,1.57148,7.68249,11.3171,10.4408,9.2565,3.86335,4.61411,10.7181,5.41059,5.67594,0,0,3.96635,9.64272,9.49017,4.31523,0,0,5.32968,0,0,0.950115,0,6.65676,0.370349,0.0784238,5.46088,0,0,5.51647,0,0,6.29439,2.81462,0.0711331,0,0,4.74154,7.16193,7.7739,11.1311,5.96155,6.21789,8.13963,0,0,0,0,0,0,3.14159,0,0,0
0,0,3.22908,10.0493,8.31412,8.90851,0.086573,0,1.15702,0,3.61022,0,0,4.43154,1.7141,0,4.28592,0,0,0,0,1.84287,8.15154,6.89687,8.41285,0,0,1.80398,5.66606,3.77071,5.31372,2.84093,7.18339,17.6177,12.6465,4.95071,1.58383,1.88053,6.57047,11.6886,3.09995,0,3.19216,11.8001,18.8447,9.53027,0,0,0.649661,10.5931,9.99326,0.0470197,0,0.166965,10.1142,11.1514,5.31127,2.67523,0,3.49015,11.0022,13.0014,5.17487,1.46686,5.25455,6.96589,6.2094,0,0,0,0,5.15785,12.192,10.098,8.74594,0.092179,0,1.15923,0,0,0,0,4.77937,3.80897,0.10602,4.61422,0,0,0,0,6.35797,3.04206,5.00415,9.42801,0,0,0.572575,5.19068,3.461,0,1.9901,1.29438,0,0,9.35049,3.67828,0,4.4908,12.8348,13.3592,9.16475,10.6078,2.93537,0,1.48517,10.352,12.0295,9.91841,12.543,18.6292,23.3182,0,0,0,0,3.14159,0,0,0
4.34989,2.3876,7.34895,15.466,21.9755,12.2876,3.07828,0,0.938559,0,0,0,0,2.5633,12.4804,17.1847,11.553,1.78283,0,0,0,0,0.937117,0,4.65221,9.4837,7.19152,10.285,7.51083,3.45119,5.97623,6.55225,7.45886,8.65654,8.00012,10.4992,1.66848,0,2.96231,11.999,13.425,9.97373,2.53956,0.748541,0,0,6.36941,0,0,1.16067,10.988,17.0877,7.08897,0,0,0,0,4.56251,5.78706,2.85167,6.76602,14.4343,13.2106,9.62437,1.97524,0.0844963,3.43111,1.68319,5.32858,1.10573,3.93495,11.5645,8.66693,3.40324,4.52031,10.8923,9.86907,0.216151,0,0.0651145,0,0,8.56975,3.7612,0,0,6.82107,10.4636,3.06564,0,2.94789,0,2.4015,10.1115,4.87722,0,0,4.4612,0.463582,10.9058,8.31722,10.8324,9.04622,10.8232,4.79112,0,0,6.41222,0,0,20.0565,18.3172,20.0055,19.027,14.8238,5.26709,0,0,6.84244,3.80521,0,0,0,0,0,3.14159,0,0,0
12.8656,3.63148,0,0.572827,9.35893,1.9912,0,0,8.61974,18.5365,28.1201,10.94,2.29206,0,0,8.44033,3.58089,0,0.941271,9.68113,14.7847,19.8232,0.9469,4.44358,3.39238,5.56725,8.55524,10.6178,7.10929,7.3284,3.24449,5.82908,12.9282,0,0,3.91786,0,0.39902,9.11429,11.4804,1.68556,0,0,9.02582,0,3.08878,2.55187,0,0,8.14383,12.3089,3.14653,0,1.09584,9.95647,0.0035497,0.981522,7.92741,3.36444,5.35658,12.2045,17.0918,10.2265,6.85982,8.95776,15.1901,0,0,6.04709,0,0,5.97326,14.8958,7.65896,4.27853,7.20214,14.2477,1.5263,2.38461,6.2223,0,0,4.09225,10.8409,1.24187,0,0.509714,8.20747,7.66612,0,0,3.2169,0,3.50861,11.1869,1.87098,0,1.1801,0,6.75717,0,0,0,0,0.258149,10.2269,8.85366,5.73207,0,0,11.2017,4.88252,3.90918,4.83849,1.13906,5.0989,13.0624,17.7489,12.9619,5.2719,1.79878,0,0,0,0,3.14159,0,0,0
0.927706,2.66073,8.76467,1.27539,0.107209,6.64863,15.5382,13.2534,6.27073,3.73868,7.68519,0,0,6.26055,0,0,3.7648,13.759,9.15724,0,0,1.79168,0,1.81026,5.54861,2.31745,1.25793,7.37131,16.0151,9.83123,0.830159,0,2.85775,9.70272,3.68408,0,0,8.19415,14.7801,10.2427,6.64896,8.53565,2.7674,1.17083,13.0814,3.44147,0,0,8.01239,12.6045,3.35603,0,0.64089,0,0,3.43432,4.20684,4.90023,3.56917,3.48629,9.48429,2.12444,0,0,1.55842,0,0,0,5.32899,0,0,5.10796,7.76571,3.52933,5.82609,9.76892,9.51085,0,0,6.84016,0,0,6.63921,14.8799,10.683,2.74234,0,5.21599,7.59902,8.19558,1.97094,1.31128,7.68012,11.7037,5.466,4.39947,0,0,1.733,15.7726,5.77552,0,0,4.24051,7.06574,0,0,3.21517,0.450851,5.61409,17.4669,8.41392,1.12268,0.409399,7.11716,7.64735,0,0,4.69257,10.3803,13.4507,0,0,0,0,3.14159,0,0,0
7.01063,9.24213,0.156531,0,2.07587,11.6139,18.4365,17.6595,20.3557,25.7475,29.0418,0,1.42733,0.32015,0,2.21381,11.6913,8.92954,7.74102,11.7062,16.6454,19.9801,0,0,4.87806,5.20499,8.77571,8.75113,0.393316,0,4.86113,6.86787,11.7568,3.0512,4.29277,0,0,7.00395,7.35795,0,0,0,0,5.74498,0,0,0,0,3.26188,9.05158,4.40166,2.79937,0,0,4.91484,0,0,5.84845,0,0,4.57494,13.603,10.7486,4.81005,0.687018,0,6.5051,7.17074,7.33896,0,0,6.18318,15.4751,17.8421,9.04595,0,0,15.0991,8.56558,6.10577,8.36277,8.00768,12.6133,9.35537,7.89441,11.5822,6.26025,3.81853,10.2036,1.0861,0,2.34228,11.6113,9.34106,0.938752,0,4.5195,2.84724,5.03968,9.65724,0.0559649,0,1.42597,11.1014,7.86344,0,0,2.24426,0,0,13.7619,6.71357,3.93049,7.57196,14.9698,11.5436,4.48131,2.46147,3.99759,0,0.872601,0,0,0,0,3.14159,0,0,0
0,0,3.36227,13.1689,6.9596,0,0,3.24251,6.46861,0.528033,2.26637,1.92327,0.459584,4.32692,3.39357,8.78869,0.751445,0,5.51615,3.01906,0,0,0.231309,0,0,0,4.00373,9.51872,8.53534,9.95276,2.18455,0,2.12542,0,0,0,0,5.44971,14.7552,7.1321,2.74272,0,0,2.52341,4.03569,2.73082,6.31849,7.52586,9.84894,11.7185,1.85593,0,0,0.68439,6.26367,4.4638,0,0,0.0789155,0.627295,8.00817,3.69734,0,1.19613,7.0375,13.6997,4.4643,0,0,0,0,5.59658,10.8488,2.36818,0,0,9.16176,5.99056,3.19257,6.31981,1.81112,2.2824,9.03187,12.0696,2.58841,0,0.0632432,9.30464,0,0,1.3656,1.29869,1.12941,7.89042,7.22267,8.97905,5.3416,7.02812,11.5961,1.36981,0,2.8827,0,0,3.80267,0,0.848096,0,0,5.31392,9.13269,6.86432,8.16611,1.23436,1.0641,2.16514,0,0,0,0,4.23523,0,0,0,0,3.14159,0,0,0
11.9336,3.66125,0,4.06144,9.01888,8.96307,0.227146,0,3.94946,13.2289,22.933,7.45793,0,0,0.28526,0,5.0047,0,0,2.69358,12.4972,21.1594,0,0,0.40682,0,0,2.12588,5.41667,1.26719,0.516958,7.1541,16.0369,0,0,5.04243,3.63373,1.28742,6.39917,5.82104,0,0,4.18718,12.986,4.40657,4.16711,9.84602,5.25872,5.9052,11.7514,8.90286,1.87329,1.16386,1.07628,4.4001,13.9821,13.839,4.76957,0,0,6.69072,15.7746,10.7926,0.817119,0,0,21.6286,14.5653,4.9532,0,0,6.85344,16.5365,12.6127,4.00053,0,2.85972,12.4473,9.83135,10.7137,5.78617,6.41188,12.1246,18.7613,15.4945,9.49891,7.61945,10.9924,4.40129,0,3.64541,11.8082,15.1735,9.86091,8.84687,9.97199,1.36301,0,3.76929,0.53146,0,0,9.4708,9.01833,1.06552,0,5.61869,0,0,1.76878,4.6433,0.189522,3.90059,11.9688,7.02019,0,0,3.11234,5.06451,2.53703,6.95331,0,0,0,0,3.14159,0,0,0
1.12678,0,0,9.06141,15.3147,12.9884,3.0768,0,0,7.2805,17.2241,3.83288,0,0.94611,1.41966,8.46619,14.1347,5.00074,0,0.492736,8.77858,18.1988,11.4218,4.47043,0,0,5.52957,13.3864,11.887,7.93263,9.08185,14.6304,22.3859,14.3179,7.59435,0.961403,1.43432,1.09613,5.00023,12.9541,11.9495,7.88862,8.92686,14.4223,6.27429,1.45031,4.04873,0,0,0.153432,10.124,5.14532,0,0.287246,8.5486,1.76205,0,0,3.31961,0,3.46022,11.9786,3.30347,0,0,7.07783,3.04579,0,2.01472,1.85991,4.15084,11.4304,16.1985,8.01621,2.75959,3.59938,7.87787,0,0,2.1383,0,0,8.05836,18.0302,8.59636,0,0,2.24133,0,0.736922,4.61533,0,1.52325,9.80843,19.0066,9.39217,0.522906,0,3.41946,7.21049,8.58216,0,0,3.11025,12.6732,22.5003,14.6229,8.46519,6.60237,10.2562,17.1699,8.5696,0,0,3.09245,12.6629,22.4931,22.195,17.7704,16.5682,18.9922,0,0,0,0,3.14159,0,0,0
0,0,2.17232,3.95298,4.70156,4.14879,0,0,6.87469,4.14554,1.3793,2.41444,0,4.33384,0,0,4.88241,0,0,1.08239,0,0,0.134186,4.22467,5.41696,0,0,7.37911,6.46125,0,0,0.543428,0,0,0,3.4886,4.32206,7.68635,13.114,11.457,3.04526,0,3.77432,8.7736,0,4.03476,0,0,6.42246,15.3972,7.14824,1.9627,3.86183,0,0.18471,9.86584,5.54212,0,0,7.63786,12.6109,2.66085,0,0,0,0,4.58243,6.58534,6.72497,6.98808,12.3039,14.031,5.05099,0,1.16337,2.65767,3.79853,0,0,0,0,6.60177,7.10662,0.645973,1.57744,8.22803,8.7813,13.1027,0,0,0,0,5.93023,3.96549,0,0,0,0,7.81662,5.65225,7.53338,4.63505,4.93503,10.7828,7.24627,0.868953,1.78281,0,0,6.17562,15.6081,16.7993,14.338,14.5196,18.4619,14.4915,10.5069,8.55911,2.842,3.61592,10.1462,0,0,0,0,3.14159,0,0,0
0,1.90253,4.82196,1.26737,5.30414,13.2697,18.2506,8.26065,0,0,1.81182,0,0,0,0,0.439655,10.4022,15.2592,10.3242,2.1832,0,4.80345,1.02664,3.07492,3.00884,0,3.55567,12.159,8.64309,1.27024,0.318534,6.90934,12.333,0,1.98216,6.84056,0,0,7.07862,6.03441,0,0,3.98082,13.9774,0,0,5.01113,0,0,5.27772,9.14784,2.08691,1.20478,7.46427,16.1621,1.69834,4.41917,0,0,3.1319,9.36849,11.5807,2.95202,0,3.10759,11.7678,0,1.55516,0,0,3.84311,13.6496,9.9667,0.0347406,0,0.234751,8.37617,0,0,5.06786,3.95387,9.0363,17.0195,13.0567,5.2852,1.6475,0,0,1.66984,3.849,11.1519,13.7794,17.0764,19.1484,10.1286,2.67635,0.780497,0,0,11.5713,12.8239,17.8665,23.7077,26.1093,17.2267,7.22858,0,0,2.78326,3.59226,21.535,22.4047,26.1342,31.9677,28.4373,18.861,9.71009,2.00069,0,5.97107,13.1035,0,0,0,0,3.14159,0,0,0
5.17763,0,0,6.6061,12.0109,17.7944,17.4703,16.5122,10.2417,5.46886,6.39646,5.01668,0,0,0,3.65457,11.7829,8.07147,6.57876,4.43872,0,0,10.5095,5.35497,0.598164,0,0,8.7152,0,0,3.9675,0,0,18.5619,12.9399,4.63853,0.115948,3.79776,7.9504,0,0,2.92475,5.34706,6.2816,17.7699,10.7331,6.98704,8.63481,12.1888,12.23,5.57088,3.8105,8.41215,9.71147,15.2516,13.1073,3.87956,0,0.489775,9.20239,18.7651,14.0061,5.01309,0,1.11738,9.30538,8.86536,2.46681,0,0,8.20745,18.1106,12.6129,2.66676,0,0,7.54286,0.19514,0,3.30027,5.34906,12.2326,15.5554,6.49238,0,0.480586,3.91777,9.46646,0,0,3.41888,13.3262,19.2758,14.0928,4.12046,0,0,2.63761,0,1.52835,0.081951,6.4435,15.2811,24.7545,16.6055,8.07695,2.07055,2.83044,0,0,0,0,3.44729,13.443,23.4412,22.1752,15.5767,11.7506,11.2696,3.54797,0.709836,0,0,0,0,3.14159,0,0,0
16.8818,6.88185,0,0,3.11842,11.1737,1.91665,0,1.37408,5.90903,4.25278,11.2279,3.56147,0.826151,0.415301,6.45734,10.7126,1.07676,0,0.490847,0,0,8.34866,0,0,1.68543,7.00958,10.5182,6.44342,2.04253,4.8209,0,0,10.5603,2.49068,0,0.906042,0,3.50116,1.44004,0,0,0,1.10425,16.6229,11.0254,8.6697,0,0,1.98195,3.83341,0,1.66898,0,0,22.1506,13.0526,5.13898,1.26735,3.1599,7.46004,3.8919,2.9365,7.32496,3.25589,5.8519,15.9615,10.1516,0.190818,0,0,6.45615,0,0,3.92515,12.5296,10.4556,8.94613,2.12296,1.61792,0,3.19264,7.97202,0,0,5.68751,4.09305,0.462443,5.61762,0,0,4.42014,11.1828,13.9829,8.69625,7.06922,2.03377,0,0,8.13462,0.810851,0.241319,7.11417,16.0942,22.0526,12.4003,2.459,0,0,0,14.7754,10.0457,9.74434,14.0385,21.0783,23.3495,13.7832,4.80187,0,1.22507,9.47962,0,0,0,0,3.14159,0,0,0
18.744,11.5293,7.3437,8.38744,13.9873,17.5855,10.6144,6.99854,8.78688,14.8383,22.8776,10.6677,4.91144,0,0,8.28203,12.867,3.67096,0,0.718568,9.46494,14.5906,0.975393,2.10613,0,0,7.11939,12.0191,2.19984,0,0,4.43038,5.08596,0,0,3.31641,4.64993,11.2583,15.4319,7.62887,3.22018,4.55251,0,0,0.347538,1.53996,0,4.02046,12.5285,12.8067,4.08137,0,2.43225,0,0,9.46705,0,0,0.575519,10.5621,11.1348,1.17215,0,0,0,0,12.2314,4.32455,0.777348,5.07016,13.1963,13.9418,5.85398,1.37922,4.40918,0,0,10.7895,1.75471,0,2.2522,11.3562,19.9957,14.0391,10.221,8.05553,4.18529,4.72552,9.98631,0.267634,0,0.833627,6.74472,13.0659,10.7623,2.1731,0,3.50593,12.35,13.8055,6.51288,3.36023,0,0,8.26044,9.24491,0,0,1.03202,10.948,20.5607,12.9838,3.41285,0,0,8.29897,12.5757,5.05904,1.99531,6.15551,14.044,0,0,0,0,3.14159,0,0,0
1.43901,0,0,0,0,4.99191,14.3071,4.32243,0,0,5.73582,4.00189,0,1.99235,0,0,3.65781,13.5077,6.92479,0.0304469,0.713133,8.1365,0,1.26883,8.89159,1.84536,1.12355,7.52581,6.98497,3.43959,6.51532,5.71809,3.13171,0,0,5.83204,0,0,4.17446,0.945899,0,0.201916,0,0,1.46585,2.93447,7.81151,1.30644,0.547812,7.16616,2.29374,0,1.63626,1.1467,0,0,0,1.74816,10.5328,10.1251,14.2578,9.55657,6.57084,8.46051,9.04847,6.97727,0.788195,0,2.60113,1.51259,7.45246,16.0122,8.4638,0.46208,0,5.70165,4.62863,8.36177,6.07346,0,0,3.63449,13.6209,6.67693,0,0,0,0,10.8754,3.00934,0.134261,0,1.25836,5.67417,9.79952,3.55992,2.34564,0,0,8.32699,0,0,0,0,1.01406,0,2.18224,0,0,4.57923,10.88,3.0167,0.143705,2.61274,0,2.55079,0,0,0,0,5.40881,0,0,0,0,3.14159,0,0,0
1.14055,0,5.95557,14.8961,6.47745,0,0,3.67707,7.49995,0,0,0,0,3.30962,10.3566,8.47028,0.630298,0,3.98499,7.31798,0.279807,0,3.00935,1.59645,7.31219,1.54716,0,5.70353,0.563204,0,0.965681,0.222334,4.60099,10.0475,3.78639,3.35014,0,0,2.86652,1.48543,0,0,0,0.436823,5.80743,0,0,3.08548,1.30761,6.86695,8.76829,6.01815,3.68501,0,3.05557,7.25825,0,0,6.19668,4.79866,7.37106,10.3188,2.30605,0,0,0,13.3628,8.27515,7.94834,1.86493,0,0.30939,8.08467,0,0,0.382003,0,16.1639,9.5828,6.80547,2.05431,0,0.526784,2.46128,1.50979,0.882484,3.24579,0.743694,8.74286,2.13996,0,2.05212,5.25088,6.16243,0,0,3.88523,0,0,0,0.548504,0,0.44729,0,1.05593,1.0249,0,6.6112,2.37764,0,0,0,3.19472,3.69754,0,0,6.36162,9.54156,13.6445,11.0258,9.54634,0,0,0,0,3.14159,0,0,0
19.421,19.3863,10.3666,2.88559,0.829581,1.81581,0,0,4.5027,3.65417,9.0406,9.42551,11.516,7.44575,0,0,2.57291,0,2.56839,0,0,4.15207,0,3.21722,9.8472,2.04792,0,5.73643,9.61388,7.5981,0,0,5.42782,0,0,5.68164,0.715226,0,1.1862,10.7434,13.3972,7.98716,7.31029,11.8118,0.612359,1.77769,0,1.20631,0,1.65746,11.0013,7.39803,0,0,6.10033,0,0,0,0.602324,5.54041,8.61885,15.5308,5.9307,0,0,4.50229,0,2.12671,4.32513,5.79899,5.97066,11.4596,11.0815,10.1217,3.79829,3.26283,9.01085,0.60114,0,0.463719,0,0,6.09386,1.40085,2.34917,0,0,4.25461,2.09373,0,1.97345,0,0,3.89267,0,0,0,0,3.59608,8.9326,0,0,1.89035,5.82883,6.68999,0.0537804,1.1176,5.74076,4.39244,9.14452,9.74009,0.831293,0,3.13804,12.3664,13.7509,9.66286,10.2275,15.0885,14.2652,17.3527,0,0,0,0,3.14159,0,0,0
9.81259,7.57985,10.6292,17.2411,19.0259,22.1781,23.1155,18.5984,17.1865,19.3316,24.3741,1.88822,0,3.20433,9.40483,9.22165,13.7149,15.5601,9.35342,7.19856,10.4212,17.171,0,0,1.09709,0.174199,0,7.01066,10.2486,1.456,0,3.17995,12.2474,3.49983,0,4.74909,0,0,4.70814,9.14913,0,0,1.4191,11.2516,0,0,0.88235,2.54782,2.26263,8.52825,12.8774,5.64,2.87809,6.94346,14.6641,3.56558,0.0831639,2.47581,0,2.06754,10.9908,14.3341,13.7078,6.30243,3.01841,6.52842,2.07147,1.75153,0.649724,0,0.168391,7.56646,4.33449,7.38892,0.267787,0,0.622946,0,0,4.64109,2.89097,6.16066,1.04117,0,0.756472,2.04515,0,2.3493,0.653193,0.289248,7.26982,12.8899,10.9365,1.62904,0,0.667494,0,2.73774,9.80312,0,0,5.36077,15.2954,15.5277,8.6698,5.66712,0,0,1.88815,11.5767,0,0,7.05828,16.3608,22.6342,17.6023,13.4035,6.49095,4.00638,7.89989,15.3896,0,0,0,0,3.14159,0,0,0
3.04063,2.17572,7.67421,2.35018,3.88079,10.8045,13.7662,11.7942,2.28822,0,0,0,0,3.14287,0,0,7.12258,5.13498,1.79919,5.29861,0,0.776705,0.431595,0,0,0,0.648503,8.80266,0,0,0.658738,0,0,7.16676,0,0,2.86873,0,3.14512,2.55139,0,3.3358,3.00277,0,10.2273,2.88847,1.09421,0,0,0.270879,10.2062,8.21881,11.0257,11.313,9.27814,10.2798,8.15921,10.1989,2.83453,1.02068,5.43333,13.2591,8.18315,2.50875,3.50224,10.2028,2.18835,0,3.621,0,0,2.85293,12.8458,3.84543,0,0,6.40796,0,0,1.08233,1.77919,0,5.88112,12.2173,5.89858,0,0.219997,8.17388,4.9375,1.90029,0,0,1.78215,11.6949,4.55035,0,2.5461,0,0,13.6731,10.029,1.53313,0,4.02551,11.3769,1.39372,0,0,0,0,23.1316,15.6721,9.77142,7.96552,11.3216,13.9807,5.7455,0.989397,3.91448,3.54752,5.09792,0,0,0,0,3.14159,0,0,0
0,0,7.78962,2.12126,0,0,8.28955,3.61258,0,0,7.21917,0.172257,2.62,8.76597,4.07738,0,1.1008,6.89321,2.79168,0,0,1.62854,4.90865,4.9172,0,0,6.93125,9.35138,1.42249,0,0,0,0,0,0,0,0,5.01744,9.49136,3.25014,0,1.49172,2.02559,0,0,0,2.98962,0.221381,0,2.86722,10.51,7.28889,9.42041,10.3439,8.52039,4.87882,0,0,0,0,2.29705,10.8991,8.32783,10.8578,6.55823,6.24842,5.94326,0,0,6.60665,4.36403,8.35401,3.04672,0,2.98038,0,0,9.41428,0.551298,0,3.42242,12.6843,10.1128,0.18143,0,0.0962802,0,0,8.60362,0,0,2.22054,11.9945,13.1942,5.39825,1.67231,5.30214,5.40332,5.06979,12.6997,5.8016,3.56857,7.84718,15.5526,19.5197,11.9771,2.49573,0,0.121381,9.38019,19.7398,14.8771,13.522,16.2241,21.9706,21.7014,11.8662,2.29962,0,0,9.25433,0,0,0,0,3.14159,0,0,0
1.29465,0,0,9.1776,15.8443,6.22323,0,0,0.538767,0,0.50832,3.26677,0,1.66825,10.4014,15.6225,5.86752,0,0,2.06261,0,2.03602,10.6021,6.41331,5.93424,10.9381,18.6864,10.9848,5.35017,5.19512,6.77368,6.72206,9.4758,6.66182,0,0,5.20284,12.5654,17.406,7.84054,0,0,4.82837,14.2297,6.442,0,0,1.52497,3.56251,10.858,7.01794,0,0,3.82772,13.6306,11.5189,5.73421,2.50808,0,0,7.60119,11.4694,5.10412,3.97615,4.52705,6.47794,7.70655,1.23945,1.79529,0,1.55115,9.60984,4.60109,1.20512,2.75562,0,0,4.36432,0,0,5.6443,8.61029,9.41824,0,0,0.684396,0,0,7.29583,0.580604,1.16927,0,1.27902,10.464,2.87127,0,3.79838,5.73246,5.65446,14.3302,10.1187,1.17895,0,0.396619,9.99125,4.13235,0,0,1.21509,0,22.9358,14.7847,7.48835,4.05001,6.99891,14.0941,5.3557,0,0,0.618459,0,0,0,0,0,3.14159,0,0,0
13.1825,4.91835,0.37724,3.88586,10.2692,0.735209,0,1.13785,10.6992,14.1293,20.4897,10.7465,0.749222,0,0,9.25969,1.25618,0,1.64081,0.976281,6.36689,14.8047,12.878,4.44072,0,3.3714,11.5389,8.38909,5.5744,0,0,2.3906,12.3813,9.12775,0.557197,0,0.560862,5.07506,9.68997,9.92461,2.01609,0,5.46541,14.2193,0,0.450251,0,0,0,3.86771,13.5107,10.7374,9.42768,8.84152,10.161,0,0,5.89165,0,0,4.03325,13.6087,14.0496,5.16071,0,1.52281,2.07198,2.74555,7.04735,0,0,4.63304,14.2617,12.4653,2.49623,0,0,11.7337,12.1149,7.00398,0,0,4.58248,10.9642,7.54523,6.80667,1.57273,0,8.50282,6.43513,4.8532,0.140448,3.60294,10.2774,3.78496,0,1.25606,0,0,0.715682,0,0.889911,0,0,9.11083,1.85546,0,0,3.41656,0.501577,0,0,1.95057,0,3.45308,11.522,7.06103,2.62599,5.09147,12.0871,10.448,0,0,0,0,3.14159,0,0,0
7.34388,2.76589,5.00419,5.4132,6.76548,12.9041,8.32982,4.9286,7.59954,14.4259,17.5902,2.17835,0,0,0,0,7.93184,1.73451,0,0.557473,9.12166,7.64397,3.99337,0,0.960392,0,0,7.84674,1.80742,0,0.63845,0.757619,0,11.0551,3.63964,1.19234,5.11399,6.49082,8.61783,0.275423,0,4.95011,0,0,8.06733,0,0,2.00477,11.9851,7.23811,0,0,2.8451,4.69366,2.71124,7.52743,2.05299,0,4.95767,12.0322,11.1585,4.37504,2.24681,0,0,8.25412,0.478717,0,1.77623,3.38805,2.27147,7.94264,7.91033,4.00172,0,0.720472,3.95314,0.601712,0,1.88581,0,0,3.67877,0,1.04531,1.03245,0,0,7.74793,0.766399,0,0.468084,0,2.36043,0,0,4.43131,0,2.95322,8.12749,0,0,2.37688,8.60378,0.934162,0,4.04725,3.91033,0,0,11.9732,4.97834,2.87936,7.53297,8.24297,0,0,2.22537,4.05766,0,0,0,0,0,0,3.14159,0,0,0
0,0,5.28839,6.02203,11.9015,20.0441,17.684,8.56533,0,0,2.72433,0,0,0,0,6.84546,14.404,8.33473,6.63643,0,0,3.21756,3.64985,3.59713,0,0,6.96654,9.11315,0.291797,0,3.67984,5.76136,2.95356,4.15408,3.60125,4.75225,2.45062,7.09992,8.30496,0,0,2.52584,0.165351,0,0,0,0,0,2.09205,11.9911,5.66648,1.70271,0,2.01334,0,0,0,1.19151,0,4.14313,13.1823,6.99213,0,0,3.03291,7.05147,8.02186,7.591,0,0,2.75564,12.5927,10.0222,2.69887,1.02887,0,5.72465,4.03237,4.04201,0.31018,0,4.20364,13.4407,16.7028,7.01998,0,0,3.07507,0,0,5.33358,7.11895,10.9948,18.0803,15.8396,7.18506,1.08915,1.58553,7.16539,0,0,6.51631,15.9434,19.6617,23.6213,13.6228,3.6264,0,0,6.38925,7.60447,7.61215,12.5933,20.1783,28.8716,24.9392,15.4635,6.61418,0.182035,1.45935,8.94623,0,0,0,0,3.14159,0,0,0
4.194,4.56424,9.67508,6.96986,9.71912,16.2623,14.3086,13.5475,5.32147,0.724292,3.97402,0,0,2.15371,0,2.22487,9.51489,4.48907,5.46075,1.0078,0,0,0,0,0.407528,0,0.490533,4.13707,0,0,4.40819,0,2.96618,1.58673,3.6841,6.3988,3.03027,6.4516,4.79467,0,0,7.49822,9.3464,11.3201,0,0,7.70136,12.6557,15.1249,10.9262,6.34043,7.20789,5.86599,8.4578,15.0928,0,1.55063,2.58355,3.2515,9.82066,16.5109,11.3701,2.06819,0,1.11587,9.01581,8.80149,4.26216,0,0,5.97431,9.76809,2.53372,1.10905,0,0.316728,0,15.4651,6.3012,0,0.0121029,7.81849,6.69504,0,0,3.32947,0,0,20.1793,12.9793,8.5824,9.04107,10.8129,9.14866,1.53205,0,0,0.133549,1.60003,24.0944,14.6492,5.89772,0,1.96024,0.395221,0.745465,3.01208,0,0,7.60245,22.746,12.7476,2.75181,0,0,0,0,5.38582,3.28426,4.94374,11.6832,0,0,0,0,3.14159,0,0,0
25.851,19.9491,16.6197,16.8378,20.5275,23.6069,15.1761,8.39145,5.57742,8.62973,15.5241,16.3352,11.7241,6.8403,7.18298,12.5147,20.297,10.5504,1.25736,0,1.64257,10.9752,6.68103,5.71377,0,0,6.78987,16.3355,10.2682,0.733638,0,1.13698,10.6989,0,0,0,0,6.02765,13.2954,4.11195,0,0.587442,5.44493,5.81444,0,0,3.99625,4.83955,10.7815,12.3608,2.50923,0,0,0,0,5.24454,2.53705,0,0,8.48114,13.3732,7.71482,3.04945,5.05861,0,0,12.7697,3.41338,0,0.140777,9.08648,5.51,0.412196,3.27658,0,0,4.71944,15.5773,6.86993,0,0,4.56842,1.61087,0,0,0,0,3.53424,5.59361,7.05481,0,0,4.78211,5.13488,0,2.83636,4.99727,3.6859,8.69998,0,0.457276,6.52332,5.77661,10.6103,12.8761,9.77803,11.4249,14.3194,13.5333,16.762,0,0,9.37908,15.5964,18.828,21.8994,19.7561,20.8752,24.0286,23.4713,25.815,0,0,0,0,3.14159,0,0,0
12.7103,14.0061,13.6715,6.13014,2.65007,6.12039,4.52701,0,0,6.87305,12.5784,2.77765,4.96018,10.1826,0.352788,0,0.337581,4.78517,0,0,5.20611,2.61255,0,0,8.21696,2.41688,0,2.4042,10.6438,5.83425,6.59153,0,0,0,0.900971,2.9739,0,0.908039,9.85741,6.33219,3.14352,6.69621,1.39334,0,7.48727,9.14009,1.76874,0,0,9.09183,0.195046,0,0.768562,5.75932,7.51999,6.61191,7.79715,7.56941,3.56524,5.49366,10.8597,1.88012,0,2.3758,0,0.210805,0,0,3.90075,0,0,7.14901,8.83256,3.26369,2.30017,0,0,0,0,4.61666,0,0,7.73427,4.18968,0,0,0,0,3.97143,5.36175,0,0,7.0137,10.3222,5.74893,0,0,0,0,13.8387,4.77647,0,0,5.85947,0.899743,0.942737,7.77556,3.179,0,1.08137,17.737,9.50386,3.83691,4.23094,4.95587,0,0,5.04976,1.71,0,0,0,0,0,0,3.14159,0,0,0
11.7024,7.78049,1.44243,2.07114,8.98672,17.8438,12.2841,3.3556,0,1.9146,10.5852,2.27623,1.92825,0,0,5.75135,15.2418,8.46393,1.14953,0,0,1.69624,0,0,0.302813,0.99687,2.05379,7.86993,1.31781,0,1.64578,0,0,0.494261,0.0849802,6.36425,0,0,3.78078,0.736337,0,1.08153,2.22038,0,4.35886,0,0,0.602101,0,6.13956,7.39095,4.36004,0,0,1.17211,3.56933,0,0,4.51513,8.89498,11.366,4.49525,2.7953,1.56403,0,2.78269,9.02831,4.02962,0,0,6.5974,7.50077,0,0,2.92667,6.9453,10.0494,10.0984,3.85748,0,0,7.72129,8.86926,0.471683,0,4.72653,11.857,11.2736,5.82397,0,0,4.6509,12.2044,10.4151,0.74622,0,0.625153,2.60514,1.56405,5.02942e-05,0,0,0,4.07694,11.0108,1.8389,0,1.72912,0,0,0,0,0,0,0.162904,10.1613,9.10073,6.23405,8.61115,1.00967,0,0,0,0,0,3.14159,0,0,0
6.14727,0,0,7.25846,8.02169,13.2643,15.9846,8.48766,4.43572,6.58271,13.2719,4.62482,0,0,0,0,7.32413,12.1003,2.45063,0,0,8.83632,9.15819,3.39438,3.84857,0,0,6.09413,12.3975,2.97084,0,0.0715061,8.31991,16.8363,13.0773,6.48411,2.31597,4.19394,10.443,9.93977,6.17697,4.32791,0,0.0101358,15.4621,11.125,1.23492,0,0,9.13361,3.26849,0,0.210427,0,0,8.38085,1.68104,1.62058,0,1.85896,10.5083,2.43026,0,0,0,2.38978,5.07952,0,0,4.93872,9.87794,8.51341,2.18637,2.42051,1.45556,0,0,7.80248,0.747998,0.682257,7.68338,14.743,4.76398,0,0,5.33816,1.16515,4.0201,5.05,4.04016,9.1768,14.5405,16.2191,7.12319,0,0.233592,4.9855,6.08026,12.1942,0,0,3.99903,13.8033,21.0269,13.8418,9.34409,4.07838,0,0,7.32713,0,0,4.97317,14.3889,24.1386,22.3057,13.9131,4.34733,0,0,7.54636,0,0,0,0,3.14159,0,0,0
8.8854,0,0,1.13295,11.1275,21.1255,15.4029,5.68912,0,0,5.76915,11.131,2.99798,0,4.62202,13.1567,17.8741,13.1255,5.85811,0,0,5.93729,4.85253,1.71794,5.93809,9.97713,11.2473,10.9009,3.95253,2.34899,6.05148,1.79792,4.66143,0,0,0.96633,0.118949,2.44014,7.22595,0,0,1.3452,0,0,2.37228,0,2.38291,0,0,7.61897,0.697783,0,3.92849,0,2.06384,0,0,5.85278,0.440669,2.70321,10.3405,9.34754,8.22503,11.4311,8.30461,8.66103,0,0,3.0489,0,0,7.16696,17.1327,18.1431,11.6102,3.07737,0,4.52479,4.11827,5.31542,0,0.840481,8.94711,18.2926,14.3347,9.84442,0,0,0,1.38863,9.9323,8.03068,6.04112,9.7365,10.656,4.75846,4.4553,4.98731,1.34183,0,0,8.52161,0.290978,0,3.05099,5.88413,0,0,0,0,2.39403,4.87305,8.82793,0,0,2.29338,6.67161,0,0,0.238839,0,0,0,0,0,3.14159,0,0,0
10.7833,4.93611,4.63657,10.1338,18.2226,21.7256,11.7631,1.86395,0,0,8.49621,5.92997,0,0,5.07282,12.9312,18.503,12.9818,3.97432,0,1.38065,9.91577,4.1364,0,0,0.968223,4.38347,12.2141,10.6639,2.38297,0,4.35343,6.0504,0,0.545001,0.712882,0,0,9.35234,8.71961,0,0,0.964469,0,0,1.3372,3.99329,0,2.99911,11.3438,11.7681,4.14894,1.02135,0,0,5.86957,4.68717,2.3567,7.01949,11.2137,17.1405,13.2091,3.21395,0,0,3.99699,8.28621,0,0,2.05449,11.961,17.6775,15.0549,6.23863,0,1.64415,9.27519,9.74926,1.2698,0,4.17599,7.87782,8.60428,6.00403,9.13475,9.71609,10.6075,9.95527,15.4103,9.5616,2.51418,0,0.406054,1.23366,0,2.09192,9.98339,2.28388,0.121834,21.5213,11.6664,2.05298,0,0,0.308794,0,1.23791,7.4234,0,0,24.384,15.6535,8.27413,4.48394,6.90045,6.9218,4.01274,7.50333,10.1944,2.62425,0.532299,0,0,0,0,3.14159,0,0,0
10.2502,10.3035,6.15505,2.58049,5.98599,13.5124,9.84784,2.09012,0,5.83158,14.5535,0.819498,0.918973,0.458987,0,0.195921,10.031,7.39361,0,0,2.61903,11.6956,0,0,2.56166,0,2.34349,11.2048,8.06841,2.78174,0.752066,3.25267,1.91107,1.44744,1.5415,0.394458,0,4.65226,12.3949,2.6007,0,0,0,0,0,0.152795,0,0,2.93707,12.8186,3.82345,0,0.275277,0.861856,0,0,0,4.60831,2.9122,7.88985,12.9052,10.5766,6.75246,5.05751,0,0,3.4634,0,1.4794,0,0,6.60509,7.58078,1.06152,1.64606,0,0,2.60419,0,0,0,0,5.06013,4.33741,0,0,5.66466,8.83082,6.86343,1.55791,3.52019,3.57226,3.45534,9.4393,7.37927,0.738357,1.33956,4.7413,12.0361,14.6958,7.55691,0.0913888,0,7.00053,5.31449,0,1.54962,0,0,8.53402,15.3605,5.38659,0,0,4.74856,2.58513,0,0,0,1.53888,10.0357,0,0,0,0,3.14159,0,0,0
2.74283,6.02256,9.21461,9.23797,13.8956,20.7138,12.448,6.26299,5.00193,0,0,0,0.0959808,0,0,7.31194,16.4689,7.60827,0,0,0,0,0,2.12993,0,0,5.11321,15.086,7.78175,0,0,4.06804,7.13183,0,2.12754,2.4627,2.49868,8.89748,17.532,12.8545,6.81972,5.60372,10.101,16.0209,0,0,8.00224,8.7489,11.4243,17.6853,20.4708,14.0374,6.88532,3.8719,7.31316,1.0548,3.48457,3.00538,0,3.56819,12.1715,19.8855,10.0114,0.38135,0,1.06362,10.9663,8.60977,0,0,0.449509,10.4125,16.2415,10.5698,1.42063,0,2.04418,9.28535,0.526532,0,1.26104,5.30649,11.8892,6.56361,6.41851,8.79067,6.13707,9.17604,8.34145,0,0,2.37168,12.1798,6.275,0,0,5.68137,4.8304,9.84884,12.3806,3.57822,0,1.09964,9.81462,5.83075,0,0,0,0,4.37905,11.714,1.87077,0,0,8.68599,10.889,5.21723,5.05917,0,0,4.81679,0,0,0,0,3.14159,0,0,0
14.1856,4.37029,0,0,6.468,3.44303,0,0,7.12769,6.19327,6.57426,8.12326,4.43554,0,0,7.31922,4.91191,0,0,5.42468,0,0,1.85074,0,0.0152134,7.52576,12.9938,11.541,7.36556,0,0,0,0,2.34616,0,0.596794,9.80465,19.5323,16.8789,6.98751,0,0,3.67027,5.46789,9.08966,5.63161,8.00777,10.1823,11.6123,16.9603,11.2451,4.74634,0,0,6.69063,13.8766,13.3305,5.68195,0.280549,2.86296,10.6209,14.6658,4.93784,0,0,6.35084,4.47152,3.55145,2.01198,0,0,7.98849,17.9884,10.2956,5.05486,5.5366,11.357,0,0,4.04242,0.120156,2.73513,10.5414,8.38265,4.51879,0,3.06787,11.231,0,0,5.37921,2.16667,0,3.58321,0,1.01316,0,0,9.00659,8.09465,7.3676,9.18352,0,0,1.07794,0,0,0.572181,3.84767,11.7197,17.6902,17.2207,12.4994,4.98207,1.94572,6.07784,1.69925,4.67132,10.5491,12.411,17.9685,0,0,0,0,3.14159,0,0,0
13.1456,9.34354,10.3132,15.5163,23.0081,18.0113,12.4245,10.5205,1.14262,0,0,5.9303,0,1.43166,9.21294,13.643,11.7859,3.88725,0.539723,2.64891,0,1.53964,3.10842,0,0,5.68806,3.71094,8.16218,0,0,0.922967,6.80524,9.20938,7.02606,1.32876,2.91492,0,0,2.60405,3.1471,0,3.83264,4.47039,10.6747,14.6565,11.1281,9.03247,0.203416,0,3.70617,11.5138,4.45873,0,0,6.22362,23.5559,19.9045,12.3833,7.54275,6.58257,10.4171,4.96972,0,0,0,7.29073,19.881,14.5607,6.21052,0,0,6.8222,1.72757,0,0,0.966121,3.06304,13.2325,5.81456,2.66702,0,0,5.64463,2.5755,0.808025,2.49926,0,0,9.66262,0,0,0.847932,4.13461,5.97857,0,0,4.09986,0,1.97365,10.8204,1.99345,0,0,0,4.59063,0.715122,0,1.28134,0,0,16.0837,9.76649,7.04488,0,0,5.13734,4.74795,0,0,0,0,0,0,0,0,3.14159,0,0,0
15.9725,13.1027,6.10583,3.60376,7.62744,15.2268,11.5163,2.47724,0,1.8804,10.8297,6.7559,4.81824,0,0,1.82643,11.5761,10.5908,0.803377,0,0.108189,9.06672,0,0,0.847759,0,3.0001,10.362,14.187,6.66567,3.05664,0,0,0,0,3.06818,0.0442632,0,3.72464,13.0674,14.5521,4.5948,0,0,7.30105,2.75197,1.90298,0,0,2.73272,12.4914,15.6824,8.65328,2.57565,2.97494,6.09345,0,0,4.00728,3.86142,8.32698,12.6144,6.33195,4.90151,9.42621,12.434,3.34428,0.654674,0,6.48207,13.7886,14.4042,7.84824,0,0,3.58407,13.2347,0,0,1.86927,10.8977,15.7023,7.01826,0.891838,0,0,3.84472,13.388,2.45976,0,0,3.53351,6.29357,3.55271,0,0,5.60459,8.90764,15.8639,8.99764,0,0,1.23525,0,2.39195,0.331591,1.00451,0,1.99932,11.3407,12.5245,5.174,2.37525,0.0322515,0,1.31263,9.90331,0.372279,0,1.42229,11.0217,0,0,0,0,3.14159,0,0,0
1.65429,0,0,9.23565,19.1217,21.9105,17.8669,17.1082,9.06915,0.213958,0,2.82962,0,0.987465,6.32059,11.0772,14.0677,8.37238,7.19978,8.32378,0,0,9.8337,6.47539,0,0,5.07532,8.44545,0,0,4.66627,4.06219,3.75771,2.81803,0.0218295,0,0,4.5011,7.3555,0,0,3.26944,0,0,0,0,1.80762,4.67692,9.83176,11.4986,4.84857,1.08058,3.05051,0,0,3.03829,0.302049,5.56494,3.43036,2.95293,8.84628,2.64637,0,0,0,1.03562,4.50164,0.753722,4.86565,0,0,4.53664,2.75717,0,1.81912,0,0,0,0,0.294636,0,0,2.62603,0,0,6.88843,0,0,3.42689,0,3.81924,3.08392,3.86127,4.44682,0,0.675014,3.20565,0,0,1.41706,0,1.84602,0,0,6.23665,7.62462,1.08577,0,0,3.20103,0.562256,0,1.02452,0,0,7.72505,11.7117,2.61226,0,1.59349,10.5446,0,0,0,0,3.14159,0,0,0
7.14686,3.29309,6.10582,13.2828,22.0122,24.0555,14.6847,6.09002,0.413639,2.56976,10.188,1.34536,0,0,9.41111,19.3169,15.5959,12.5225,2.52268,0,0,7.47806,2.78356,0,1.3491,10.2853,15.588,7.52463,2.62856,4.55501,0.212789,2.40387,1.86677,9.95299,6.75748,9.06579,12.1451,10.9929,2.61244,0,0,7.78137,0,0,5.89274,1.28372,4.21497,3.17467,1.12957,4.52703,0,0.759652,9.18692,2.74871,0,1.32796,0,0,0,0,2.54304,7.75847,9.05825,4.01216,5.14808,8.13558,4.28518,0,0,0,0,5.50785,13.6209,3.82281,0,0,7.04235,11.9046,5.00935,0,0,5.68941,12.4118,14.2033,4.79606,0,0,7.84082,6.46591,3.44212,4.04809,0,0,7.41972,6.74529,4.71857,6.73023,7.69249,13.3698,0.121964,0,1.02645,0,0,7.45292,0,0,2.67813,12.2928,21.209,1.56642,0,2.36569,5.41441,6.48282,8.9712,0,0,2.98468,12.4685,22.2655,0,0,0,0,3.14159,0,0,0
0,0,0,0,4.5205,9.37636,2.88949,2.52337,5.04643,0,0,0,0,0,0,4.02226,5.55549,0,0,4.63081,0,0,3.52882,0,3.33283,0.44995,0,6.95051,0,0,5.85995,3.2696,7.25988,0.184294,0,0,0,0,4.49815,0,0,0,0,1.67784,4.98035,1.03533,4.80359,2.44807,2.00057,8.25029,0.664069,0,1.09183,0,3.11935,4.26078,5.41981,2.848,1.73933,7.6225,10.5955,5.1048,5.23596,8.94133,6.83206,10.1956,0,0,0,0,3.68642,5.419,0,0,4.47433,4.73229,10.6052,0,0,0.890485,0,6.25066,5.85294,0,0,0,0,5.81937,6.45181,7.46605,5.47299,0.0137547,2.69398,10.5426,6.39712,5.91628,0,0,6.61115,0,2.05426,1.95825,0,0,8.04399,5.95872,0,0,6.48672,12.3966,0,0,5.70306,0.365711,2.97343,10.7165,5.20281,0,0,5.75616,15.5728,0,0,0,0,3.14159,0,0,0
12.3842,3.89709,0,1.22521,0,0,2.36387,0,4.8559,2.39233,6.52006,10.411,0.425247,0,0,0,2.65131,0,0,0,0,1.21702,13.0687,4.97473,0.785119,0,0.670174,8.47469,3.65522,0.971837,1.8341,0,3.36902,19.1157,13.2336,3.70303,0,0,6.43646,0,0,0.661688,1.67585,0,19.8693,15.2145,7.79371,2.00324,3.09729,9.97499,2.62203,0,3.43998,0,0,9.88195,9.72385,1.08432,0,3.80311,12.8989,5.4585,0,0,0.819619,0.225554,0,3.18742,0,0,1.99102,11.8544,3.85556,0,0,0,0,0,0,5.14528,2.77542,7.23495,9.4497,3.03322,2.70586,4.17748,2.1395,1.61315,0.229438,3.42166,0,0,5.2997,5.53213,0,0,4.69589,11.5063,11.2136,10.193,6.4009,0,0,4.71478,7.44142,0,0,0,5.44698,14.2504,19.4775,11.247,5.29527,4.71248,9.97421,13.8151,7.54886,0,0,2.50527,12.4912,0,0,0,0,3.14159,0,0,0
7.48477,3.32776,5.79688,10.3981,9.67998,13.633,20.4916,20.3705,16.5358,15.4147,18.0654,1.85942,0,0,1.35696,0.00993849,6.47474,11.2794,10.4578,7.25028,5.47036,9.52158,3.25046,0,0.926976,0,0,3.57624,2.20524,0.708721,0,0,3.21044,7.45327,0.959705,1.64533,2.44085,1.22466,6.71567,0,0,0,0,2.95916,4.22551,0,0,5.77533,4.14352,7.69317,1.88599,0.343378,1.30079,3.72294,9.00957,7.3238,0.752329,1.45038,0.220524,0,1.42265,10.9149,2.02246,0,0,8.0658,2.2788,0,5.5371,1.04029,0,2.16166,8.81169,2.4492,0,1.96682,6.94904,0,0,2.27456,8.42056,5.88477,9.11373,5.01264,0,0,0.414398,0,3.01136,0.510766,5.85331,14.3347,15.8796,10.9457,3.38614,0,0,0,0,0,0,2.04657,12.0448,17.9867,7.99231,0,0,2.04669,5.35737,3.35492,2.53831,0,5.45678,14.0783,19.4662,10.2169,2.21437,0,5.16983,13.887,13.2819,0,0,0,0,3.14159,0,0,0
13.8265,4.30674,0,0,7.76575,7.06636,0,0,4.21419,13.9229,23.8019,13.5592,3.85704,0,0,4.71068,7.4091,0,0,4.62394,14.1686,20.8369,13.2393,8.00544,4.70823,0,0,3.12124,1.32595,1.05847,7.78489,13.1091,10.8369,7.29461,0,0,0,0,3.47667,0,0,4.70063,4.7408,0.836938,6.06687,0,0,4.51011,5.64498,8.2723,1.30883,1.04093,5.92655,0.0275865,0,9.51853,2.72709,1.95762,7.99974,15.5777,10.767,0.946245,0,0,3.55779,0,5.99867,0,0,4.10586,14.0828,11.7839,2.77072,0,1.84047,10.7063,9.16307,2.81792,0.580551,0,6.55173,13.9681,11.7151,6.25615,6.03052,4.52904,4.15344,9.73694,0,0,3.31941,1.19027,5.88424,6.26762,0,0,0,0,4.86299,1.29184,0,0,0,1.40828,6.05377,0,0,0,0,5.88302,10.2264,9.36133,2.40221,0,4.42181,11.2323,5.60535,5.37016,7.46935,7.15824,11.9916,0,0,0,0,3.14159,0,0,0
15.8503,10.1419,8.52454,4.36054,0,0,5.82169,2.56818,0,5.14907,13.7752,9.99112,1.70921,0,4.56116,0,0.126629,5.20722,0,0,1.79836,7.7466,8.19485,0,0,1.97645,8.83538,5.18595,0,0,0.636779,0,0,11.5049,4.13936,1.72102,6.19671,2.90241,5.49389,0,0,2.69137,0,0,10.0038,3.60618,0,0.213644,0,0.611119,6.11217,6.42243,8.55703,4.30353,6.27325,0.176054,0.181301,0,0,0,2.43305,11.4177,9.92306,3.33054,2.58881,8.41882,0,0,0.927428,4.71828,6.34066,9.91396,16.0324,6.07673,0,0,4.16988,0.504965,2.55891,6.63295,0,0,4.71146,14.1932,7.88837,0.0383575,0,6.19624,10.2095,1.24521,0,0,0,4.03408,10.6042,1.31205,0,1.61121,10.9344,9.39728,0,0,1.41688,4.44306,9.42894,10.3108,0.768425,0,1.08227,10.6457,13.3256,6.18996,3.42181,7.26775,14.272,17.532,14.5056,7.43432,4.40085,7.6299,14.7839,0,0,0,0,3.14159,0,0,0
0,1.33711,9.10582,3.7416,0,0,3.17391,0,0,5.82527,2.7552,0,0,6.85176,4.6423,0,1.03117,5.56882,0,0.914703,0,0,1.39857,2.90075,4.12325,0,0,7.0543,10.5104,5.40102,5.92815,1.86677,0,11.1867,11.124,4.65203,0,0,7.50369,4.97284,0,0,5.41444,3.13806,16.7565,6.86321,0,0,3.77456,12.8453,5.08958,0,0,0,0,9.85166,7.95858,0,0,5.09574,14.42,10.7655,5.7391,5.13641,0.805853,0,0,2.86755,7.00203,7.25014,11.5876,18.8874,9.4891,0.176945,0,2.29067,7.069,0,0,0,0,8.58785,17.702,9.44298,0.0883447,0,2.21741,11.7488,0.347498,3.09579,0,0,6.34462,9.07493,3.59755,0.661179,4.95742,7.87943,10.7153,0.88428,0,3.46363,1.98184,0,1.70373,0,0,1.45225,0,3.10195,0,0,1.98203,0.802248,0,0.49292,2.74148,0,0,0,0.686319,0,0,0,0,3.14159,0,0,0
18.4401,8.79452,0,0,3.65364,6.5065,2.26851,5.11847,11.0344,12.7387,18.1362,18.0539,8.20486,0,0,2.82985,1.31716,0,0,1.06914,4.04015,11.7193,12.6878,9.57059,5.93725,4.08517,8.51453,3.55328,0,1.31393,0,0,8.75647,4.98703,0,2.69478,10.7227,16.8509,10.9596,7.81451,4.42512,0,2.5413,10.7818,1.59686,0,0,8.42028,15.326,14.4332,6.28029,1.53752,4.18383,10.9132,16.6826,5.63212,0.613034,3.45027,4.51177,6.00918,11.6437,1.68408,0,0,8.45853,18.4391,4.9949,2.70981,3.40813,0,0,7.80127,4.42177,0,2.00503,7.51858,14.3335,0,0,2.11187,0,0,8.21467,11.3032,1.79187,0,0.463704,9.8673,1.03535,0,3.97009,0,0,5.15132,11.3639,1.90112,0,0.586662,9.93233,9.24175,7.51962,6.84307,0,0,3.74461,6.85924,0,0,5.00438,14.4926,18.6131,17.4846,11.0485,4.54129,3.4111,8.66189,6.6453,0,0,4.76359,14.4594,0,0,0,0,3.14159,0,0,0
5.43987,4.77842,9.9603,16.7017,17.0486,7.63489,0,0,2.78067,12.6745,22.6331,0,0,4.62468,6.88727,7.43063,9.0143,0.598539,0,4.62531,11.882,16.5381,0,0,5.14426,0,0,7.16602,9.0495,7.56859,1.58022,2.6312,9.62124,2.099,0,0.953384,0,0,6.33619,13.7473,3.7615,0,0,6.30082,1.48646,0,0.27276,4.2048,4.84665,10.954,13.1067,5.59448,0,0.999728,8.6129,0,0,7.06114,9.41506,14.2599,18.4828,9.67605,0,0,0.72159,10.5966,0,0,0,0.248178,7.79386,16.9855,10.9851,2.23286,0,2.96842,11.8506,5.48676,4.48838,0,0,5.64295,15.6183,15.81,9.19997,6.46584,9.32896,16.0018,2.0086,0,0.445803,2.69591,9.30757,12.5867,10.9009,1.80388,0,2.01255,11.1373,1.93483,0,0.360903,2.74765,0,4.86215,10.1876,0.489241,0,0.723522,10.4323,8.45735,4.93746,7.4809,0,0,1.47206,11.4662,6.7546,3.5352,6.90226,14.2522,0,0,0,0,3.14159,0,0,0
8.42438,6.13521,9.52516,2.31789,0,2.84255,9.20368,10.4225,4.35254,3.96106,9.5915,0.836531,0,2.61763,0,0,0.598332,0,2.69291,0,0,4.80343,0,0,1.71226,5.70087,2.37407,1.24962,0,0,0,0,5.95167,6.53407,3.80307,2.09481,7.37942,10.8684,5.59662,0.903333,3.94672,7.66178,7.34515,12.1308,7.30269,0,0,2.78161,1.05911,6.77016,10.8706,10.3404,2.8279,0.741395,6.31564,3.99481,0.943534,0,0,0,2.96349,10.5961,7.46433,0,0,2.54871,0,0,6.74807,1.70459,0,5.08752,0.609114,4.05252,2.1283,0,1.44356,0,0,0,0.941956,8.45938,0.769748,0,0,4.90898,0,0,0.235473,0,0,0,6.07541,4.29482,0,3.1978,6.92757,0.917187,1.00212,0,0,1.57776,0,4.84961,11.4018,1.78068,0,0.0138656,0,0,2.88817,2.291,0,0,1.97194,11.7203,2.34987,0,0.677652,0,0,0,0,0,0,3.14159,0,0,0
0,0,3.35435,1.50884,6.92833,13.9046,8.28785,7.247,11.4586,18.6964,27.2357,0,0,0,0,2.761,8.22901,0,0,4.87739,14.1733,21.3641,6.77015,6.62942,1.44064,0,5.46344,7.12195,0,0,3.4982,10.3832,11.8584,3.46938,2.09193,7.63535,2.83548,3.20476,9.59546,4.73225,3.41836,5.7239,0.466928,3.11,0,0,3.34194,0,0,5.61122,14.0396,11.8862,1.8879,0,0,0.743745,0,5.65277,0,0,7.41948,12.7422,12.4045,5.34286,0,2.65049,9.55582,8.63385,7.48739,1.33612,2.29661,7.05745,2.77536,5.3448,0,0,7.80875,3.80498,1.32076,3.8806,0,0,1.70302,0,0,0,0,6.29429,0,0,1.93597,0.111014,1.17728,3.52644,0,1.29029,3.01148,3.06934,0.907494,2.0012,0,3.42396,0,4.79643,10.7035,1.1318,0,0.699726,0,0,10.5123,8.92979,0,0,0.968506,10.9684,1.67935,0,1.26828,2.05303,0,0,0,0,0,3.14159,0,0,0
13.4322,3.67519,0,0,7.34488,10.3351,3.22545,1.67506,0.367894,0,0.767554,13.8907,4.44673,0,0,0,4.10775,0,0,1.79679,0,2.14954,8.79719,1.80695,1.20151,0,0,1.80009,1.15086,0,5.72039,1.47972,4.19729,5.70023,0,0,4.30757,2.12045,6.71693,9.97639,8.98554,1.59345,0,0,8.42988,1.21294,0.573546,7.2589,9.95075,14.8932,17.4479,12.0313,4.38094,0,2.09833,15.156,10.4669,3.95495,0,1.73703,10.2303,11.1198,3.34314,0.489656,1.37494,0,21.4873,11.5164,1.59595,0,0,8.68133,8.40398,0,0,0.504359,0,23.6329,14.5496,6.55873,2.07063,4.738,12.107,10.7694,2.78127,0,5.07806,4.05097,18.647,11.2415,6.78542,7.67202,13.2991,15.7342,9.49319,7.25458,9.6981,4.62074,4.53747,14.3353,4.92496,0,0,7.73144,10.4356,1.63395,0,3.06987,0,0,13.7436,3.93945,0,0,6.91029,9.31261,0,0,1.23325,0,0,0,0,0,0,3.14159,0,0,0
2.16006,0,5.44721,5.21672,8.91536,1.51063,0,0.215502,9.51718,0,0,0,0,0.104729,0,2.43342,2.15752,0,0.939249,6.45642,1.80287,0,3.13135,0.853887,0,0,2.30402,7.65065,0.578891,0.596246,0,0,2.05216,8.32079,6.59422,7.19604,4.89785,4.6079,4.99649,0,0,0.508965,0,2.84784,0.303011,0,3.62298,0,0,4.89962,1.77333,1.78892,7.72557,0,0,0,0,2.49345,0,0,5.5954,3.24409,1.83201,7.02497,0,0,5.7211,3.67004,8.07171,7.01926,6.64467,6.82738,0,0,3.30159,5.2812,4.19601,14.6076,5.57364,0,0.795564,8.80285,8.85487,0.958863,0,5.78853,7.90531,13.9866,13.209,3.25374,0,0,6.93134,10.1889,9.81015,3.71669,0,0,8.77273,11.5585,2.93599,0,3.13324,7.13957,0.590032,1.42509,2.85329,0,0,8.15144,9.93899,0.00670626,0,0.260419,4.08264,0,0,5.92083,4.03647,5.86753,12.5063,0,0,0,0,3.14159,0,0,0
14.5787,5.78332,0,1.79472,9.59889,11.2891,4.91155,3.83771,8.98974,4.00162,0.970394,12.7606,2.76897,0,0,7.26411,6.88919,0,0,3.87906,0,0,15.1392,6.64271,1.04449,0.431052,7.1724,7.81187,0,0,4.98822,2.64635,0,15.7006,5.70369,0,0,4.3129,13.4367,7.08539,0,0,4.88508,9.13574,17.7577,8.88316,1.94396,1.34648,5.37571,8.03588,6.78405,0,0,4.53821,14.2469,16.425,14.3554,11.2447,1.84139,0,0.861863,4.18224,0,2.39474,10.0288,17.8874,7.64079,4.35637,7.34973,1.52847,0,0.519841,1.26108,0,0,8.8561,14.6,1.1407,0,0.673845,0,2.74247,7.41706,5.88986,1.34613,4.31717,7.54216,4.60105,1.70611,0,1.26272,0,0,7.35782,0.495913,0.910285,8.10813,0.759055,0,8.70697,5.64796,5.5823,0.585214,3.46423,4.56668,0,0,5.45311,1.12597,0,17.6201,15.6472,13.5003,10.5306,12.1527,7.97449,1.48706,1.86687,8.70007,8.21586,5.40393,0,0,0,0,3.14159,0,0,0
7.15506,7.23276,10.5266,9.16413,12.6536,4.12797,0,0,0,0,1.80451,0,0,1.86671,0,5.2534,3.79149,0,0,0.858958,0,2.96362,0,0,0,0,2.33469,9.51438,4.84207,6.11717,8.6179,6.48318,9.91895,0,2.26224,3.40805,1.21158,6.48099,14.8505,13.2853,6.19852,3.51221,7.40022,14.9591,0,0,0,0,5.24141,15.0447,9.30583,0,0,1.54464,9.92307,1.28686,4.07093,0,0,5.97718,15.0278,10.0805,1.10917,0,0.422945,0.589917,11.2416,12.2134,5.60086,0,0.917645,8.89706,4.86501,4.08203,4.84409,0,0,3.70426,4.63462,3.19443,0,0,6.51722,0,0,4.31166,1.79293,1.94076,0,0,6.62914,1.94583,3.43901,7.37825,0,0,5.29735,7.71962,11.3795,0,0,0,3.50268,11.6583,13.0475,7.56485,6.90736,0.914356,0,4.3291,7.19827,0.664974,0,0,9.33945,19.3389,17.1608,8.00726,0,0,2.39199,0,0,0,0,3.14159,0,0,0
2.74375,5.71384,11.8612,2.08225,0,0,5.13411,4.35881,0,0,7.22588,0,0,7.19731,2.83672,0,0.690858,0,0,0,0,7.27409,0,1.75225,1.86959,0,0,2.63234,0,0,5.48182,3.82652,4.32333,7.23525,4.42435,3.63917,0,1.1398,8.93766,2.06541,0,4.64154,0,0,0.429617,0,1.43648,7.32631,7.76698,8.13851,0,0,1.94028,0,0,0.977249,0,1.93801,0,0,5.49672,3.71665,1.22504,0,4.15727,7.79663,8.22699,5.59587,6.58721,0,0,3.86568,9.88188,0,0,0.118837,10.1186,4.88176,2.12275,6.50622,4.12863,3.11457,8.5571,9.70484,4.12865,0.0988148,4.29522,12.5105,0,0,1.46056,8.5323,12.8932,7.21473,0.243666,0.654502,7.94726,6.85927,9.65464,1.80021,0,0,0,8.1669,4.59448,0,0,2.04103,0,2.2117,9.9533,3.63533,0,0,6.85082,8.15629,1.75741,2.11703,0.383028,0,0.580475,0,0,0,0,3.14159,0,0,0
10.6051,7.02307,8.84143,2.66633,2.63413,8.85772,3.42648,4.31527,10.7264,19.2274,21.484,3.63417,0,0.78516,0,0,4.06665,0,0,6.48759,13.2647,11.4918,2.13306,0,0,0,0,5.49605,0,0,7.72279,4.55696,1.51342,5.94616,3.18127,5.45834,0,0,6.74882,7.52258,7.5329,9.02395,0,0,0,0,5.09809,0,0,5.47685,3.60626,0,1.42325,2.37838,0,0,0,0,3.62297,3.95287,9.96353,1.64209,0,0,8.80368,8.56173,4.42021,0.0939422,0,0,9.93978,3.16999,0,2.59469,0,1.32787,9.79429,4.02846,0,0.67226,4.57622,10.1075,0.162082,0,0.0590003,0,0,8.30236,0.489581,0,0,9.54251,13.1112,5.2672,1.49109,0,2.29437,4.65077,11.8664,4.94205,0.671971,4.30095,12.2518,19.393,10.8049,0.876978,0,0,9.35736,18.6583,13.1624,10.667,12.7541,18.432,22.9153,13.8512,5.94823,1.82423,5.00928,12.5997,21.5628,0,0,0,0,3.14159,0,0,0
0.692712,0,0.410246,8.36436,11.8058,12.5411,4.62612,0.942925,5.01905,13.052,22.2059,2.12475,0,1.56348,0,4.49843,9.73115,0,0,0.333968,10.3129,16.9868,0,0,0,0,2.03801,11.6919,3.28011,0,3.71167,9.66971,6.98679,0,0,4.25246,1.89025,6.72194,14.857,6.47328,0,0,2.18212,0,6.37483,5.89048,10.9017,11.8194,14.7857,16.7401,7.16476,0,0,0.424415,0,8.68121,2.95237,3.65798,10.1325,17.49,16.1402,6.42141,0,0,5.12356,3.01324,4.24792,0,0,6.1038,8.28089,14.6634,6.49977,0,0,5.20861,9.65476,6.0318,0,0,0,0.615138,9.66654,10.0476,6.16093,5.73304,0.710754,0.165238,10.1108,4.94052,1.95778,0,0,9.11185,1.56059,0,4.71354,0,0,4.72707,0,0,0.406179,0,4.82464,0,0,2.1749,0.123247,1.72079,5.14358,0,0,0,0,3.02898,4.04019,1.77062,0,0,1.98935,0,0,0,0,3.14159,0,0,0
17.6277,12.7419,10.7604,1.51301,0,1.64742,3.32683,0,0,3.08506,0,10.7979,3.65495,1.84744,0.759148,0,0.902856,6.09808,0,1.28515,0,0,7.3729,0,0,2.78789,3.20724,7.38051,5.89287,0.938858,3.66506,3.82761,0.547322,9.26348,1.1797,0,0,0,4.36665,1.67466,0,0,7.63369,5.53188,3.51148,0,2.47347,0,0,5.98653,4.83281,0,2.41624,0.0891008,0,0.811422,0,0,7.36134,7.94259,12.4664,12.0041,9.25622,6.97961,0,0,5.84972,1.73572,0,0,4.89974,6.20648,2.01968,5.04313,0,0,4.62081,6.90666,1.80258,0,0,3.43099,1.08803,0,0,0,0,4.69838,2.42641,0,0,0,0,3.53658,0,2.1196,0.455673,0,0,4.93306,0,1.3986,0,0,5.12513,7.61157,0,0,0,0,12.1715,8.57533,9.96268,4.52376,4.32166,9.982,10.164,2.42474,0.107467,5.80973,5.09124,0,0,0,0,3.14159,0,0,0
14.5069,11.6796,13.2255,18.4401,18.7955,15.3176,6.52835,0.265987,1.73007,9.23015,18.3197,6.37308,1.72576,4.38434,10.1097,8.85591,12.5098,3.39338,0,0,6.61309,16.612,1.64326,0,0,1.43535,0,5.26615,6.89908,0.852784,2.24692,9.54971,11.8955,4.24967,0,1.91153,0,0,2.62622,10.8782,8.16062,4.13706,0,3.65575,11.6919,4.50045,1.12944,3.54618,1.60358,6.90524,3.14297,0,0.340464,0,0,9.35171,0,0,0.737457,10.7098,10.3879,0.467878,0,0,0.358834,4.16393,9.85674,2.88089,0,3.89677,7.99611,13.5055,5.69762,1.84585,1.03428,3.69251,11.2888,1.45035,0,4.48306,0,0,7.78887,11.7322,1.74809,0,0,8.30862,0,0,2.10701,0,0,6.74279,13.3353,4.83271,0,2.30723,10.4254,4.30914,2.00316,6.8345,3.66693,2.74322,0.184954,5.65493,12.4054,9.17629,10.8197,16.4422,13.2717,11.9294,14.9042,7.93284,0,0,2.06721,12.0672,19.15,20.2564,24.3683,0,0,0,0,3.14159,0,0,0
