trial,plan iters,plan time,best cost,configCheckTime,connectTime,knnTime,lazyPathCheckTime,numComponents,numEdgeChecks,numEdgesPrechecked,numIters,numMilestones
0,1,6.6981e-05,inf,3.888e-05,0,2.6176e-05,0,1,0,0,1,2
0,487,0.119887,inf,0.00287866,0.0309477,0.0392242,0.0463119,1,118,111,487,174
0,674,0.174971,1.58099,0.00398385,0.0506584,0.0720128,0.0475299,1,122,115,674,238
0,755,0.186628,1.58099,0.00428796,0.0536009,0.0802696,0.0475299,1,122,115,755,254
0,827,0.210918,1.58099,0.00457899,0.0626877,0.0877807,0.0548159,1,127,117,827,265
0,908,0.225215,1.58099,0.00492352,0.0655152,0.0987765,0.0548159,1,127,117,908,287
0,990,0.238308,1.58099,0.00526728,0.0672309,0.109682,0.0548159,1,127,117,990,304
0,1060,0.265967,1.57942,0.00557871,0.0717756,0.119481,0.0677206,1,135,122,1060,316
0,1141,0.279183,1.57942,0.00591246,0.0731861,0.130824,0.0677206,1,135,122,1141,332
0,1195,0.325461,1.5691,0.0061646,0.0790847,0.14094,0.097642,1,143,123,1195,348
0,1287,0.341804,1.5691,0.00653415,0.0807377,0.155126,0.097642,1,144,124,1287,366
0,1358,0.37505,1.56423,0.00685404,0.0935789,0.166504,0.106226,1,151,128,1358,380
0,1439,0.397854,1.51589,0.00712659,0.0981032,0.177165,0.113448,1,154,129,1439,391
0,1511,0.427617,1.51589,0.00738489,0.108073,0.188364,0.121669,1,159,131,1511,404
0,1593,0.444817,1.51589,0.0077352,0.109636,0.203524,0.121669,1,159,131,1593,419
0,1652,0.488313,1.49327,0.00799119,0.118675,0.214864,0.144437,1,171,136,1652,430
0,1720,0.520009,1.49327,0.00823987,0.127726,0.226796,0.154787,1,179,142,1720,443
0,1804,0.536632,1.49327,0.00855283,0.129398,0.2413,0.154787,1,182,145,1804,456
0,1886,0.554243,1.49327,0.00888466,0.130928,0.25692,0.154787,1,183,146,1886,470
0,1942,0.600778,1.49327,0.00910678,0.140875,0.268706,0.179278,1,193,149,1942,484
0,2026,0.617824,1.49327,0.00943707,0.141874,0.284282,0.179278,1,193,149,2026,496
0,2096,0.654288,1.38764,0.00964109,0.160769,0.29489,0.185919,1,202,157,2096,506
0,2189,0.670435,1.38764,0.00988746,0.162903,0.30849,0.185919,1,202,157,2189,520
0,2282,0.686557,1.38764,0.0101538,0.164008,0.32307,0.185919,1,202,157,2282,534
0,2374,0.703739,1.38764,0.0104483,0.16512,0.338694,0.185919,1,202,157,2374,546
0,2467,0.721743,1.38764,0.0107282,0.166186,0.355193,0.185919,1,202,157,2467,561
0,2558,0.741563,1.38764,0.0110215,0.167598,0.373153,0.185919,1,202,157,2558,577
0,2647,0.763302,1.38764,0.0113545,0.169039,0.392977,0.185919,1,202,157,2647,592
0,2737,0.782974,1.38764,0.0116363,0.170944,0.410314,0.185919,1,202,157,2737,606
0,2825,0.807062,1.38764,0.0119492,0.173422,0.431465,0.185919,1,202,157,2825,625
0,2912,0.828107,1.38764,0.0122353,0.174855,0.450637,0.185919,1,202,157,2912,640
0,2999,0.849891,1.38764,0.0125217,0.176144,0.470701,0.185919,1,202,157,2999,657
0,3084,0.874731,1.38764,0.0128597,0.17746,0.493752,0.185919,1,202,157,3084,674
0,3171,0.898202,1.38764,0.0131322,0.18042,0.513847,0.185919,1,202,157,3171,689
0,3258,0.917762,1.38764,0.0134282,0.181056,0.532327,0.185919,1,202,157,3258,697
0,3332,0.9523,1.38764,0.0136457,0.193668,0.549334,0.19049,1,207,161,3332,711
0,3420,0.974086,1.38764,0.0139214,0.194768,0.569595,0.19049,1,207,161,3420,725
0,3507,0.996802,1.38764,0.0141947,0.195889,0.590769,0.19049,1,207,161,3507,740
0,3587,1.02683,1.38764,0.0144345,0.202899,0.608708,0.195189,1,209,162,3587,751
0,3676,1.0469,1.38764,0.014694,0.203666,0.627605,0.195189,1,209,162,3676,761
0,3762,1.07071,1.38764,0.0149692,0.205172,0.649481,0.195189,1,209,162,3762,776
0,3833,1.10484,1.38243,0.0152475,0.210275,0.66989,0.203422,1,213,163,3833,786
0,3913,1.13004,1.38243,0.0155466,0.211427,0.693514,0.203422,1,213,163,3913,800
0,3999,1.14904,1.38243,0.0157991,0.212064,0.71147,0.203422,1,213,163,3999,808
0,4084,1.16925,1.38243,0.0160374,0.213023,0.730334,0.203422,1,213,163,4084,818
0,4167,1.19094,1.38243,0.0163454,0.213717,0.750882,0.203422,1,213,163,4167,826
0,4248,1.21392,1.38243,0.0166129,0.214838,0.77233,0.203422,1,213,163,4248,837
0,4334,1.2333,1.38243,0.016832,0.215669,0.790517,0.203422,1,213,163,4334,847
0,4402,1.26851,1.38243,0.0172831,0.221589,0.813494,0.209156,1,218,167,4402,862
0,4485,1.29069,1.38243,0.0175357,0.223439,0.833433,0.209156,1,218,167,4485,869
0,4565,1.31635,1.38243,0.0178436,0.225468,0.856623,0.209156,1,219,168,4565,880
0,4645,1.34015,1.38243,0.0181158,0.226363,0.879133,0.209156,1,219,168,4645,890
0,4725,1.36197,1.38243,0.0183687,0.227066,0.899859,0.209156,1,219,168,4725,898
0,4803,1.38856,1.38243,0.0186424,0.228264,0.924841,0.209156,1,219,168,4803,912
0,4884,1.4115,1.38243,0.0189015,0.22916,0.946491,0.209156,1,219,168,4884,920
0,4960,1.43958,1.38243,0.0191798,0.230503,0.972815,0.209156,1,219,168,4960,934
0,5043,1.46197,1.38243,0.0194185,0.23119,0.99415,0.209156,1,219,168,5043,943
0,5123,1.49003,1.38243,0.0196729,0.233928,1.01908,0.209156,1,224,173,5123,957
0,5200,1.51821,1.38243,0.0199605,0.234952,1.04582,0.209156,1,224,173,5200,969
0,5282,1.54158,1.38243,0.0202003,0.235893,1.06788,0.209156,1,224,173,5282,978
0,5360,1.56836,1.38243,0.0204963,0.236955,1.09316,0.209156,1,224,173,5360,990
0,5441,1.59251,1.38243,0.0207454,0.237705,1.11618,0.209156,1,224,173,5441,998
0,5521,1.61602,1.38243,0.0209717,0.238676,1.13835,0.209156,1,224,173,5521,1007
0,5594,1.64692,1.38243,0.0212658,0.239904,1.16761,0.209156,1,224,173,5594,1021
0,5673,1.67118,1.38243,0.0215257,0.243142,1.18824,0.209156,1,224,173,5673,1028
0,5752,1.695,1.38243,0.0217882,0.243767,1.21104,0.209156,1,224,173,5752,1036
0,5827,1.7252,1.38243,0.0220665,0.244879,1.23973,0.209156,1,224,173,5827,1049
0,5905,1.7519,1.38243,0.0223144,0.245872,1.26506,0.209156,1,224,173,5905,1060
0,5981,1.78038,1.38243,0.0225623,0.247193,1.29184,0.209156,1,224,173,5981,1073
0,6062,1.80421,1.38243,0.0227814,0.248002,1.3145,0.209156,1,224,173,6062,1083
0,6132,1.83985,1.38243,0.0230805,0.250158,1.34758,0.209156,1,224,173,6132,1099
0,6205,1.8697,1.38243,0.0233399,0.251373,1.37584,0.209156,1,224,173,6205,1112
0,6282,1.89616,1.38243,0.0235528,0.252666,1.40065,0.209156,1,224,173,6282,1125
0,6353,1.93017,1.38243,0.0237561,0.258899,1.42121,0.216046,1,226,174,6353,1132
0,6428,1.95731,1.38243,0.0240044,0.259728,1.44715,0.216046,1,226,174,6428,1141
0,6507,1.98214,1.38243,0.0242423,0.260269,1.47107,0.216046,1,226,174,6507,1148
0,6584,2.00837,1.38243,0.0244983,0.260813,1.49636,0.216046,1,226,174,6584,1155
0,6665,2.03347,1.38243,0.0247111,0.261704,1.52022,0.216046,1,226,174,6665,1165
0,6741,2.0599,1.38243,0.0250264,0.26229,1.54562,0.216046,1,226,174,6741,1171
0,6821,2.08615,1.38243,0.0252474,0.263081,1.57072,0.216046,1,226,174,6821,1181
0,6885,2.12503,1.38243,0.0254656,0.269597,1.59528,0.223514,1,228,175,6885,1191
0,6962,2.15304,1.38243,0.0256951,0.270587,1.62195,0.223514,1,228,175,6962,1202
0,7041,2.17987,1.38243,0.0259499,0.271079,1.6479,0.223514,1,228,175,7041,1208
0,7112,2.21234,1.38243,0.0261932,0.272548,1.67852,0.223514,1,228,175,7112,1222
0,7185,2.24388,1.38243,0.0264588,0.273448,1.70878,0.223514,1,228,175,7185,1232
0,7261,2.27303,1.38243,0.0267217,0.274334,1.73666,0.223514,1,228,175,7261,1240
0,7337,2.30057,1.38243,0.0269454,0.275183,1.763,0.223514,1,228,175,7337,1249
0,7411,2.33064,1.38243,0.0271729,0.276223,1.79167,0.223514,1,228,175,7411,1261
0,7482,2.3648,1.38243,0.0274439,0.2772,1.82446,0.223514,1,228,175,7482,1272
0,7561,2.39188,1.38243,0.0276599,0.278198,1.8502,0.223514,1,231,178,7561,1281
0,7636,2.42088,1.38243,0.0278854,0.279056,1.87799,0.223514,1,231,178,7636,1291
0,7709,2.45001,1.38243,0.0281222,0.279799,1.90601,0.223514,1,231,178,7709,1299
0,7781,2.48206,1.38243,0.0283555,0.280988,1.93652,0.223514,1,231,178,7781,1311
0,7855,2.51163,1.38243,0.0285884,0.281928,1.96478,0.223514,1,231,178,7855,1319
0,7935,2.53515,1.38243,0.0288043,0.282286,1.98759,0.223514,1,231,178,7935,1323
0,8013,2.56171,1.38243,0.0290184,0.28296,2.01312,0.223514,1,231,178,8013,1331
0,8086,2.59488,1.38243,0.0292605,0.284213,2.04467,0.223514,1,231,178,8086,1343
0,8155,2.63252,1.38243,0.0295338,0.286359,2.07978,0.223514,1,231,178,8155,1355
0,8225,2.66617,1.38243,0.0297759,0.287319,2.1121,0.223514,1,231,178,8225,1367
0,8294,2.70025,1.38243,0.0300165,0.288265,2.1449,0.223514,1,231,178,8294,1378
1,1,3.4261e-05,1.38243,1.6938e-05,0,1.6553e-05,0,1,0,0,1,2
1,153,0.111952,1.91387,0.000845356,0.0559033,0.00532964,0.0497129,1,63,55,153,62
1,203,0.141793,1.79841,0.00115563,0.0668021,0.00780256,0.0658047,1,75,64,203,75
1,262,0.156959,1.77828,0.00150824,0.0746724,0.0117718,0.0686937,1,87,75,262,94
1,329,0.162973,1.77828,0.00188819,0.0756579,0.0163269,0.0686937,1,87,75,329,110
1,394,0.170721,1.77828,0.00222617,0.0775618,0.0217316,0.0686937,1,90,78,394,134
1,454,0.186391,1.75741,0.0025195,0.0814675,0.02601,0.0758022,1,92,79,454,144
1,513,0.202627,1.75741,0.00279282,0.0893263,0.0307133,0.079114,1,94,80,513,156
1,563,0.237244,1.73698,0.00305381,0.107366,0.0363771,0.0896905,1,103,85,563,174
1,610,0.274842,1.73698,0.00326246,0.13137,0.0412648,0.098114,1,112,92,610,188
1,676,0.291803,1.70627,0.00360737,0.135881,0.0488918,0.102499,1,114,93,676,204
1,732,0.323043,1.70627,0.00390533,0.149494,0.0569011,0.111739,1,130,107,732,221
1,806,0.332752,1.70627,0.00424909,0.150288,0.0653654,0.111739,1,130,107,806,235
1,858,0.366188,1.70627,0.00446582,0.169797,0.0700241,0.120711,1,137,112,858,239
1,929,0.37758,1.70627,0.00481343,0.171429,0.0793314,0.120711,1,141,116,929,255
1,994,0.396474,1.67688,0.0051237,0.176592,0.0883331,0.125031,1,145,119,994,271
1,1066,0.408013,1.67688,0.00540894,0.17869,0.0973718,0.125031,1,157,131,1066,286
1,1118,0.449139,1.67688,0.00563607,0.183124,0.104186,0.154606,1,180,147,1118,296
1,1188,0.462135,1.67688,0.00597829,0.184414,0.115408,0.154606,1,180,147,1188,312
1,1258,0.476816,1.67688,0.00632243,0.185969,0.128088,0.154606,1,182,149,1258,332
1,1328,0.490996,1.67688,0.00665349,0.187219,0.140574,0.154606,1,182,149,1328,351
1,1399,0.504249,1.67688,0.00696106,0.188275,0.15234,0.154606,1,182,149,1399,366
1,1465,0.520862,1.67688,0.0073079,0.189879,0.166897,0.154606,1,186,153,1465,385
1,1533,0.534935,1.67688,0.00764704,0.190724,0.179685,0.154606,1,186,153,1533,398
1,1601,0.551354,1.67688,0.00800004,0.191827,0.194548,0.154606,1,186,153,1601,415
1,1668,0.568714,1.67688,0.00832302,0.193233,0.210072,0.154606,1,186,153,1668,434
1,1736,0.585764,1.67688,0.00864022,0.194435,0.225497,0.154606,1,186,153,1736,451
1,1799,0.609223,1.67483,0.00894972,0.198913,0.240052,0.158632,1,188,154,1799,465
1,1865,0.62678,1.67483,0.00928501,0.200122,0.255964,0.158632,1,191,157,1865,480
1,1934,0.642607,1.67483,0.00957219,0.201034,0.270485,0.158632,1,191,157,1934,494
1,2000,0.660558,1.67483,0.00987669,0.202146,0.28692,0.158632,1,191,157,2000,510
1,2032,0.730358,1.54756,0.0100445,0.232204,0.296056,0.189026,1,207,161,2032,519
1,2107,0.776233,1.54756,0.010369,0.249152,0.314826,0.198732,1,217,168,2107,537
1,2190,0.798742,1.54756,0.0107228,0.251289,0.334702,0.198732,1,217,168,2190,553
1,2247,0.856321,1.52017,0.0109653,0.271133,0.347128,0.22371,1,240,180,2247,560
1,2329,0.895142,1.52017,0.0113203,0.279323,0.369515,0.231463,1,245,182,2329,581
1,2418,0.935838,1.52017,0.0116001,0.29549,0.38615,0.238923,1,258,192,2418,593
1,2520,0.960838,1.52017,0.0120109,0.296592,0.40948,0.238923,1,258,192,2520,607
1,2614,0.991407,1.52017,0.0124593,0.298253,0.437801,0.238923,1,258,192,2614,628
1,2695,1.0314,1.52017,0.0127842,0.306978,0.46094,0.246588,1,264,195,2695,647
1,2791,1.06905,1.38691,0.0130572,0.325536,0.478649,0.247493,1,270,201,2791,660
1,2898,1.10197,1.37361,0.0134025,0.332178,0.500766,0.251137,1,272,202,2898,673
1,3000,1.12955,1.37361,0.0137327,0.335872,0.524145,0.251137,1,272,202,3000,690
1,3103,1.15327,1.37361,0.0140557,0.337202,0.54602,0.251137,1,272,202,3103,703
1,3206,1.17856,1.37361,0.0143906,0.338605,0.569395,0.251137,1,272,202,3206,717
1,3310,1.20342,1.37361,0.0147132,0.339873,0.592491,0.251137,1,272,202,3310,732
1,3418,1.22657,1.37361,0.0150196,0.341089,0.613934,0.251137,1,272,202,3418,743
1,3524,1.25193,1.37361,0.0153107,0.342466,0.637439,0.251137,1,272,202,3524,760
1,3622,1.27998,1.37361,0.015639,0.344123,0.663324,0.251137,1,272,202,3622,778
1,3767,1.31122,1.32751,0.0159458,0.348777,0.687307,0.25317,1,275,204,3767,792
1,3919,1.34455,1.32751,0.0163523,0.350273,0.718475,0.25317,1,279,208,3919,808
1,4061,1.37949,1.32751,0.0167704,0.351541,0.751504,0.25317,1,282,211,4061,823
1,4202,1.41721,1.32751,0.0171784,0.353446,0.786668,0.25317,1,282,211,4202,844
1,4346,1.45026,1.32751,0.0175934,0.354475,0.818033,0.25317,1,282,211,4346,855
1,4493,1.48409,1.32751,0.017968,0.355999,0.849712,0.25317,1,282,211,4493,871
1,4626,1.52344,1.32751,0.0183887,0.357792,0.886624,0.25317,1,283,212,4626,890
1,4753,1.5656,1.32751,0.0188969,0.360347,0.925512,0.25317,1,283,212,4753,911
1,4897,1.60283,1.32751,0.0192583,0.363077,0.959404,0.25317,1,287,216,4897,928
1,4994,1.65743,1.31742,0.019497,0.381294,0.980928,0.267614,1,297,221,4994,938
1,5129,1.69609,1.31742,0.0199212,0.382435,1.0178,0.267614,1,297,221,5129,951
1,5271,1.73148,1.31742,0.0202942,0.383805,1.05121,0.267614,1,297,221,5271,964
1,5385,1.78058,1.31742,0.0207007,0.388531,1.09109,0.271512,1,299,222,5385,984
1,5516,1.82158,1.31742,0.0210803,0.390598,1.12941,0.271512,1,300,223,5516,1002
1,5648,1.86431,1.31742,0.0215084,0.39281,1.16929,0.271512,1,300,223,5648,1017
1,5792,1.90009,1.31742,0.0218286,0.396624,1.20068,0.271512,1,300,223,5792,1031
1,5923,1.94195,1.31742,0.0222028,0.398384,1.24018,0.271512,1,300,223,5923,1050
1,6015,1.99962,1.31742,0.0225104,0.405088,1.26833,0.293877,1,303,224,6015,1059
1,6148,2.03863,1.31742,0.022868,0.406572,1.30523,0.293877,1,303,224,6148,1075
1,6283,2.07919,1.31742,0.0232187,0.409945,1.34179,0.293877,1,303,224,6283,1090
1,6412,2.12158,1.31742,0.023559,0.411774,1.3818,0.293877,1,303,224,6412,1111
1,6539,2.16377,1.31742,0.0238978,0.413625,1.42157,0.293877,1,303,224,6539,1130
1,6669,2.20486,1.31742,0.0242769,0.414753,1.46094,0.293877,1,303,224,6669,1143
1,6801,2.24629,1.31742,0.024643,0.415922,1.50061,0.293877,1,303,224,6801,1157
1,6917,2.29376,1.31742,0.0250056,0.417926,1.5455,0.293877,1,303,224,6917,1180
1,7036,2.3406,1.31742,0.0253698,0.419755,1.58995,0.293877,1,303,224,7036,1200
1,7153,2.38724,1.31742,0.0257809,0.421078,1.63466,0.293877,1,303,224,7153,1215
1,7283,2.42926,1.31742,0.0261124,0.422452,1.67476,0.293877,1,303,224,7283,1232
1,7406,2.47585,1.31742,0.0264892,0.423886,1.71933,0.293877,1,303,224,7406,1248
1,7527,2.52052,1.31742,0.0268472,0.425243,1.76207,0.293877,1,303,224,7527,1263
1,7646,2.56559,1.31742,0.0272222,0.42632,1.80549,0.293877,1,303,224,7646,1276
1,7760,2.61568,1.31742,0.0275925,0.430312,1.85102,0.293877,1,303,224,7760,1293
1,7870,2.65785,1.31664,0.0278393,0.434292,1.88216,0.300485,1,306,225,7870,1304
1,7961,2.7002,1.31664,0.0281561,0.435887,1.92243,0.300485,1,306,225,7961,1319
1,8067,2.7334,1.31664,0.0284055,0.436882,1.95421,0.300485,1,306,225,8067,1331
1,8171,2.76654,1.31664,0.0286742,0.437715,1.98605,0.300485,1,306,225,8171,1340
1,8272,2.8024,1.31664,0.0289499,0.438785,2.02038,0.300485,1,306,225,8272,1351
1,8370,2.84226,1.31664,0.0292174,0.440061,2.05853,0.300485,1,306,225,8370,1366
1,8460,2.88319,1.31664,0.0294984,0.441852,2.09723,0.300485,1,306,225,8460,1381
1,8561,2.91912,1.31664,0.0297629,0.442871,2.1317,0.300485,1,306,225,8561,1393
1,8655,2.9599,1.31664,0.0300481,0.445685,2.16921,0.300485,1,306,225,8655,1405
1,8760,2.99257,1.31664,0.0302922,0.446606,2.20052,0.300485,1,306,225,8760,1414
1,8861,3.028,1.31664,0.0305362,0.447833,2.23429,0.300485,1,306,225,8861,1426
1,8954,3.06959,1.31664,0.0308477,0.449157,2.27408,0.300485,1,306,225,8954,1441
1,9031,3.12018,1.31664,0.0310798,0.457566,2.30918,0.307196,1,310,227,9031,1454
1,9131,3.15471,1.31664,0.0313677,0.458298,2.34233,0.307196,1,310,227,9131,1460
1,9225,3.193,1.31664,0.0316487,0.459464,2.37901,0.307196,1,310,227,9225,1470
1,9314,3.23656,1.31664,0.0319167,0.461434,2.42018,0.307196,1,310,227,9314,1486
1,9406,3.27911,1.31664,0.0322054,0.46414,2.45956,0.307196,1,310,227,9406,1498
1,9484,3.3269,1.31664,0.0325295,0.465572,2.50547,0.307196,1,310,227,9484,1512
2,1,0.000104321,1.31664,2.6562e-05,4.7734e-05,2.7716e-05,0,1,0,0,1,3
2,741,0.100278,1.31664,0.00389147,0.0127072,0.082982,0,1,183,183,741,257
2,971,0.200577,1.31664,0.00510715,0.02212,0.13636,0.0360687,1,193,184,971,335
2,1295,0.300473,1.31664,0.00683173,0.0261324,0.230222,0.0360687,1,193,184,1295,437
2,1422,0.394101,2.05062,0.00752695,0.0439995,0.276497,0.0647333,1,204,188,1422,487
2,1452,0.45292,1.75537,0.00769787,0.081809,0.285556,0.0764705,1,216,197,1452,496
2,1514,0.471736,1.75537,0.00801275,0.0844332,0.30134,0.0764705,1,216,197,1514,509
2,1569,0.499409,1.70591,0.00830416,0.0908765,0.31764,0.0810283,1,218,198,1569,525
2,1632,0.517053,1.70591,0.0086152,0.0919882,0.333766,0.0810283,1,218,198,1632,538
2,1692,0.538069,1.70591,0.0089401,0.0939122,0.352446,0.0810283,1,218,198,1692,555
2,1734,0.58704,1.67559,0.0091422,0.123517,0.36301,0.0895723,1,229,206,1734,561
2,1799,0.657872,1.63458,0.0094517,0.138187,0.382379,0.125951,1,255,220,1799,581
2,1869,0.692197,1.63458,0.00979276,0.147755,0.402239,0.130406,1,258,222,1869,594
2,1938,0.727463,1.54916,0.0100588,0.163353,0.417752,0.134176,1,262,225,1938,604
2,2022,0.751991,1.54916,0.0104056,0.164853,0.440296,0.134176,1,262,225,2022,620
2,2103,0.777197,1.54916,0.0107651,0.167083,0.462786,0.134176,1,262,225,2103,636
2,2190,0.798623,1.54916,0.0110889,0.168306,0.482523,0.134176,1,262,225,2190,648
2,2272,0.825418,1.54916,0.0114392,0.1714,0.505749,0.134176,1,262,225,2272,665
2,2338,0.864585,1.54916,0.0117599,0.176763,0.5259,0.147411,1,267,226,2338,676
2,2403,0.919584,1.39915,0.0119824,0.209498,0.542527,0.152712,1,278,236,2403,690
2,2497,0.943452,1.39915,0.0123246,0.21042,0.564975,0.152712,1,278,236,2497,702
2,2596,0.973852,1.39915,0.0126341,0.215708,0.589603,0.152712,1,284,242,2596,722
2,2704,0.997526,1.39915,0.0129443,0.216772,0.611716,0.152712,1,284,242,2704,735
2,2788,1.03484,1.39915,0.0132385,0.22147,0.63287,0.16373,1,288,243,2788,748
2,2861,1.081,1.39915,0.0134764,0.2304,0.651486,0.181967,1,300,248,2861,761
2,2956,1.10855,1.39915,0.0138105,0.232274,0.676654,0.181967,1,300,248,2956,777
2,3057,1.13661,1.39915,0.0141785,0.233317,0.703142,0.181967,1,300,248,3057,789
2,3158,1.16357,1.39915,0.0144753,0.235172,0.727773,0.181967,1,300,248,3158,806
2,3261,1.18984,1.39915,0.0147871,0.236627,0.75209,0.181967,1,300,248,3261,818
2,3364,1.21449,1.39915,0.0151124,0.237388,0.775485,0.181967,1,300,248,3364,828
2,3463,1.24437,1.39915,0.0154569,0.238723,0.803515,0.181967,1,300,248,3463,843
2,3556,1.27709,1.39915,0.0158045,0.240428,0.834025,0.181967,1,300,248,3556,861
2,3639,1.31693,1.39915,0.0161056,0.247041,0.859866,0.188909,1,305,251,3639,876
2,3733,1.34781,1.39915,0.016452,0.248666,0.888604,0.188909,1,305,251,3733,892
2,3829,1.37788,1.39915,0.0168493,0.249551,0.917229,0.188909,1,305,251,3829,903
2,3923,1.40866,1.39915,0.017173,0.250876,0.946186,0.188909,1,305,251,3923,919
2,4016,1.44272,1.39915,0.0175307,0.252305,0.978298,0.188909,1,305,251,4016,935
2,4111,1.47483,1.39915,0.0178571,0.253532,1.00869,0.188909,1,305,251,4111,950
2,4212,1.50211,1.39915,0.0181751,0.254404,1.0346,0.188909,1,305,251,4212,958
2,4304,1.53585,1.39915,0.0185073,0.256016,1.06624,0.188909,1,305,251,4304,974
2,4390,1.58909,1.39915,0.0188468,0.262514,1.10065,0.200748,1,310,254,4390,992
2,4484,1.62201,1.39915,0.0191475,0.263916,1.1317,0.200748,1,311,255,4484,1008
2,4580,1.65221,1.39915,0.0194346,0.265006,1.16036,0.200748,1,311,255,4580,1021
2,4665,1.69023,1.39915,0.0197295,0.269622,1.19331,0.200748,1,312,256,4665,1041
2,4756,1.72584,1.39915,0.0200644,0.270903,1.22716,0.200748,1,312,256,4756,1057
2,4849,1.75711,1.39915,0.0203643,0.271964,1.25692,0.200748,1,312,256,4849,1069
2,4947,1.7871,1.39915,0.0206326,0.273342,1.28509,0.200748,1,315,259,4947,1082
2,5049,1.81454,1.39915,0.0209217,0.273867,1.31153,0.200748,1,315,259,5049,1089
2,5135,1.85196,1.39915,0.0212843,0.275502,1.34682,0.200748,1,315,259,5135,1101
2,5220,1.88805,1.39915,0.0216131,0.276961,1.38097,0.200748,1,316,260,5220,1115
2,5300,1.93047,1.39915,0.0219745,0.278565,1.42129,0.200748,1,316,260,5300,1135
2,5401,1.95787,1.39915,0.0222024,0.279451,1.44737,0.200748,1,316,260,5401,1146
2,5492,1.99317,1.39915,0.0224654,0.280983,1.48072,0.200748,1,316,260,5492,1163
2,5576,2.03138,1.39915,0.0227487,0.282621,1.51685,0.200748,1,316,260,5576,1181
2,5666,2.06658,1.39915,0.0230705,0.28357,1.55062,0.200748,1,316,260,5666,1192
2,5754,2.10216,1.39915,0.0233965,0.284657,1.58463,0.200748,1,316,260,5754,1203
2,5847,2.13586,1.39915,0.0236614,0.285991,1.61656,0.200748,1,316,260,5847,1217
2,5908,2.19354,1.39915,0.0238966,0.290489,1.64367,0.226484,1,326,261,5908,1227
2,5992,2.23278,1.39915,0.0242908,0.295551,1.67731,0.226484,1,326,261,5992,1235
2,6087,2.26541,1.39915,0.0245887,0.296304,1.70873,0.226484,1,326,261,6087,1243
2,6173,2.30438,1.39915,0.0248767,0.298065,1.74549,0.226484,1,327,262,6173,1261
2,6261,2.34298,1.39915,0.0251939,0.299173,1.78251,0.226484,1,327,262,6261,1274
2,6342,2.3845,1.39915,0.0255049,0.300434,1.82232,0.226484,1,327,262,6342,1290
2,6425,2.42524,1.39915,0.0258144,0.301722,1.86131,0.226484,1,327,262,6425,1304
2,6504,2.46671,1.39915,0.0261101,0.304191,1.89988,0.226484,1,335,270,6504,1319
2,6590,2.50538,1.39915,0.0264015,0.305973,1.93632,0.226484,1,337,272,6590,1331
2,6673,2.54671,1.39915,0.0267021,0.307295,1.97589,0.226484,1,337,272,6673,1347
2,6763,2.57928,1.39915,0.0269493,0.308301,2.007,0.226484,1,337,272,6763,1358
2,6853,2.61508,1.39915,0.0272149,0.309465,2.04121,0.226484,1,337,272,6853,1370
2,6939,2.65371,1.39915,0.0274905,0.310861,2.07801,0.226484,1,337,272,6939,1385
2,7008,2.70463,1.39915,0.0277145,0.317857,2.10696,0.241102,1,342,273,7008,1394
2,7092,2.74309,1.39915,0.0280183,0.318872,2.14396,0.241102,1,342,273,7092,1404
2,7178,2.78806,1.39397,0.02827,0.324191,2.1799,0.244393,1,345,274,7178,1418
2,7275,2.83504,1.39397,0.0285764,0.32574,2.22486,0.244393,1,345,274,7275,1435
2,7375,2.88496,1.39397,0.028879,0.333617,2.25988,0.250938,1,349,276,7375,1441
2,7468,2.93784,1.39397,0.0292128,0.335538,2.31034,0.250938,1,349,276,7468,1461
2,7565,2.98355,1.39397,0.0295323,0.336792,2.35426,0.250938,1,349,276,7565,1473
2,7640,3.0441,1.39397,0.0298268,0.341842,2.39633,0.263947,1,353,277,7640,1486
2,7741,3.09006,1.39397,0.0301282,0.343106,2.44055,0.263947,1,353,277,7741,1501
2,7833,3.13776,1.39397,0.0304161,0.344681,2.48621,0.263947,1,353,277,7833,1519
2,7934,3.18391,1.39397,0.0307429,0.345564,2.53098,0.263947,1,353,277,7934,1530
2,8034,3.23104,1.39397,0.031032,0.348298,2.57487,0.263947,1,353,277,8034,1544
2,8131,3.27902,1.39397,0.0313866,0.349149,2.62149,0.263947,1,353,277,8131,1554
2,8234,3.32126,1.39397,0.0316703,0.350271,2.66214,0.263947,1,353,277,8234,1565
2,8332,3.36747,1.39397,0.0319629,0.351715,2.70643,0.263947,1,353,277,8332,1579
2,8398,3.42862,1.39397,0.0322566,0.360606,2.74821,0.274018,1,359,279,8398,1591
2,8455,3.49646,1.32346,0.0324448,0.375813,2.77429,0.300276,1,383,294,8455,1596
2,8549,3.54201,1.3209,0.0327004,0.380174,2.81302,0.302315,1,385,295,8549,1608
2,8655,3.58482,1.3209,0.0329807,0.381144,2.8544,0.302315,1,385,295,8655,1618
2,8736,3.6362,1.3209,0.033274,0.382973,2.90351,0.302315,1,385,295,8736,1634
2,8834,3.68225,1.3209,0.0335858,0.384083,2.94797,0.302315,1,387,297,8834,1644
2,8944,3.72267,1.3209,0.0338576,0.384813,2.9872,0.302315,1,387,297,8944,1651
2,9042,3.76776,1.3209,0.0341397,0.386238,3.0304,0.302315,1,387,297,9042,1663
2,9124,3.82169,1.3209,0.0344935,0.387664,3.08241,0.302315,1,387,297,9124,1675
2,9186,3.88939,1.3209,0.0346617,0.405498,3.10821,0.326109,1,394,300,9186,1682
2,9277,3.9381,1.3209,0.0349443,0.406698,3.15528,0.326109,1,394,300,9277,1695
2,9365,3.98966,1.3209,0.0352488,0.407974,3.20511,0.326109,1,394,300,9365,1709
2,9462,4.03466,1.3209,0.0355598,0.408825,3.24878,0.326109,1,394,300,9462,1716
2,9555,4.08312,1.3209,0.0358578,0.410283,3.29532,0.326109,1,394,300,9555,1727
3,1,4.5424e-05,1.30965,2.0017e-05,0,2.3867e-05,0,1,0,0,1,2
3,483,0.0997977,1.30965,0.00242481,0.0340816,0.0385844,0.024265,1,97,90,483,183
3,876,0.199618,1.30965,0.00445235,0.0465348,0.115685,0.0321449,1,104,94,876,320
3,1206,0.299829,1.30965,0.00619886,0.050536,0.209814,0.0321449,1,105,95,1206,430
3,1466,0.399877,1.30965,0.00758661,0.0548243,0.303948,0.0321449,1,105,95,1466,521
3,1693,0.500245,1.30965,0.00882307,0.0579594,0.399739,0.0321449,1,105,95,1693,599
3,1814,0.611614,2.6535,0.00949288,0.0650444,0.456852,0.0785331,1,118,96,1814,643
3,1835,0.69098,2.36363,0.00964417,0.118744,0.466905,0.0939742,1,138,112,1835,650
3,1862,0.756175,1.98528,0.00985936,0.161988,0.480083,0.102502,1,154,124,1862,658
3,1917,0.779256,1.98528,0.0102766,0.164123,0.500543,0.102502,1,154,124,1917,669
3,1966,0.808661,1.98528,0.0106096,0.167881,0.525787,0.102502,1,154,124,1966,690
3,2014,0.843669,1.96538,0.0109172,0.177904,0.548324,0.104582,1,157,126,2014,705
3,2068,0.869818,1.96538,0.0112425,0.179467,0.572512,0.104582,1,157,126,2068,722
3,2123,0.895557,1.96538,0.0115616,0.181159,0.596166,0.104582,1,157,126,2123,736
3,2177,0.9224,1.96538,0.0118884,0.182621,0.621147,0.104582,1,157,126,2177,752
3,2220,0.96456,1.96538,0.0121591,0.194247,0.640845,0.11509,1,161,128,2220,763
3,2272,0.992992,1.96538,0.0125178,0.195727,0.667375,0.11509,1,161,128,2272,777
3,2327,1.02096,1.96538,0.0128658,0.196876,0.69378,0.11509,1,161,128,2327,791
3,2378,1.05522,1.96387,0.0131661,0.203665,0.716793,0.119182,1,165,131,2378,802
3,2436,1.08284,1.96387,0.0135279,0.204886,0.742754,0.119182,1,165,131,2436,813
3,2465,1.16231,1.74078,0.0137385,0.258184,0.759057,0.12881,1,189,152,2465,821
3,2526,1.21255,1.71467,0.0140538,0.270826,0.785736,0.139324,1,194,154,2526,837
3,2607,1.24702,1.71467,0.0144491,0.272305,0.818215,0.139324,1,194,154,2607,853
3,2685,1.29185,1.68035,0.0148387,0.282984,0.849786,0.141404,1,199,158,2685,867
3,2773,1.33559,1.68035,0.0152899,0.28501,0.890913,0.141404,1,199,158,2773,890
3,2868,1.37443,1.68035,0.0157345,0.286418,0.927772,0.141404,1,199,158,2868,905
3,2961,1.41335,1.68035,0.0161206,0.288274,0.964293,0.141404,1,199,158,2961,926
3,3048,1.45817,1.68035,0.0165779,0.289967,1.00684,0.141404,1,199,158,3048,946
3,3117,1.50811,1.66609,0.0169217,0.298812,1.04348,0.145398,1,201,159,3117,969
3,3193,1.5528,1.66609,0.0173393,0.301052,1.0854,0.145398,1,201,159,3193,990
3,3241,1.61564,1.55091,0.0175538,0.340921,1.10427,0.149203,1,216,173,3241,997
3,3316,1.66097,1.48557,0.0178332,0.354974,1.13107,0.153276,1,219,175,3316,1009
3,3404,1.69727,1.48557,0.0181808,0.356593,1.16527,0.153276,1,219,175,3404,1023
3,3492,1.72947,1.48557,0.0184973,0.360124,1.19347,0.153276,1,219,175,3492,1032
3,3582,1.76403,1.48557,0.0188079,0.363054,1.22464,0.153276,1,219,175,3582,1045
3,3679,1.79335,1.48557,0.0191482,0.363992,1.25251,0.153276,1,219,175,3679,1055
3,3761,1.83231,1.48481,0.0193957,0.371746,1.27915,0.157447,1,222,176,3761,1069
3,3843,1.86437,1.48481,0.0196787,0.372846,1.30968,0.157447,1,222,176,3843,1083
3,3926,1.90852,1.48481,0.0200082,0.381417,1.33876,0.163482,1,224,177,3926,1095
3,3996,1.93976,1.48481,0.0202738,0.38434,1.36671,0.163482,1,224,177,3996,1106
3,4044,1.99818,1.48481,0.0204909,0.392912,1.38908,0.190659,1,233,179,4044,1113
3,4130,2.02693,1.48481,0.0207692,0.394035,1.41629,0.190659,1,233,179,4130,1121
3,4210,2.05968,1.48481,0.0210637,0.395246,1.44739,0.190659,1,233,179,4210,1134
3,4263,2.11585,1.44346,0.0212551,0.414872,1.469,0.205324,1,238,182,4263,1143
3,4340,2.14846,1.44346,0.0215472,0.41629,1.49977,0.205324,1,238,182,4340,1155
3,4413,2.19371,1.43892,0.0217924,0.429677,1.52899,0.207593,1,241,184,4413,1169
3,4494,2.22371,1.43892,0.0220731,0.430585,1.55766,0.207593,1,241,184,4494,1177
3,4580,2.25522,1.43892,0.0223506,0.432276,1.58707,0.207593,1,241,184,4580,1184
3,4651,2.30061,1.43892,0.0226116,0.440211,1.6171,0.214633,1,244,186,4651,1196
3,4736,2.33774,1.43892,0.0229254,0.442009,1.65198,0.214633,1,244,186,4736,1209
3,4820,2.37027,1.43892,0.023251,0.442733,1.68332,0.214633,1,244,186,4820,1216
3,4907,2.40316,1.43892,0.023522,0.444199,1.71432,0.214633,1,244,186,4907,1227
3,4975,2.44795,1.41039,0.0238054,0.452812,1.74761,0.217126,1,247,188,4975,1240
3,5037,2.49947,1.41039,0.0240583,0.464193,1.77827,0.226243,1,250,190,5037,1253
3,5118,2.53594,1.41039,0.0243189,0.468169,1.81035,0.226243,1,250,190,5118,1266
3,5195,2.57561,1.41039,0.0246057,0.470087,1.84769,0.226243,1,250,190,5195,1282
3,5285,2.60576,1.41039,0.0248274,0.471028,1.87651,0.226243,1,250,190,5285,1293
3,5367,2.64171,1.41039,0.025128,0.472636,1.91042,0.226243,1,250,190,5367,1303
3,5452,2.67511,1.41039,0.025416,0.473331,1.9427,0.226243,1,250,190,5452,1312
3,5520,2.72338,1.41039,0.0256624,0.482697,1.97327,0.23421,1,252,191,5520,1324
3,5607,2.75604,1.41039,0.0259083,0.483693,2.00454,0.23421,1,252,191,5607,1335
3,5678,2.80346,1.38924,0.0261686,0.497437,2.03418,0.237851,1,257,195,5678,1346
3,5740,2.85729,1.37948,0.0264615,0.508314,2.07261,0.241986,1,261,198,5740,1361
3,5814,2.89371,1.37948,0.026714,0.509756,2.10721,0.241986,1,261,198,5814,1374
3,5886,2.93161,1.37948,0.0269951,0.510867,2.14359,0.241986,1,261,198,5886,1386
3,5962,2.96529,1.37948,0.027206,0.512085,2.1757,0.241986,1,261,198,5962,1400
3,6035,3.00228,1.37948,0.0274539,0.513762,2.21064,0.241986,1,261,198,6035,1413
3,6113,3.03401,1.37948,0.0276903,0.514806,2.24095,0.241986,1,261,198,6113,1423
3,6194,3.06355,1.37948,0.0279093,0.516104,2.26883,0.241986,1,261,198,6194,1431
3,6270,3.09853,1.37948,0.0281522,0.51711,2.30242,0.241986,1,261,198,6270,1443
3,6348,3.12965,1.37948,0.028382,0.517961,2.33232,0.241986,1,261,198,6348,1451
3,6423,3.16406,1.37948,0.0286007,0.51929,2.36505,0.241986,1,261,198,6423,1463
3,6500,3.19893,1.37948,0.0288698,0.52016,2.39863,0.241986,1,261,198,6500,1472
3,6567,3.24071,1.37948,0.0291777,0.521735,2.43842,0.241986,1,261,198,6567,1486
3,6640,3.27538,1.37948,0.0294214,0.52254,2.47192,0.241986,1,261,198,6640,1495
3,6717,3.30921,1.37948,0.0296724,0.523602,2.50431,0.241986,1,261,198,6717,1503
3,6792,3.347,1.37948,0.0299584,0.52721,2.53808,0.241986,1,261,198,6792,1515
3,6858,3.38768,1.37948,0.0302105,0.528622,2.57698,0.241986,1,261,198,6858,1529
3,6941,3.41547,1.37948,0.0304253,0.529422,2.6036,0.241986,1,261,198,6941,1533
3,7012,3.45662,1.37948,0.0306948,0.531178,2.64261,0.241986,1,261,198,7012,1544
3,7062,3.51881,1.37948,0.0308957,0.545303,2.67465,0.257726,1,270,203,7062,1556
3,7130,3.56035,1.37948,0.031151,0.546511,2.71458,0.257726,1,270,203,7130,1570
3,7206,3.59477,1.37948,0.0313581,0.550338,2.74482,0.257726,1,270,203,7206,1579
3,7284,3.62692,1.37948,0.031596,0.550771,2.77615,0.257726,1,270,203,7284,1584
3,7349,3.67126,1.37948,0.0318735,0.552202,2.81869,0.257726,1,270,203,7349,1597
3,7419,3.71198,1.37948,0.0321495,0.553053,2.85817,0.257726,1,270,203,7419,1607
3,7490,3.74993,1.37948,0.0324067,0.5539,2.89488,0.257726,1,270,203,7490,1616
3,7557,3.79162,1.37948,0.032645,0.559139,2.93098,0.257726,1,270,203,7557,1627
3,7627,3.83796,1.33588,0.0328582,0.571482,2.9609,0.261474,1,275,207,7627,1633
3,7711,3.87531,1.33588,0.0330892,0.572497,2.9968,0.261474,1,275,207,7711,1644
3,7796,3.91349,1.33588,0.033294,0.573714,3.03339,0.261474,1,275,207,7796,1657
3,7879,3.95545,1.33588,0.0335754,0.574524,3.07413,0.261474,1,275,207,7879,1666
3,7969,3.98858,1.33588,0.0337756,0.577436,3.10398,0.261474,1,275,207,7969,1674
3,8050,4.0326,1.33588,0.0340173,0.579082,3.14597,0.261474,1,275,207,8050,1689
3,8140,4.06377,1.33588,0.0342294,0.579631,3.17621,0.261474,1,275,207,8140,1695
3,8216,4.10806,1.33588,0.0344843,0.58121,3.21854,0.261474,1,275,207,8216,1708
3,8293,4.152,1.33588,0.0347202,0.582649,3.26066,0.261474,1,275,207,8293,1722
3,8376,4.19169,1.33588,0.0349381,0.583776,3.29885,0.261474,1,275,207,8376,1735
3,8460,4.23065,1.33588,0.0351976,0.584384,3.3368,0.261474,1,275,207,8460,1742
4,1,5.0429e-05,1.33588,2.3482e-05,0,2.4637e-05,0,1,0,0,1,2
4,333,0.103959,3.02599,0.00173419,0.0188664,0.0191567,0.0638814,1,129,116,333,120
4,367,0.197098,1.77812,0.00198095,0.100478,0.0233511,0.0709226,1,148,134,367,135
4,399,0.202983,1.77812,0.0021869,0.102317,0.0271471,0.0709226,1,148,134,399,149
4,454,0.224433,1.77812,0.00250179,0.11581,0.0315518,0.0740884,1,151,136,454,157
4,520,0.230281,1.77812,0.00280551,0.116377,0.036436,0.0740884,1,151,136,520,166
4,575,0.252336,1.77812,0.00309153,0.129243,0.0419308,0.0774155,1,156,140,575,179
4,633,0.269503,1.74045,0.00335099,0.136527,0.047113,0.0817717,1,159,142,633,190
4,691,0.287954,1.74045,0.00365086,0.144451,0.0539817,0.085046,1,161,143,691,205
4,744,0.312599,1.74045,0.00392071,0.152253,0.0603715,0.0951506,1,165,145,744,218
4,807,0.322116,1.74045,0.00423637,0.15339,0.0683496,0.0951506,1,165,145,807,233
4,869,0.349822,1.74045,0.0045578,0.168334,0.0764263,0.0994297,1,171,150,869,246
4,919,0.377781,1.74045,0.00476952,0.179512,0.0820246,0.110323,1,177,153,919,256
4,972,0.400887,1.74045,0.00509211,0.188409,0.0918817,0.114277,1,181,156,972,273
4,1013,0.456797,1.52276,0.00534309,0.230563,0.0996157,0.11999,1,195,169,1013,286
4,1086,0.466451,1.52276,0.00564721,0.231474,0.107935,0.11999,1,196,170,1086,299
4,1168,0.47685,1.52276,0.00594477,0.232842,0.116527,0.11999,1,196,170,1168,310
4,1240,0.497823,1.52276,0.0061923,0.236558,0.124644,0.128763,1,200,171,1240,321
4,1322,0.510734,1.52276,0.00651026,0.237676,0.135984,0.128763,1,200,171,1322,337
4,1404,0.523478,1.52276,0.00685441,0.238527,0.147396,0.128763,1,200,171,1404,350
4,1487,0.535251,1.52276,0.00715352,0.239885,0.15738,0.128763,1,201,172,1487,359
4,1566,0.551008,1.52276,0.00749535,0.24232,0.170239,0.128763,1,201,172,1566,374
4,1645,0.567173,1.52276,0.00784604,0.243896,0.184361,0.128763,1,201,172,1645,391
4,1725,0.581918,1.52276,0.00814323,0.2454,0.197178,0.128763,1,202,173,1725,407
4,1802,0.596469,1.52276,0.00847313,0.246688,0.209993,0.128763,1,202,173,1802,418
4,1879,0.612926,1.52276,0.00877416,0.248098,0.224618,0.128763,1,202,173,1879,436
4,1959,0.628332,1.52276,0.00908635,0.249152,0.238533,0.128763,1,202,173,1959,449
4,2038,0.643996,1.52276,0.00939085,0.25015,0.252765,0.128763,1,202,173,2038,463
4,2117,0.659304,1.52276,0.00971305,0.250862,0.266917,0.128763,1,202,173,2117,473
4,2185,0.684905,1.52276,0.010021,0.25561,0.280141,0.135962,1,206,175,2185,487
4,2266,0.696205,1.52276,0.0102574,0.256022,0.290656,0.135962,1,206,175,2266,493
4,2346,0.710366,1.52276,0.0105111,0.25717,0.303281,0.135962,1,210,179,2346,503
4,2416,0.734863,1.52276,0.0107393,0.262086,0.315627,0.142842,1,214,180,2416,514
4,2496,0.748719,1.52276,0.0109984,0.262909,0.328265,0.142842,1,214,180,2496,523
4,2573,0.764084,1.52276,0.0112906,0.263663,0.342462,0.142842,1,214,180,2573,532
4,2650,0.779468,1.52276,0.0115431,0.265076,0.356046,0.142842,1,214,180,2650,543
4,2723,0.800363,1.52276,0.0118757,0.266409,0.37516,0.142842,1,214,180,2723,561
4,2799,0.828322,1.49897,0.0121502,0.271811,0.389862,0.150293,1,218,182,2799,570
4,2884,0.851465,1.49897,0.0125074,0.273252,0.41107,0.150293,1,219,183,2884,587
4,2974,0.870118,1.49897,0.0127769,0.274373,0.428173,0.150293,1,219,183,2974,601
4,3059,0.894538,1.49897,0.0131272,0.276581,0.449904,0.150293,1,219,183,3059,617
4,3141,0.920656,1.49897,0.0135087,0.278291,0.473807,0.150293,1,220,184,3141,634
4,3208,0.959831,1.49897,0.0137489,0.285499,0.489349,0.166368,1,229,189,3208,645
4,3285,0.987807,1.48991,0.0140515,0.2909,0.509041,0.168827,1,231,190,3285,659
4,3364,1.00587,1.48991,0.0143448,0.292981,0.524496,0.168827,1,232,191,3364,668
4,3433,1.0381,1.48991,0.0145438,0.29807,0.537294,0.18285,1,237,192,3433,676
4,3490,1.08297,1.31065,0.014734,0.321934,0.550579,0.19028,1,246,200,3490,686
4,3563,1.09847,1.31065,0.0149996,0.323146,0.564449,0.19028,1,246,200,3563,693
4,3633,1.11625,1.31065,0.0152494,0.324142,0.580802,0.19028,1,246,200,3633,703
4,3709,1.14044,1.31065,0.015537,0.326399,0.602313,0.19028,1,246,200,3709,720
4,3788,1.15656,1.31065,0.015778,0.327143,0.617274,0.19028,1,246,200,3788,727
4,3875,1.16819,1.31065,0.0159804,0.327465,0.628226,0.19028,1,246,200,3875,730
4,3959,1.18496,1.31065,0.0161656,0.329168,0.642943,0.19028,1,246,200,3959,744
4,4047,1.19976,1.31065,0.0163588,0.329887,0.656675,0.19028,1,246,200,4047,752
4,4131,1.21552,1.31065,0.0165825,0.330399,0.671542,0.19028,1,246,200,4131,759
4,4214,1.23438,1.31065,0.0168154,0.331875,0.688547,0.19028,1,246,200,4214,769
4,4291,1.26163,1.31065,0.0170294,0.337403,0.704322,0.19589,1,248,201,4291,777
4,4374,1.27938,1.31065,0.0172458,0.338341,0.720766,0.19589,1,248,201,4374,787
4,4455,1.29951,1.31065,0.0174783,0.339412,0.739441,0.19589,1,248,201,4455,799
4,4536,1.31985,1.31065,0.0177481,0.340049,0.758751,0.19589,1,248,201,4536,806
4,4618,1.33815,1.31065,0.0179614,0.340899,0.775835,0.19589,1,248,201,4618,815
4,4701,1.35615,1.31065,0.01817,0.341769,0.792609,0.19589,1,248,201,4701,825
4,4781,1.37733,1.31065,0.0184303,0.342742,0.812414,0.19589,1,248,201,4781,834
4,4858,1.40283,1.31065,0.0186874,0.344083,0.836184,0.19589,1,249,202,4858,850
4,4940,1.42167,1.31065,0.0189045,0.344871,0.853869,0.19589,1,249,202,4940,860
4,5016,1.44822,1.31065,0.0191748,0.346118,0.878777,0.19589,1,249,202,5016,875
4,5097,1.46829,1.31065,0.0194103,0.34684,0.897762,0.19589,1,249,202,5097,883
4,5174,1.49207,1.31065,0.0196733,0.347814,0.920152,0.19589,1,249,202,5174,894
4,5253,1.51624,1.31065,0.0198881,0.35303,0.938751,0.19589,1,249,202,5253,903
4,5333,1.53764,1.31065,0.0200986,0.354351,0.958396,0.19589,1,249,202,5333,915
4,5416,1.55709,1.31065,0.0202807,0.355368,0.976493,0.19589,1,249,202,5416,926
4,5497,1.57633,1.31065,0.0204647,0.356369,0.994406,0.19589,1,249,202,5497,936
4,5578,1.59556,1.31065,0.0206899,0.35691,1.01272,0.19589,1,249,202,5578,942
4,5656,1.61865,1.31065,0.0211499,0.3583,1.03382,0.19589,1,249,202,5656,955
4,5733,1.64397,1.31065,0.0214044,0.359453,1.05759,0.19589,1,249,202,5733,967
4,5809,1.66998,1.31065,0.0216646,0.360537,1.08213,0.19589,1,249,202,5809,979
4,5888,1.69198,1.31065,0.0218633,0.361569,1.10276,0.19589,1,249,202,5888,991
4,5972,1.70833,1.31065,0.0220553,0.362028,1.1183,0.19589,1,249,202,5972,996
4,6052,1.73074,1.31065,0.0222532,0.362922,1.13948,0.19589,1,249,202,6052,1007
4,6137,1.74769,1.31065,0.022438,0.363417,1.15558,0.19589,1,249,202,6137,1012
4,6219,1.76744,1.31065,0.0226505,0.363883,1.1745,0.19589,1,249,202,6219,1018
4,6295,1.79204,1.31065,0.0228634,0.367174,1.19547,0.19589,1,249,202,6295,1027
4,6372,1.81477,1.31065,0.0230728,0.368123,1.21691,0.19589,1,249,202,6372,1038
4,6452,1.83439,1.31065,0.0232772,0.368557,1.23575,0.19589,1,249,202,6452,1043
4,6529,1.85733,1.31065,0.0235574,0.369407,1.25742,0.19589,1,249,202,6529,1052
4,6600,1.88416,1.31065,0.0237988,0.372501,1.2808,0.19589,1,249,202,6600,1063
4,6675,1.90787,1.31065,0.0240259,0.373833,1.30281,0.19589,1,249,202,6675,1074
4,6752,1.93215,1.31065,0.0242738,0.374774,1.32575,0.19589,1,249,202,6752,1082
4,6830,1.95404,1.31065,0.0244752,0.375569,1.34651,0.19589,1,249,202,6830,1091
4,6913,1.971,1.31065,0.0246699,0.375818,1.36287,0.19589,1,249,202,6913,1094
4,6998,1.98787,1.31065,0.0248432,0.376244,1.37899,0.19589,1,249,202,6998,1099
4,7078,2.01102,1.31065,0.0250688,0.376894,1.40112,0.19589,1,249,202,7078,1106
4,7156,2.03289,1.31065,0.0252728,0.377777,1.42176,0.19589,1,249,202,7156,1115
4,7231,2.05665,1.31065,0.0254853,0.378745,1.4442,0.19589,1,249,202,7231,1125
4,7298,2.0921,1.31065,0.0257744,0.380986,1.47701,0.19589,1,249,202,7298,1142
4,7376,2.113,1.31065,0.0259603,0.381668,1.49689,0.19589,1,249,202,7376,1150
4,7456,2.13395,1.31065,0.0261574,0.382268,1.5169,0.19589,1,249,202,7456,1156
4,7527,2.16295,1.31065,0.0263907,0.383415,1.54438,0.19589,1,249,202,7527,1169
4,7610,2.18102,1.31065,0.0265543,0.383931,1.56162,0.19589,1,249,202,7610,1175
5,1,3.4261e-05,1.31065,1.5013e-05,0,1.7708e-05,0,1,0,0,1,2
5,367,0.105401,1.31065,0.00188432,0.0192314,0.0242142,0.0597305,1,130,115,367,140
5,619,0.242198,4.49991,0.00315965,0.0423023,0.0600023,0.136171,1,158,123,619,220
5,636,0.392552,2.44439,0.00328553,0.170738,0.0629245,0.155023,1,192,151,636,225
5,694,0.432331,1.84175,0.00364854,0.196841,0.0722018,0.158985,1,202,160,694,242
5,755,0.446374,1.84175,0.00398998,0.200752,0.081901,0.158985,1,202,160,755,263
5,817,0.459064,1.84175,0.00436878,0.202037,0.0928505,0.158985,1,204,162,817,279
5,877,0.474243,1.84175,0.00472639,0.204301,0.105319,0.158985,1,205,163,877,303
5,935,0.493081,1.827,0.00503897,0.208777,0.115066,0.163201,1,209,166,935,316
5,1004,0.508531,1.827,0.00548166,0.209792,0.128983,0.163201,1,209,166,1004,330
5,1072,0.523872,1.827,0.00586777,0.21129,0.142358,0.163201,1,210,167,1072,346
5,1140,0.537291,1.827,0.0062381,0.212091,0.154515,0.163201,1,210,167,1140,357
5,1190,0.575391,1.827,0.00647445,0.21827,0.163988,0.185337,1,229,181,1190,370
5,1255,0.593628,1.827,0.0068621,0.21984,0.180175,0.185337,1,233,185,1255,392
5,1304,0.631665,1.78124,0.00716737,0.232022,0.193563,0.197431,1,239,188,1304,409
5,1358,0.660309,1.78124,0.00742336,0.236701,0.204406,0.210214,1,243,189,1358,420
5,1421,0.676244,1.78124,0.00780369,0.237439,0.219144,0.210214,1,243,189,1421,432
5,1478,0.708834,1.76755,0.00813513,0.245681,0.232926,0.220371,1,246,190,1478,443
5,1529,0.748894,1.75379,0.00841461,0.256814,0.244656,0.237218,1,254,194,1529,453
5,1599,0.768176,1.75379,0.00878455,0.258577,0.261707,0.237218,1,254,194,1599,468
5,1655,0.813494,1.53751,0.00906441,0.286338,0.274802,0.241319,1,265,204,1655,480
5,1739,0.837133,1.53751,0.00948285,0.288986,0.295245,0.241319,1,265,204,1739,501
5,1825,0.8596,1.53751,0.00984393,0.292379,0.31383,0.241319,1,265,204,1825,516
5,1891,0.896786,1.49972,0.010148,0.305294,0.330755,0.248258,1,271,209,1891,532
5,1968,0.913586,1.49972,0.0103875,0.309183,0.343286,0.248258,1,271,209,1968,543
5,2047,0.929373,1.49972,0.010665,0.309893,0.35795,0.248258,1,271,209,2047,553
5,2123,0.947714,1.49972,0.0109638,0.311219,0.374541,0.248258,1,271,209,2123,566
5,2197,0.968905,1.49972,0.011276,0.312686,0.393831,0.248258,1,271,209,2197,584
5,2272,0.988416,1.49972,0.0115766,0.314782,0.410827,0.248258,1,271,209,2272,596
5,2346,1.00941,1.49972,0.0118642,0.317521,0.428673,0.248258,1,271,209,2346,610
5,2405,1.04678,1.43869,0.0120466,0.337317,0.43925,0.254971,1,277,214,2405,617
5,2477,1.06895,1.42958,0.0122872,0.342251,0.452134,0.258943,1,279,215,2477,628
5,2550,1.08874,1.42958,0.012544,0.343695,0.470088,0.258943,1,279,215,2550,644
5,2625,1.10715,1.42958,0.0127696,0.345141,0.486688,0.258943,1,279,215,2625,660
5,2698,1.12938,1.42958,0.0130567,0.347987,0.50567,0.258943,1,279,215,2698,673
5,2770,1.15343,1.42958,0.0133566,0.349446,0.527846,0.258943,1,279,215,2770,691
5,2844,1.17322,1.42958,0.013613,0.350581,0.546111,0.258943,1,279,215,2844,704
5,2904,1.20973,1.42958,0.0138359,0.359545,0.562937,0.269344,1,285,218,2904,717
5,2977,1.23116,1.42958,0.0140772,0.360894,0.582649,0.269344,1,285,218,2977,734
5,3041,1.26245,1.42958,0.0143074,0.366309,0.600167,0.27736,1,290,220,3041,747
5,3113,1.28632,1.42958,0.0146335,0.367404,0.622511,0.27736,1,290,220,3113,759
5,3180,1.32221,1.42958,0.0147932,0.376631,0.633093,0.293154,1,305,230,3180,764
5,3245,1.35329,1.42958,0.0150489,0.381066,0.652385,0.300148,1,316,239,3245,775
5,3294,1.40123,1.42958,0.0152941,0.392636,0.667897,0.320672,1,329,246,3294,784
5,3367,1.42026,1.42958,0.0155312,0.393633,0.685569,0.320672,1,329,246,3367,793
5,3440,1.44309,1.42958,0.0158068,0.3945,0.707135,0.320672,1,329,246,3440,805
5,3514,1.46216,1.42958,0.0160563,0.395299,0.725036,0.320672,1,329,246,3514,813
5,3576,1.49622,1.42958,0.0162626,0.407844,0.740069,0.326842,1,334,250,3576,819
5,3646,1.52042,1.42958,0.0165325,0.409002,0.76272,0.326842,1,334,250,3646,832
5,3718,1.54435,1.42958,0.0168185,0.409842,0.785401,0.326842,1,334,250,3718,844
5,3789,1.56912,1.42958,0.0170741,0.411292,0.808356,0.326842,1,334,250,3789,858
5,3863,1.58995,1.42958,0.0173162,0.412145,0.827955,0.326842,1,334,250,3863,868
5,3936,1.61162,1.42958,0.0175395,0.413068,0.848341,0.326842,1,334,250,3936,880
5,3999,1.64607,1.42958,0.0177551,0.418167,0.866099,0.338112,1,338,251,3999,888
5,4070,1.66986,1.42958,0.0179987,0.419176,0.888507,0.338112,1,338,251,4070,901
5,4141,1.69295,1.42958,0.0182309,0.42057,0.909854,0.338112,1,338,251,4141,912
5,4208,1.72025,1.42958,0.0185069,0.421837,0.935502,0.338112,1,338,251,4208,926
5,4279,1.74393,1.42958,0.0187413,0.423418,0.957235,0.338112,1,338,251,4279,937
5,4347,1.77168,1.42958,0.0189542,0.426664,0.975536,0.343975,1,342,252,4347,946
5,4419,1.79355,1.42958,0.0192052,0.427259,0.99644,0.343975,1,342,252,4419,953
5,4489,1.81831,1.42958,0.0194346,0.428205,1.0199,0.343975,1,342,252,4489,965
5,4559,1.84275,1.42958,0.0196536,0.429292,1.04291,0.343975,1,342,252,4559,978
5,4635,1.88037,1.4266,0.0199293,0.435082,1.06929,0.349029,1,345,253,4635,989
5,4718,1.91278,1.4266,0.020243,0.436203,1.10013,0.349029,1,345,253,4718,1004
5,4804,1.94591,1.3944,0.0205125,0.441588,1.12385,0.35264,1,352,259,4804,1011
5,4906,1.98186,1.3944,0.0208493,0.444595,1.15629,0.35264,1,352,259,4906,1024
5,5008,2.01601,1.3944,0.0211565,0.448465,1.18607,0.35264,1,352,259,5008,1038
5,5109,2.05352,1.3944,0.0215191,0.449547,1.22196,0.35264,1,352,259,5109,1052
5,5217,2.08403,1.3944,0.0218274,0.450416,1.25111,0.35264,1,352,259,5217,1063
5,5307,2.13181,1.35878,0.0221527,0.459696,1.28716,0.354617,1,356,262,5307,1081
5,5425,2.16774,1.35878,0.0224926,0.460688,1.32156,0.354617,1,356,262,5425,1093
5,5534,2.20675,1.35878,0.0228041,0.467126,1.35363,0.354617,1,356,262,5534,1105
5,5631,2.25598,1.35878,0.0231205,0.473597,1.39117,0.35935,1,363,267,5631,1125
5,5724,2.30378,1.35878,0.0234585,0.480225,1.42515,0.366046,1,366,269,5724,1136
5,5799,2.36461,1.34864,0.0236895,0.499995,1.45275,0.379143,1,381,279,5799,1149
5,5912,2.40803,1.34864,0.0240374,0.501536,1.49409,0.379143,1,381,279,5912,1167
5,6035,2.4455,1.34864,0.0243824,0.502585,1.52995,0.379143,1,381,279,6035,1178
5,6155,2.48398,1.34864,0.02471,0.503795,1.56669,0.379143,1,381,279,6155,1190
5,6274,2.52429,1.34864,0.0250737,0.504708,1.60554,0.379143,1,381,279,6274,1201
5,6402,2.56052,1.34864,0.0253825,0.505656,1.64029,0.379143,1,381,279,6402,1213
5,6528,2.59788,1.34864,0.0256596,0.506949,1.67587,0.379143,1,381,279,6528,1228
5,6648,2.63739,1.34864,0.0259611,0.508572,1.71324,0.379143,1,381,279,6648,1243
5,6771,2.67763,1.34864,0.026291,0.509668,1.75184,0.379143,1,381,279,6771,1256
5,6851,2.73641,1.34864,0.0265593,0.519885,1.78386,0.395288,1,387,280,6851,1267
5,6959,2.78189,1.34864,0.0268491,0.525796,1.81567,0.402578,1,393,284,6959,1275
5,7071,2.82592,1.34864,0.0271829,0.530217,1.85476,0.402578,1,393,284,7071,1285
5,7178,2.87274,1.34864,0.027532,0.531746,1.89951,0.402578,1,393,284,7178,1303
5,7291,2.91667,1.34864,0.0278296,0.533298,1.94141,0.402578,1,393,284,7291,1322
5,7400,2.96249,1.34864,0.0281911,0.534417,1.98556,0.402578,1,393,284,7400,1334
5,7483,3.00949,1.31311,0.0284309,0.540984,2.01627,0.411907,1,397,285,7483,1344
5,7566,3.0471,1.31311,0.0287184,0.542168,2.05228,0.411907,1,397,285,7566,1356
5,7652,3.07952,1.31311,0.0289614,0.543163,2.0833,0.411907,1,397,285,7652,1366
5,7738,3.1147,1.31311,0.0292189,0.545766,2.11546,0.411907,1,397,285,7738,1375
5,7826,3.14737,1.31311,0.0294749,0.546673,2.14683,0.411907,1,397,285,7826,1384
5,7911,3.1827,1.31311,0.0297567,0.547505,2.1809,0.411907,1,397,285,7911,1393
5,8005,3.21072,1.31311,0.0299564,0.548188,2.20784,0.411907,1,397,285,8005,1401
5,8090,3.24468,1.31311,0.0302298,0.54887,2.2407,0.411907,1,397,285,8090,1408
5,8174,3.28189,1.31311,0.03048,0.550294,2.27609,0.411907,1,397,285,8174,1421
6,1,0.000104707,1.31311,2.6176e-05,4.8889e-05,2.8102e-05,0,1,0,0,1,3
6,180,0.0964202,1.90996,0.000931195,0.0351114,0.00647295,0.0537334,1,122,110,180,70
6,258,0.12871,1.71782,0.00134232,0.0534501,0.0104872,0.0631516,1,135,121,258,89
6,344,0.147275,1.68771,0.00173189,0.0610217,0.014488,0.069638,1,139,124,344,101
6,439,0.180772,1.68771,0.00223849,0.0755855,0.0211442,0.0812662,1,148,129,439,127
6,556,0.198727,1.68771,0.0027089,0.0829993,0.028777,0.0835259,1,154,134,556,150
6,682,0.210904,1.68771,0.00324821,0.0845348,0.0387022,0.0835259,1,157,137,682,173
6,786,0.239284,1.68147,0.00379061,0.0930373,0.0505883,0.0908442,1,160,138,786,202
6,904,0.256702,1.68147,0.00437188,0.0949639,0.0653315,0.0908442,1,161,139,904,232
6,1019,0.2757,1.68147,0.00490889,0.0974419,0.0811457,0.0908442,1,161,139,1019,266
6,1135,0.293853,1.68147,0.00543897,0.0989216,0.0971296,0.0908442,1,162,140,1135,289
6,1213,0.338976,1.54569,0.00580544,0.11937,0.108722,0.103452,1,168,144,1213,306
6,1324,0.360526,1.54569,0.00617307,0.124232,0.120861,0.107449,1,172,146,1324,323
6,1440,0.377512,1.54569,0.00658419,0.125904,0.135422,0.107449,1,172,146,1440,341
6,1559,0.393456,1.54569,0.0069907,0.127021,0.149654,0.107449,1,172,146,1559,356
6,1659,0.423732,1.50233,0.00734717,0.13586,0.163834,0.114115,1,176,149,1659,374
6,1760,0.458339,1.50233,0.00776369,0.144172,0.180848,0.122829,1,182,153,1760,394
6,1873,0.476178,1.50233,0.00813824,0.145419,0.196867,0.122829,1,182,153,1873,412
6,1991,0.493665,1.50233,0.00849009,0.147155,0.212064,0.122829,1,182,153,1991,428
6,2102,0.516186,1.50233,0.00892162,0.148824,0.232307,0.122829,1,183,154,2102,451
6,2214,0.536883,1.50233,0.00931273,0.150217,0.251033,0.122829,1,183,154,2214,470
6,2323,0.561047,1.50233,0.00975658,0.151672,0.27313,0.122829,1,183,154,2323,491
6,2429,0.586454,1.50233,0.0101565,0.154487,0.295143,0.122829,1,183,154,2429,513
6,2533,0.625158,1.50233,0.0105384,0.159721,0.316697,0.134191,1,188,155,2533,535
6,2637,0.650663,1.50233,0.0109284,0.161816,0.339546,0.134191,1,188,155,2637,557
6,2726,0.704678,1.50233,0.011286,0.175046,0.360301,0.153723,1,197,158,2726,575
6,2832,0.730257,1.50233,0.0116906,0.176258,0.384099,0.153723,1,197,158,2832,593
6,2938,0.754978,1.50233,0.0120763,0.177845,0.406676,0.153723,1,201,162,2938,608
6,3030,0.790312,1.50233,0.0124593,0.184736,0.43007,0.158248,1,204,164,3030,624
6,3137,0.814654,1.50233,0.0128023,0.18606,0.452559,0.158248,1,204,164,3137,641
6,3222,0.855895,1.50233,0.0131307,0.197749,0.471653,0.168248,1,213,170,3222,650
6,3303,0.910308,1.50233,0.0134606,0.214537,0.49283,0.184243,1,225,177,3303,664
6,3402,0.939423,1.50233,0.0139371,0.215863,0.519982,0.184243,1,225,177,3402,681
6,3490,0.976453,1.50233,0.0143156,0.219369,0.547162,0.190075,1,228,178,3490,699
6,3565,1.0228,1.48815,0.0146147,0.225232,0.567643,0.209645,1,236,180,3565,712
6,3642,1.05092,1.4838,0.0148726,0.229838,0.5853,0.215123,1,240,182,3642,722
6,3715,1.07214,1.4838,0.0151293,0.230913,0.605065,0.215123,1,240,182,3715,737
6,3788,1.09189,1.4838,0.0153976,0.231716,0.623631,0.215123,1,240,182,3788,747
6,3846,1.13098,1.48359,0.0156082,0.245621,0.640321,0.223303,1,247,186,3846,759
6,3928,1.15814,1.48359,0.0159216,0.246957,0.665704,0.223303,1,247,186,3928,776
6,3993,1.20006,1.48359,0.0161683,0.260229,0.686186,0.231117,1,253,190,3993,789
6,4080,1.22307,1.48359,0.0164478,0.261181,0.707818,0.231117,1,253,190,4080,801
6,4159,1.25147,1.48359,0.0167804,0.262472,0.734469,0.231117,1,253,190,4159,817
6,4245,1.27551,1.48359,0.0170814,0.263178,0.757365,0.231117,1,253,190,4245,827
6,4327,1.3009,1.48359,0.0173732,0.264254,0.781246,0.231117,1,253,190,4327,840
6,4399,1.33782,1.42827,0.0176585,0.276486,0.804219,0.232436,1,259,195,4399,852
6,4480,1.36296,1.42827,0.0179179,0.277596,0.827855,0.232436,1,259,195,4480,867
6,4560,1.39009,1.42827,0.0182293,0.278769,0.853374,0.232436,1,259,195,4560,878
6,4641,1.41718,1.42827,0.0185165,0.27983,0.878984,0.232436,1,259,195,4641,891
6,4721,1.44223,1.42827,0.0187864,0.280762,0.90269,0.232436,1,259,195,4721,903
6,4790,1.48061,1.42827,0.0190189,0.292983,0.923166,0.237775,1,263,198,4790,914
6,4870,1.50775,1.42827,0.0192845,0.294348,0.948529,0.237775,1,263,198,4870,928
6,4943,1.53975,1.42513,0.0195209,0.29927,0.971034,0.241987,1,268,202,4943,939
6,5029,1.56148,1.42513,0.0197838,0.299649,0.991975,0.241987,1,268,202,5029,944
6,5110,1.5895,1.42513,0.0200582,0.300816,1.01841,0.241987,1,268,202,5110,959
6,5193,1.61607,1.42513,0.020315,0.303697,1.0417,0.241987,1,271,205,5193,969
6,5274,1.6428,1.42513,0.0205864,0.305781,1.06594,0.241987,1,273,207,5274,978
6,5351,1.67433,1.42513,0.0208974,0.307197,1.09563,0.241987,1,273,207,5351,992
6,5436,1.6993,1.42513,0.0211276,0.308184,1.11922,0.241987,1,273,207,5436,1004
6,5515,1.72843,1.42513,0.0213806,0.309609,1.14653,0.241987,1,273,207,5515,1019
6,5596,1.7559,1.42513,0.0216081,0.312945,1.1703,0.241987,1,273,207,5596,1031
6,5678,1.78102,1.42513,0.0218587,0.313809,1.19416,0.241987,1,273,207,5678,1041
6,5764,1.80437,1.42513,0.0220935,0.314499,1.21644,0.241987,1,273,207,5764,1049
6,5820,1.85442,1.42513,0.0223148,0.324093,1.23934,0.259232,1,280,211,5820,1060
6,5902,1.87837,1.42513,0.0225612,0.324678,1.26232,0.259232,1,280,211,5902,1067
6,5985,1.90579,1.42513,0.022826,0.325569,1.28844,0.259232,1,280,211,5985,1078
6,6062,1.93736,1.42513,0.0231121,0.326767,1.3184,0.259232,1,280,211,6062,1091
6,6141,1.96793,1.42513,0.0233808,0.328033,1.3473,0.259232,1,280,211,6141,1104
6,6215,2.00391,1.42513,0.0236756,0.331094,1.3798,0.259232,1,281,212,6215,1119
6,6293,2.03278,1.42513,0.0239289,0.332553,1.40682,0.259232,1,281,212,6293,1131
6,6375,2.05919,1.42513,0.0241395,0.334309,1.43112,0.259232,1,282,213,6375,1142
6,6453,2.09088,1.42513,0.0244036,0.335475,1.46125,0.259232,1,283,214,6453,1155
6,6530,2.12249,1.42513,0.0246653,0.336886,1.49104,0.259232,1,283,214,6530,1168
6,6594,2.16209,1.41358,0.0249352,0.342489,1.5206,0.263303,1,286,216,6594,1179
6,6663,2.18681,1.41358,0.0251484,0.344191,1.54328,0.263303,1,287,217,6663,1186
6,6733,2.21228,1.41358,0.0253563,0.345024,1.56759,0.263303,1,287,217,6733,1196
6,6799,2.23989,1.41358,0.0255919,0.345937,1.59394,0.263303,1,287,217,6799,1206
6,6873,2.26026,1.41358,0.0257844,0.34678,1.61313,0.263303,1,287,217,6873,1215
6,6941,2.28659,1.41358,0.0259926,0.349402,1.63651,0.263303,1,287,217,6941,1224
6,7001,2.32301,1.41358,0.0262613,0.350819,1.67116,0.263303,1,287,217,7001,1240
6,7067,2.35221,1.41358,0.0264904,0.351817,1.69902,0.263303,1,287,217,7067,1251
6,7131,2.38345,1.41358,0.0267056,0.353019,1.72873,0.263303,1,287,217,7131,1266
6,7197,2.41326,1.41358,0.0269454,0.353994,1.75722,0.263303,1,287,217,7197,1277
6,7247,2.4648,1.40846,0.0271452,0.366306,1.78506,0.274397,1,297,223,7247,1291
6,7324,2.49532,1.40846,0.0273623,0.367425,1.8141,0.274397,1,297,223,7324,1304
6,7398,2.52816,1.40846,0.0276037,0.369088,1.84492,0.274397,1,297,223,7398,1316
6,7479,2.5544,1.40846,0.0278208,0.369735,1.87014,0.274397,1,297,223,7479,1324
6,7556,2.58552,1.40846,0.0280514,0.370709,1.89992,0.274397,1,297,223,7556,1335
6,7627,2.621,1.40846,0.0283035,0.372315,1.93341,0.274397,1,297,223,7627,1350
6,7702,2.65376,1.40846,0.0285268,0.373462,1.96467,0.274397,1,297,223,7702,1362
6,7779,2.68512,1.40846,0.028787,0.37401,1.99509,0.274397,1,297,223,7779,1369
6,7853,2.71716,1.40846,0.029023,0.374919,2.02585,0.274397,1,297,223,7853,1380
6,7917,2.76139,1.39342,0.0292582,0.379644,2.05671,0.282696,1,302,224,7917,1390
6,7992,2.80602,1.39342,0.0295011,0.385396,2.08814,0.289766,1,304,225,7992,1400
6,8071,2.84867,1.39342,0.0298048,0.386561,2.12919,0.289766,1,304,225,8071,1413
6,8156,2.88564,1.39342,0.0300296,0.387853,2.16449,0.289766,1,304,225,8156,1429
6,8241,2.92455,1.39342,0.0303364,0.388627,2.20214,0.289766,1,304,225,8241,1438
6,8328,2.9625,1.39342,0.030612,0.389408,2.23889,0.289766,1,304,225,8328,1448
6,8404,3.00798,1.39139,0.0308476,0.398833,2.26867,0.295667,1,308,227,8404,1455
7,1,4.5809e-05,1.39139,2.2712e-05,0,2.1557e-05,0,1,0,0,1,2
7,703,0.110835,1.39139,0.00351076,0.0156271,0.0604154,0.0306787,1,112,103,703,211
7,1109,0.211288,1.39139,0.00566225,0.0217697,0.152183,0.0306787,1,113,104,1109,356
7,1337,0.309134,2.44083,0.00687023,0.0296151,0.222024,0.0494223,1,123,106,1337,437
7,1391,0.370116,2.25283,0.00725865,0.0535005,0.240238,0.0678584,1,133,110,1391,454
7,1430,0.442254,1.73568,0.00754929,0.105076,0.254492,0.0738317,1,151,127,1430,469
7,1501,0.460099,1.73568,0.00790961,0.106404,0.270545,0.0738317,1,151,127,1501,484
7,1573,0.47612,1.73568,0.00823758,0.107277,0.285259,0.0738317,1,151,127,1573,493
7,1640,0.499383,1.73568,0.00860752,0.110245,0.305093,0.0738317,1,151,127,1640,512
7,1692,0.538166,1.73568,0.00886967,0.126962,0.31922,0.0814283,1,154,129,1692,524
7,1765,0.554584,1.73568,0.00914684,0.128184,0.334023,0.0814283,1,154,129,1765,537
7,1837,0.570916,1.73568,0.00942747,0.129056,0.349092,0.0814283,1,154,129,1837,549
7,1899,0.597195,1.73568,0.00979509,0.134264,0.369708,0.0814283,1,154,129,1899,567
7,1966,0.620413,1.73568,0.0101673,0.135808,0.390913,0.0814283,1,154,129,1966,583
7,2023,0.654869,1.73568,0.0104341,0.145891,0.406793,0.0895654,1,167,140,2023,595
7,2089,0.679183,1.73568,0.0108048,0.147548,0.428988,0.0895654,1,167,140,2089,612
7,2147,0.713301,1.73568,0.0110481,0.153105,0.444908,0.10187,1,170,141,2147,625
7,2213,0.734113,1.73568,0.0113903,0.153979,0.464411,0.10187,1,170,141,2213,634
7,2281,0.755763,1.73568,0.0117083,0.155201,0.484418,0.10187,1,170,141,2281,647
7,2346,0.779834,1.73568,0.0120386,0.157154,0.506111,0.10187,1,170,141,2346,663
7,2412,0.803719,1.73568,0.0123797,0.158308,0.528411,0.10187,1,170,141,2412,675
7,2474,0.836516,1.68932,0.0126738,0.164081,0.547895,0.10902,1,173,142,2474,687
7,2547,0.854895,1.68932,0.012979,0.164713,0.56522,0.10902,1,173,142,2547,693
7,2611,0.890938,1.68285,0.0133186,0.170716,0.586334,0.117513,1,178,144,2611,703
7,2688,0.920164,1.68285,0.0136735,0.175583,0.610209,0.117513,1,178,144,2688,716
7,2766,0.950268,1.68285,0.0140392,0.177505,0.637907,0.117513,1,178,144,2766,735
7,2843,0.981064,1.68285,0.0144034,0.181633,0.664103,0.117513,1,178,144,2843,749
7,2899,1.02824,1.68285,0.0146936,0.188456,0.685552,0.136039,1,184,145,2899,762
7,2977,1.05783,1.68285,0.015067,0.189859,0.713254,0.136039,1,184,145,2977,777
7,3050,1.09077,1.68285,0.0154851,0.191542,0.743996,0.136039,1,184,145,3050,792
7,3100,1.15172,1.68041,0.015731,0.201557,0.764841,0.165812,1,200,150,3100,806
7,3165,1.18349,1.65635,0.0159982,0.207381,0.787902,0.16833,1,202,151,3165,821
7,3230,1.21253,1.65635,0.0163189,0.209357,0.814539,0.16833,1,202,151,3230,838
7,3288,1.25209,1.65635,0.0165718,0.221207,0.837486,0.172744,1,206,154,3288,853
7,3354,1.28172,1.65635,0.0169375,0.222419,0.865444,0.172744,1,206,154,3354,868
7,3423,1.30992,1.65635,0.0172073,0.224181,0.8915,0.172744,1,206,154,3423,886
7,3490,1.347,1.58371,0.017486,0.233753,0.916246,0.175121,1,209,156,3490,898
7,3557,1.37916,1.58371,0.0177871,0.240136,0.941611,0.175121,1,209,156,3557,910
7,3627,1.41067,1.58371,0.0181062,0.241359,0.971477,0.175121,1,209,156,3627,925
7,3700,1.43855,1.58371,0.0184349,0.242121,0.998158,0.175121,1,209,156,3700,935
7,3754,1.4827,1.5461,0.0186921,0.251435,1.02317,0.184614,1,216,160,3754,948
7,3811,1.54001,1.5461,0.0189438,0.262055,1.0477,0.206423,1,222,162,3811,961
7,3877,1.56784,1.5461,0.0192626,0.26283,1.07435,0.206423,1,222,162,3877,969
7,3948,1.59278,1.5461,0.0195324,0.263721,1.09801,0.206423,1,222,162,3948,979
7,4013,1.62787,1.54426,0.0197807,0.271595,1.12114,0.210155,1,224,163,4013,989
7,4093,1.65593,1.54426,0.0200641,0.272968,1.14741,0.210155,1,224,163,4093,1000
7,4166,1.6883,1.54426,0.0203728,0.274336,1.17798,0.210155,1,224,163,4166,1015
7,4220,1.73515,1.46627,0.0205722,0.289471,1.19775,0.221821,1,233,169,4220,1024
7,4279,1.75896,1.46627,0.0208155,0.29284,1.21784,0.221821,1,233,169,4279,1033
7,4336,1.78698,1.46627,0.0210749,0.294325,1.24403,0.221821,1,233,169,4336,1045
7,4402,1.80355,1.46627,0.0212516,0.294768,1.25986,0.221821,1,233,169,4402,1050
7,4464,1.82261,1.46627,0.0214418,0.295436,1.27796,0.221821,1,233,169,4464,1057
7,4524,1.84369,1.46627,0.0216628,0.295988,1.29816,0.221821,1,233,169,4524,1063
7,4579,1.87117,1.46627,0.0219384,0.296893,1.32438,0.221821,1,233,169,4579,1072
7,4640,1.89558,1.46627,0.0221374,0.299163,1.34622,0.221821,1,233,169,4640,1084
7,4701,1.91884,1.46627,0.0223734,0.29967,1.36865,0.221821,1,233,169,4701,1090
7,4760,1.94398,1.46627,0.0226221,0.300326,1.3928,0.221821,1,233,169,4760,1098
7,4823,1.96534,1.46627,0.0228288,0.300893,1.41328,0.221821,1,233,169,4823,1104
7,4878,1.99557,1.46627,0.0230486,0.305076,1.43901,0.221821,1,233,169,4878,1118
7,4938,2.02067,1.46627,0.0232869,0.306026,1.46282,0.221821,1,233,169,4938,1126
7,4998,2.04507,1.46627,0.0234986,0.3068,1.48614,0.221821,1,233,169,4998,1136
7,5056,2.07188,1.46627,0.0237111,0.308179,1.51127,0.221821,1,233,169,5056,1148
7,5111,2.10314,1.46627,0.0239571,0.309469,1.5409,0.221821,1,233,169,5111,1163
7,5172,2.12733,1.46627,0.0242396,0.310158,1.56401,0.221821,1,233,169,5172,1170
7,5231,2.15268,1.46627,0.0244433,0.313421,1.5858,0.221821,1,233,169,5231,1178
7,5292,2.17637,1.46627,0.0246638,0.313964,1.60863,0.221821,1,233,169,5292,1184
7,5352,2.20176,1.46627,0.0249006,0.314886,1.63276,0.221821,1,233,169,5352,1194
7,5410,2.22919,1.46627,0.0251165,0.315884,1.65888,0.221821,1,233,169,5410,1206
7,5470,2.25346,1.46627,0.0253163,0.316709,1.68202,0.221821,1,233,169,5470,1217
7,5531,2.27764,1.46627,0.0255196,0.317419,1.70519,0.221821,1,233,169,5531,1225
7,5590,2.30494,1.46627,0.0257459,0.318182,1.7314,0.221821,1,233,169,5590,1234
7,5649,2.3294,1.46627,0.0259727,0.318853,1.75487,0.221821,1,233,169,5649,1241
7,5710,2.35261,1.46627,0.0261856,0.319339,1.77728,0.221821,1,233,169,5710,1246
7,5769,2.37703,1.46627,0.0263865,0.320317,1.80042,0.221821,1,233,169,5769,1255
7,5831,2.4012,1.46627,0.0265871,0.320963,1.82363,0.221821,1,233,169,5831,1263
7,5881,2.44117,1.46627,0.0267518,0.324618,1.84286,0.238659,1,237,170,5881,1269
7,5940,2.46585,1.46627,0.0269705,0.32625,1.86559,0.238659,1,237,170,5940,1276
7,5999,2.49296,1.46627,0.0271622,0.328555,1.8901,0.238659,1,237,170,5999,1286
7,6057,2.52039,1.46627,0.0273777,0.329269,1.9165,0.238659,1,237,170,6057,1295
7,6118,2.54332,1.46627,0.0275798,0.329692,1.93871,0.238659,1,237,170,6118,1299
7,6177,2.56926,1.46627,0.0277846,0.330553,1.96349,0.238659,1,237,170,6177,1308
7,6230,2.60234,1.46627,0.0280299,0.331868,1.99491,0.238659,1,237,170,6230,1322
7,6275,2.65415,1.43753,0.02824,0.345716,2.01878,0.252463,1,243,172,6275,1329
7,6351,2.68611,1.43753,0.0285037,0.34673,2.04932,0.252463,1,243,172,6351,1338
7,6422,2.71894,1.43753,0.0287659,0.347806,2.08071,0.252463,1,243,172,6422,1347
7,6499,2.75011,1.43753,0.0290192,0.34848,2.11082,0.252463,1,243,172,6499,1355
7,6571,2.78401,1.43753,0.0293087,0.34916,2.14363,0.252463,1,243,172,6571,1362
7,6632,2.83047,1.43753,0.0295358,0.353674,2.17665,0.261067,1,248,173,6632,1376
7,6702,2.86649,1.43753,0.0297833,0.358262,2.2077,0.261067,1,248,173,6702,1386
7,6771,2.90377,1.43753,0.0300828,0.35906,2.24379,0.261067,1,248,173,6771,1395
7,6844,2.93833,1.43753,0.0303369,0.360459,2.27658,0.261067,1,253,178,6844,1405
7,6915,2.97203,1.43753,0.0305698,0.361691,2.30868,0.261067,1,253,178,6915,1417
7,6988,3.00724,1.43753,0.0308284,0.362428,2.34278,0.261067,1,253,178,6988,1426
7,7044,3.05385,1.43753,0.0310621,0.370086,2.37544,0.267027,1,257,181,7044,1438
7,7117,3.08919,1.43753,0.0313116,0.37152,2.40893,0.267027,1,257,181,7117,1449
7,7170,3.14142,1.43753,0.0314948,0.383169,2.43419,0.282071,1,263,183,7170,1457
7,7239,3.1795,1.43753,0.0318132,0.384115,2.4709,0.282071,1,263,183,7239,1467
7,7310,3.2149,1.43753,0.032058,0.385361,2.50469,0.282071,1,263,183,7310,1477
7,7387,3.24341,1.43753,0.0322782,0.38606,2.53213,0.282071,1,263,183,7387,1484
8,1,4.119e-05,1.42192,1.9248e-05,0,2.0402e-05,0,1,0,0,1,2
8,754,0.0997342,1.42192,0.00384761,0.0114946,0.0836941,0,1,129,129,754,266
8,864,0.210996,1.42192,0.00442504,0.0274439,0.110175,0.0681498,1,151,134,864,313
8,930,0.24936,2.54961,0.00486119,0.0358382,0.126501,0.0812912,1,157,137,930,335
8,966,0.276377,2.4164,0.00512142,0.0457456,0.135018,0.0895869,1,160,139,966,342
8,1001,0.298169,2.1894,0.00537125,0.0505775,0.143666,0.0976108,1,163,141,1001,351
8,1044,0.338554,2.09112,0.00568844,0.0737331,0.15529,0.102853,1,169,145,1044,363
8,1098,0.356888,2.09112,0.00605492,0.0758145,0.171097,0.102853,1,170,146,1098,383
8,1154,0.374342,2.09112,0.00640907,0.0778725,0.186073,0.102853,1,170,146,1154,401
8,1197,0.410462,2.04885,0.00670048,0.100607,0.197713,0.104255,1,174,150,1197,413
8,1255,0.428763,2.04885,0.00708004,0.101918,0.214251,0.104255,1,174,150,1255,430
8,1304,0.457721,2.04273,0.00742111,0.110434,0.229687,0.108867,1,178,153,1304,445
8,1355,0.475752,2.04273,0.00780183,0.111782,0.245929,0.108867,1,178,153,1355,458
8,1405,0.495781,2.04273,0.00812673,0.113693,0.263655,0.108867,1,178,153,1405,479
8,1455,0.515105,2.04273,0.00848473,0.115013,0.281244,0.108867,1,178,153,1455,494
8,1506,0.534122,2.04273,0.00880463,0.116284,0.298601,0.108867,1,178,153,1506,511
8,1556,0.553898,2.04273,0.00913607,0.118603,0.315668,0.108867,1,178,153,1556,526
8,1597,0.58729,1.8429,0.00943595,0.128234,0.330381,0.117542,1,182,155,1597,538
8,1641,0.653655,1.8429,0.00973159,0.151264,0.347246,0.143664,1,208,175,1641,554
8,1701,0.673864,1.8429,0.0100719,0.153373,0.364928,0.143664,1,208,175,1701,565
8,1760,0.696372,1.8429,0.0104372,0.15469,0.385676,0.143664,1,209,176,1760,580
8,1803,0.742294,1.58808,0.0106293,0.17265,0.396193,0.160848,1,223,186,1803,587
8,1870,0.759589,1.58808,0.0108953,0.173777,0.411989,0.160848,1,223,186,1870,600
8,1934,0.78047,1.58808,0.0112136,0.175196,0.431033,0.160848,1,223,186,1934,614
8,1995,0.804698,1.58808,0.0115116,0.179251,0.450812,0.160848,1,223,186,1995,629
8,2062,0.822122,1.58808,0.011748,0.180425,0.466716,0.160848,1,223,186,2062,642
8,2120,0.84958,1.58808,0.0119789,0.185325,0.481345,0.168449,1,226,187,2120,653
8,2183,0.872422,1.58808,0.012273,0.186703,0.502415,0.168449,1,226,187,2183,670
8,2238,0.910259,1.58808,0.0126068,0.193801,0.518166,0.183021,1,235,193,2238,678
8,2303,0.930591,1.58808,0.0129517,0.194519,0.537303,0.183021,1,235,193,2303,688
8,2369,0.949416,1.58808,0.0132169,0.19581,0.554467,0.183021,1,235,193,2369,697
8,2435,0.967042,1.58808,0.0134722,0.196527,0.571008,0.183021,1,235,193,2435,706
8,2498,0.98534,1.58808,0.0137143,0.197639,0.587844,0.183021,1,235,193,2498,716
8,2546,1.02293,1.58808,0.013926,0.207686,0.60249,0.195605,1,242,198,2546,724
8,2615,1.0599,1.46462,0.0141874,0.219175,0.620056,0.203156,1,247,200,2615,733
8,2691,1.0898,1.46462,0.0145165,0.221185,0.647486,0.203156,1,247,200,2691,755
8,2772,1.11763,1.46462,0.0148684,0.222725,0.67329,0.203156,1,247,200,2772,771
8,2857,1.14143,1.46462,0.0151779,0.225058,0.694311,0.203156,1,247,200,2857,778
8,2937,1.16979,1.46462,0.0155401,0.227004,0.720228,0.203156,1,247,200,2937,796
8,3018,1.19731,1.46462,0.0158469,0.228498,0.745817,0.203156,1,247,200,3018,813
8,3076,1.24775,1.46462,0.0160556,0.248587,0.765128,0.213881,1,257,207,3076,828
8,3155,1.27364,1.46462,0.016335,0.250077,0.789111,0.213881,1,257,207,3155,844
8,3244,1.29404,1.46462,0.0165837,0.251001,0.808184,0.213881,1,257,207,3244,852
8,3324,1.32158,1.46462,0.0169125,0.25222,0.834043,0.213881,1,257,207,3324,865
8,3391,1.36068,1.46462,0.0171481,0.264395,0.853411,0.221094,1,270,219,3391,874
8,3471,1.38933,1.46462,0.0174337,0.266154,0.879878,0.221094,1,270,219,3471,891
8,3552,1.41623,1.46462,0.0177547,0.267179,0.905298,0.221094,1,270,219,3552,904
8,3631,1.44583,1.46462,0.0180246,0.268635,0.933029,0.221094,1,270,219,3631,922
8,3718,1.46733,1.46462,0.0182652,0.269344,0.953431,0.221094,1,270,219,3718,930
8,3782,1.51128,1.46462,0.0185739,0.275352,0.982615,0.229444,1,273,220,3782,946
8,3863,1.53948,1.46462,0.0188992,0.276534,1.00917,0.229444,1,273,220,3863,959
8,3945,1.57756,1.46462,0.0192056,0.281871,1.03507,0.235841,1,276,221,3945,967
8,4025,1.60578,1.46462,0.0195047,0.282726,1.06201,0.235841,1,276,221,4025,978
8,4100,1.65013,1.4386,0.0198077,0.294337,1.09046,0.239699,1,280,224,4100,991
8,4175,1.70057,1.4386,0.0200795,0.307598,1.11655,0.250385,1,287,228,4175,1003
8,4255,1.72891,1.4386,0.0203458,0.308661,1.14342,0.250385,1,288,229,4255,1015
8,4332,1.75936,1.4386,0.0205664,0.31308,1.16909,0.250385,1,289,230,4332,1032
8,4412,1.78783,1.4386,0.0208444,0.314201,1.19603,0.250385,1,289,230,4412,1043
8,4485,1.82078,1.4386,0.0211908,0.315355,1.22735,0.250385,1,289,230,4485,1055
8,4565,1.84809,1.4386,0.0214561,0.31637,1.25325,0.250385,1,289,230,4565,1066
8,4642,1.8795,1.4386,0.0216154,0.320109,1.2721,0.258885,1,294,231,4642,1077
8,4717,1.91263,1.4386,0.0218887,0.321752,1.30318,0.258885,1,294,231,4717,1094
8,4795,1.94178,1.4386,0.0222132,0.322786,1.33083,0.258885,1,295,232,4795,1106
8,4872,1.97147,1.4386,0.0224839,0.323734,1.35918,0.258885,1,295,232,4872,1118
8,4943,2.00952,1.4386,0.022751,0.328579,1.39199,0.258885,1,295,232,4943,1135
8,5023,2.03803,1.4386,0.0230059,0.331166,1.41752,0.258885,1,295,232,5023,1143
8,5094,2.0733,1.4386,0.0232849,0.33312,1.45044,0.258885,1,295,232,5094,1160
8,5174,2.10049,1.4386,0.0235633,0.334042,1.47628,0.258885,1,295,232,5174,1170
8,5236,2.14326,1.41345,0.023785,0.342933,1.50291,0.265809,1,299,234,5236,1183
8,5300,2.17562,1.41345,0.0240344,0.34417,1.53368,0.265809,1,299,234,5300,1198
8,5370,2.19799,1.41345,0.0242419,0.344593,1.5553,0.265809,1,299,234,5370,1204
8,5438,2.22529,1.41345,0.0244725,0.345522,1.58132,0.265809,1,299,234,5438,1213
8,5504,2.2535,1.41345,0.0247224,0.346644,1.60804,0.265809,1,300,235,5504,1221
8,5570,2.2799,1.41345,0.0249372,0.34754,1.63321,0.265809,1,300,235,5570,1231
8,5635,2.31215,1.41345,0.0251858,0.350094,1.66255,0.265809,1,300,235,5635,1242
8,5707,2.33531,1.41345,0.0254103,0.350675,1.68478,0.265809,1,300,235,5707,1246
8,5769,2.36656,1.41345,0.0256589,0.353615,1.71274,0.265809,1,300,235,5769,1256
8,5816,2.41547,1.41345,0.0258637,0.36426,1.73746,0.279065,1,304,238,5816,1266
8,5877,2.45015,1.41345,0.0261124,0.366744,1.76931,0.279065,1,304,238,5877,1279
8,5947,2.47698,1.41345,0.026373,0.368119,1.7944,0.279065,1,304,238,5947,1286
8,5995,2.52594,1.41193,0.0265424,0.373574,1.81869,0.298016,1,313,241,5995,1298
8,6070,2.55815,1.41193,0.0267676,0.374711,1.84941,0.298016,1,313,241,6070,1311
8,6135,2.60194,1.40885,0.0269832,0.382272,1.87854,0.304783,1,319,244,6135,1324
8,6197,2.64478,1.40885,0.0272638,0.390788,1.90537,0.311866,1,328,252,6197,1329
8,6268,2.68663,1.40885,0.027534,0.392574,1.94492,0.311866,1,328,252,6268,1348
8,6347,2.72165,1.40885,0.0278586,0.39331,1.97875,0.311866,1,328,252,6347,1357
8,6426,2.75731,1.40885,0.0280787,0.394725,2.01262,0.311866,1,328,252,6426,1373
8,6479,2.81612,1.40885,0.0282851,0.409895,2.04214,0.325688,1,334,256,6479,1385
8,6555,2.86413,1.32126,0.0285322,0.423229,2.07316,0.328977,1,345,265,6555,1392
8,6630,2.89455,1.32126,0.0287871,0.423855,2.10257,0.328977,1,345,265,6630,1398
8,6706,2.92341,1.32126,0.0290049,0.424825,2.1301,0.328977,1,345,265,6706,1407
8,6777,2.95603,1.32126,0.0292548,0.425806,2.16138,0.328977,1,345,265,6777,1416
8,6842,2.99338,1.32126,0.0295573,0.428047,2.19607,0.328977,1,345,265,6842,1426
8,6918,3.02134,1.32126,0.0297906,0.428468,2.22324,0.328977,1,345,265,6918,1430
8,6988,3.05605,1.32126,0.0300016,0.430151,2.25593,0.328977,1,345,265,6988,1444
8,7053,3.09393,1.32126,0.0302518,0.431401,2.2922,0.328977,1,345,265,7053,1458
8,7125,3.12617,1.32126,0.0304835,0.432283,2.3232,0.328977,1,345,265,7125,1467
8,7204,3.15219,1.32126,0.0306749,0.432988,2.34817,0.328977,1,345,265,7204,1474
9,1,4.7349e-05,1.32126,2.1557e-05,0,2.3867e-05,0,1,0,0,1,2
9,751,0.0998459,1.32126,0.00383295,0.0116859,0.0836598,0,1,138,138,751,264
9,1067,0.199876,1.32126,0.00556946,0.0197915,0.160183,0.0133593,1,153,149,1067,363
9,1075,0.335805,1.96476,0.00564145,0.111591,0.163138,0.0544482,1,185,170,1075,368
9,1116,0.378372,1.90752,0.00590514,0.12658,0.172801,0.0720497,1,191,173,1116,377
9,1174,0.395286,1.90752,0.00626892,0.129594,0.186267,0.0720497,1,191,173,1174,390
9,1233,0.411645,1.90752,0.00663309,0.1314,0.200381,0.0720497,1,192,174,1233,403
9,1291,0.429132,1.90752,0.00696684,0.133229,0.215628,0.0720497,1,192,174,1291,421
9,1343,0.461394,1.86962,0.00726633,0.146449,0.230233,0.0761136,1,195,176,1343,440
9,1403,0.499528,1.75106,0.00756774,0.165495,0.245124,0.0799227,1,202,182,1403,457
9,1468,0.546039,1.63729,0.00783952,0.188952,0.258089,0.0896427,1,217,194,1468,469
9,1544,0.580099,1.58781,0.00821138,0.201253,0.275479,0.0935261,1,222,198,1544,486
9,1617,0.613754,1.50881,0.00852512,0.216599,0.291132,0.09576,1,227,202,1617,499
9,1704,0.651549,1.50881,0.0088966,0.230044,0.310111,0.100629,1,237,211,1704,514
9,1798,0.684198,1.50034,0.00924882,0.239431,0.329568,0.103926,1,239,212,1798,532
9,1901,0.719688,1.4837,0.00962915,0.252253,0.351069,0.104552,1,244,217,1901,551
9,1996,0.759876,1.48173,0.00997407,0.262451,0.370775,0.114332,1,249,219,1996,568
9,2139,0.795532,1.48173,0.0105126,0.26492,0.403201,0.114332,1,249,219,2139,593
9,2250,0.845669,1.48173,0.0109426,0.276529,0.427107,0.128342,1,256,221,2250,612
9,2385,0.883938,1.48173,0.0114569,0.280082,0.4611,0.128342,1,256,221,2385,639
9,2518,0.923921,1.48173,0.0119034,0.287847,0.489126,0.131881,1,260,224,2518,655
9,2652,0.963115,1.48173,0.0124343,0.289979,0.525444,0.131881,1,261,225,2652,681
9,2782,1.00447,1.48173,0.0129305,0.292362,0.563682,0.131881,1,261,225,2782,711
9,2920,1.04136,1.48173,0.0134236,0.294452,0.597781,0.131881,1,263,227,2920,728
9,3052,1.08261,1.48173,0.0139491,0.296563,0.636186,0.131881,1,263,227,3052,752
9,3177,1.12572,1.48173,0.0144872,0.298562,0.676581,0.131881,1,266,230,3177,775
9,3278,1.17164,1.4803,0.0149338,0.304936,0.710716,0.136691,1,270,232,3278,794
9,3394,1.20955,1.4803,0.015368,0.307771,0.745184,0.136691,1,270,232,3394,813
9,3509,1.247,1.4803,0.0158207,0.309019,0.780745,0.136691,1,270,232,3509,830
9,3628,1.28412,1.4803,0.0162338,0.3105,0.815783,0.136691,1,270,232,3628,850
9,3722,1.33318,1.47132,0.016616,0.317844,0.85032,0.143335,1,275,234,3722,872
9,3825,1.38699,1.47132,0.0169702,0.324075,0.883734,0.156981,1,285,239,3825,893
9,3928,1.43882,1.47132,0.0173047,0.330231,0.911682,0.174191,1,292,242,3928,906
9,4035,1.49114,1.47132,0.0177251,0.336857,0.951105,0.179875,1,298,246,4035,927
9,4162,1.53126,1.47132,0.0181531,0.338725,0.988724,0.179875,1,298,246,4162,942
9,4288,1.57415,1.47132,0.0185997,0.340108,1.02958,0.179875,1,298,246,4288,960
9,4415,1.61611,1.47132,0.0190447,0.341692,1.06931,0.179875,1,298,246,4415,975
9,4547,1.65606,1.47132,0.0194831,0.342695,1.10761,0.179875,1,298,246,4547,987
9,4632,1.71375,1.47132,0.0197888,0.349904,1.13865,0.198851,1,309,249,4632,1002
9,4748,1.76111,1.47132,0.020263,0.353129,1.18213,0.198851,1,309,249,4748,1020
9,4843,1.81692,1.47132,0.0206006,0.362218,1.21961,0.207589,1,313,250,4843,1040
9,4952,1.86492,1.47132,0.0210237,0.364895,1.26434,0.207589,1,317,254,4952,1063
9,5073,1.90977,1.47132,0.0214368,0.366287,1.30718,0.207589,1,318,255,5073,1081
9,5194,1.95429,1.47132,0.0218856,0.367391,1.34998,0.207589,1,318,255,5194,1095
9,5296,2.00926,1.47132,0.0222451,0.3732,1.38996,0.21624,1,323,257,5296,1112
9,5416,2.06825,1.47132,0.0226197,0.37901,1.43223,0.22657,1,330,260,5416,1128
9,5540,2.11101,1.47132,0.0230108,0.3803,1.47311,0.22657,1,330,260,5540,1142
9,5660,2.15476,1.47132,0.0233788,0.381671,1.51492,0.22657,1,330,260,5660,1159
9,5766,2.20656,1.47132,0.0238304,0.383257,1.56451,0.22657,1,330,260,5766,1177
9,5873,2.25588,1.47132,0.0242819,0.385108,1.61136,0.22657,1,330,260,5873,1197
9,5952,2.31922,1.47132,0.0245491,0.400409,1.64143,0.244134,1,343,269,5952,1207
9,6033,2.39738,1.46727,0.0248709,0.42631,1.67699,0.260388,1,359,280,6033,1220
9,6085,2.43137,1.44691,0.0250715,0.430007,1.69941,0.267972,1,363,281,6085,1227
9,6157,2.46426,1.44691,0.0253317,0.431144,1.73078,0.267972,1,363,281,6157,1240
9,6228,2.4987,1.44691,0.025595,0.432413,1.76357,0.267972,1,363,281,6228,1254
9,6295,2.53315,1.44344,0.025839,0.436714,1.79202,0.26932,1,365,282,6295,1263
9,6359,2.56672,1.44344,0.026112,0.43768,1.82425,0.26932,1,365,282,6359,1274
9,6427,2.59779,1.44344,0.0263499,0.438727,1.85392,0.26932,1,365,282,6427,1284
9,6491,2.63081,1.44344,0.0266178,0.43979,1.8855,0.26932,1,365,282,6491,1295
9,6555,2.66466,1.44344,0.026883,0.44142,1.91735,0.26932,1,365,282,6555,1306
9,6628,2.69623,1.44344,0.0271125,0.443844,1.94613,0.26932,1,366,283,6628,1317
9,6693,2.72835,1.44344,0.027355,0.444755,1.977,0.26932,1,366,283,6693,1328
9,6762,2.75961,1.44344,0.027611,0.445502,2.00714,0.26932,1,366,283,6762,1336
9,6827,2.79237,1.44344,0.0278666,0.446319,2.03871,0.26932,1,366,283,6827,1345
9,6891,2.82765,1.44344,0.0281203,0.447349,2.07261,0.26932,1,366,283,6891,1357
9,6957,2.85985,1.44344,0.0283308,0.448596,2.10323,0.26932,1,366,283,6957,1370
9,7022,2.89125,1.44344,0.0285953,0.449252,2.1336,0.26932,1,366,283,7022,1377
9,7092,2.92257,1.44344,0.0288232,0.450116,2.16371,0.26932,1,366,283,7092,1387
9,7158,2.95399,1.44344,0.0290776,0.450891,2.19399,0.26932,1,366,283,7158,1395
9,7222,2.99027,1.44344,0.0293329,0.45299,2.2278,0.26932,1,366,283,7222,1405
9,7295,3.01894,1.44344,0.0295246,0.45397,2.25516,0.26932,1,366,283,7295,1415
9,7362,3.04881,1.44344,0.0297367,0.454873,2.28381,0.26932,1,366,283,7362,1425
9,7428,3.08103,1.44344,0.0299965,0.455428,2.3151,0.26932,1,366,283,7428,1431
9,7486,3.12385,1.44344,0.0303291,0.457376,2.35554,0.26932,1,366,283,7486,1449
9,7546,3.16196,1.44344,0.0305759,0.45847,2.39221,0.26932,1,366,283,7546,1462
9,7604,3.20224,1.44344,0.0308569,0.459496,2.4311,0.26932,1,366,283,7604,1474
9,7671,3.23728,1.44344,0.0310825,0.460694,2.4646,0.26932,1,366,283,7671,1486
9,7736,3.27305,1.44344,0.0313038,0.461741,2.49898,0.26932,1,366,283,7736,1499
9,7793,3.31333,1.44344,0.0315775,0.46303,2.53761,0.26932,1,366,283,7793,1512
9,7859,3.34721,1.44344,0.0318193,0.463774,2.5704,0.26932,1,366,283,7859,1520
9,7926,3.37953,1.44344,0.0320479,0.464512,2.60163,0.26932,1,366,283,7926,1528
9,7989,3.4159,1.44344,0.0322901,0.465972,2.63619,0.26932,1,366,283,7989,1538
9,8048,3.45637,1.44344,0.0325403,0.467153,2.67512,0.26932,1,366,283,8048,1552
9,8111,3.4949,1.44344,0.0327855,0.468271,2.71219,0.26932,1,366,283,8111,1564
9,8171,3.53564,1.44344,0.0330165,0.469921,2.75095,0.26932,1,366,283,8171,1579
9,8228,3.5778,1.44344,0.0331847,0.478609,2.77779,0.275684,1,371,287,8228,1588
9,8293,3.60986,1.44344,0.033401,0.479239,2.8089,0.275684,1,371,287,8293,1595
9,8353,3.65023,1.44344,0.0336489,0.481748,2.84641,0.275684,1,372,288,8353,1606
9,8420,3.68265,1.44344,0.0338599,0.482524,2.87772,0.275684,1,372,288,8420,1614
9,8486,3.71736,1.44344,0.0340828,0.48336,2.91126,0.275684,1,372,288,8486,1624
9,8552,3.75268,1.44344,0.0343018,0.484508,2.9451,0.275684,1,372,288,8552,1634
9,8616,3.78921,1.44344,0.0345516,0.485418,2.98036,0.275684,1,372,288,8616,1644
9,8679,3.82849,1.44344,0.0347791,0.486478,3.01825,0.275684,1,372,288,8679,1656
9,8725,3.87778,1.4318,0.0349801,0.493495,3.05292,0.282835,1,377,290,8725,1669
9,8782,3.91038,1.4318,0.0351564,0.496912,3.08183,0.282835,1,377,290,8782,1678
9,8839,3.94027,1.4318,0.03534,0.49773,3.11062,0.282835,1,377,290,8839,1685
9,8896,3.97434,1.4318,0.0355567,0.498491,3.14362,0.282835,1,377,290,8896,1694
9,8949,4.0104,1.4318,0.0357758,0.499313,3.17855,0.282835,1,377,290,8949,1703
9,9000,4.05041,1.4318,0.0360106,0.500351,3.21719,0.282835,1,377,290,9000,1713
