trial,plan iters,plan time,best cost,configCheckTime,connectTime,knnTime,numComponents,numEdgeChecks,numIters,numMilestones
0,1,4.7734e-05,inf,2.6947e-05,0,1.9632e-05,1,0,1,2
0,53,0.118661,inf,0.000306801,0.11759,0.000702918,1,23,53,13
0,134,0.200221,inf,0.000731787,0.196922,0.0024352,1,38,134,23
0,266,0.311934,inf,0.00143664,0.303671,0.00658227,1,67,266,42
0,343,0.407912,1.65888,0.00183352,0.395865,0.0098967,1,95,343,56
0,395,0.453274,1.65888,0.00201599,0.439605,0.011254,1,134,395,64
0,438,0.503992,1.65888,0.00216342,0.488832,0.0125224,1,172,438,72
0,502,0.52872,1.65888,0.00237052,0.511323,0.0144476,1,216,502,82
0,550,0.569953,1.65888,0.00250603,0.550846,0.0159358,1,233,550,90
0,600,0.623551,1.65888,0.00268657,0.601615,0.0184984,1,294,600,105
0,652,0.653179,1.65888,0.00286865,0.628554,0.0209228,1,306,652,113
0,719,0.679123,1.65888,0.00310617,0.651275,0.0238104,1,319,719,120
0,779,0.709771,1.65888,0.00328748,0.679105,0.0263503,1,334,779,128
0,843,0.732528,1.65888,0.00349305,0.698848,0.0290599,1,343,843,134
0,885,0.781955,1.65888,0.00362778,0.745734,0.0313916,1,359,885,143
0,934,0.829235,1.65888,0.00377906,0.790144,0.0340277,1,378,934,152
0,1000,0.850656,1.65888,0.00396037,0.80815,0.0371439,1,389,1000,161
0,1060,0.878144,1.65888,0.0041694,0.83166,0.0408206,1,400,1060,169
0,1119,0.905642,1.65888,0.00436573,0.854503,0.0451801,1,422,1119,181
0,1185,0.928095,1.65888,0.00454203,0.873245,0.0486077,1,431,1185,188
0,1250,0.970607,1.50156,0.00473027,0.911109,0.0529538,1,452,1250,198
0,1322,1.00091,1.50156,0.00497972,0.93567,0.058322,1,471,1322,209
0,1396,1.04088,1.50156,0.00521531,0.969687,0.0639149,1,493,1396,221
0,1482,1.07776,1.50156,0.0055098,0.998881,0.0711728,1,515,1482,236
0,1567,1.09969,1.50156,0.00579043,1.01348,0.0780726,1,532,1567,249
0,1641,1.13529,1.50156,0.00607298,1.04107,0.0856716,1,553,1641,263
0,1725,1.16175,1.50156,0.00628586,1.06059,0.0922365,1,571,1725,275
0,1798,1.19923,1.50156,0.00659574,1.0881,0.101769,1,593,1798,290
0,1883,1.23148,1.50156,0.006891,1.11054,0.111148,1,610,1883,305
0,1957,1.2653,1.50156,0.00710349,1.13707,0.118099,1,628,1957,316
0,2031,1.30276,1.50156,0.0073976,1.16477,0.12744,1,646,2031,326
0,2102,1.34346,1.50156,0.00767938,1.19534,0.137184,1,663,2102,338
0,2174,1.38591,1.50156,0.00794885,1.22681,0.147768,1,686,2174,351
0,2232,1.43794,1.50156,0.00814825,1.27128,0.155031,1,704,2232,359
0,2308,1.47295,1.50156,0.00846083,1.2934,0.167486,1,731,2308,375
0,2399,1.49734,1.50156,0.00876302,1.30612,0.178697,1,744,2399,386
0,2480,1.52894,1.50156,0.00897859,1.32765,0.188406,1,759,2480,399
0,2564,1.55717,1.50156,0.00928155,1.34334,0.200512,1,782,2564,411
0,2651,1.5851,1.50156,0.0095233,1.36109,0.210297,1,797,2651,420
0,2726,1.61785,1.50156,0.00974118,1.38444,0.219341,1,810,2726,429
0,2796,1.65814,1.50156,0.00998485,1.41549,0.228211,1,829,2796,437
0,2853,1.71026,1.50156,0.0101408,1.45986,0.235704,1,855,2853,446
0,2937,1.73868,1.50156,0.0103737,1.47768,0.245926,1,870,2937,455
0,3018,1.76973,1.50156,0.0106454,1.49626,0.257983,1,883,3018,465
0,3100,1.79996,1.50156,0.0108818,1.51613,0.267962,1,894,3100,472
0,3190,1.82316,1.50156,0.0110831,1.5306,0.276336,1,904,3190,478
0,3263,1.86021,1.50156,0.0114169,1.55271,0.290813,1,920,3263,490
0,3327,1.91166,1.50156,0.0115943,1.5937,0.300979,1,942,3327,501
0,3417,1.93488,1.50156,0.0118965,1.60337,0.314069,1,952,3417,510
0,3497,1.96586,1.50156,0.0121302,1.62211,0.325934,1,975,3497,521
0,3567,2.00692,1.50156,0.0124193,1.64547,0.343224,1,1004,3567,541
0,3655,2.03206,1.50156,0.01275,1.6549,0.358401,1,1012,3655,548
0,3730,2.06808,1.50156,0.0129855,1.67668,0.372269,1,1037,3730,561
0,3816,2.09456,1.50156,0.0132219,1.69053,0.384522,1,1047,3816,569
0,3904,2.12022,1.50156,0.013486,1.70084,0.399457,1,1059,3904,580
0,3980,2.15702,1.50156,0.0137212,1.72394,0.412801,1,1073,3980,589
0,4056,2.19245,1.50156,0.0139726,1.74332,0.428469,1,1089,4056,601
0,4125,2.23351,1.50156,0.0142286,1.76687,0.445607,1,1111,4125,616
0,4208,2.26315,1.50156,0.0144357,1.78279,0.458973,1,1125,4208,627
0,4292,2.29341,1.50156,0.0147305,1.79478,0.476797,1,1142,4292,639
0,4370,2.32617,1.50156,0.0149784,1.81069,0.493264,1,1155,4370,650
0,4458,2.35257,1.50156,0.015224,1.82093,0.509026,1,1166,4458,660
0,4536,2.38398,1.50156,0.0155193,1.83386,0.527091,1,1176,4536,668
0,4616,2.41499,1.50156,0.0157984,1.84619,0.545343,1,1188,4616,679
0,4698,2.44357,1.50156,0.0159947,1.86056,0.559204,1,1201,4698,689
0,4772,2.48358,1.50156,0.0162322,1.88254,0.576866,1,1234,4772,702
0,4852,2.50794,1.50156,0.0164574,1.89296,0.590443,1,1242,4852,707
0,4924,2.54426,1.50156,0.0167307,1.90883,0.610492,1,1257,4924,720
0,4995,2.58293,1.50156,0.0169937,1.92778,0.629829,1,1273,4995,733
0,5072,2.61849,1.50156,0.0172462,1.9455,0.64728,1,1286,5072,742
0,5149,2.65501,1.50156,0.017523,1.95978,0.669121,1,1301,5149,755
0,5230,2.68277,1.50156,0.0177713,1.97006,0.686221,1,1311,5230,762
0,5302,2.72048,1.50156,0.0179884,1.99064,0.703002,1,1327,5302,772
0,5374,2.75785,1.50156,0.0182232,2.00809,0.722561,1,1347,5374,785
0,5452,2.79301,1.50156,0.0184715,2.02377,0.741654,1,1361,5452,796
0,5529,2.82606,1.50156,0.0186963,2.03914,0.758965,1,1375,5529,806
0,5594,2.867,1.50156,0.0189569,2.05935,0.779267,1,1391,5594,818
0,5652,2.9115,1.50156,0.0192603,2.07962,0.803098,1,1408,5652,832
0,5721,2.95099,1.50156,0.0195374,2.09609,0.825729,1,1426,5721,843
0,5795,2.98565,1.50156,0.0197341,2.11441,0.841731,1,1439,5795,852
0,5874,3.01793,1.50156,0.0199801,2.12499,0.863038,1,1452,5874,865
0,5961,3.04348,1.50156,0.0202211,2.1315,0.881688,1,1460,5961,872
0,6036,3.07845,1.50156,0.0204709,2.14652,0.901245,1,1472,6036,880
0,6118,3.10736,1.50156,0.0207323,2.15397,0.922298,1,1481,6118,889
0,6188,3.14699,1.50156,0.0209945,2.16873,0.94678,1,1505,6188,904
0,6273,3.17395,1.50156,0.0212547,2.17546,0.9666,1,1512,6273,910
0,6343,3.21601,1.50156,0.0215534,2.19053,0.993161,1,1528,6343,923
0,6411,3.25833,1.50156,0.0217601,2.21121,1.01448,1,1545,6411,937
0,6483,3.29841,1.50156,0.0219957,2.22765,1.03775,1,1562,6483,950
0,6544,3.34676,1.50156,0.0222098,2.25423,1.05921,1,1604,6544,962
0,6608,3.38967,1.50156,0.0224415,2.27575,1.08025,1,1623,6608,970
0,6673,3.43187,1.50156,0.0227321,2.29255,1.10525,1,1638,6673,980
0,6744,3.4716,1.50156,0.0229269,2.31281,1.12439,1,1656,6744,989
0,6824,3.50209,1.50156,0.0231725,2.32038,1.14692,1,1667,6824,999
0,6896,3.53951,1.50156,0.0233977,2.33611,1.16826,1,1679,6896,1008
0,6976,3.57203,1.50156,0.0236522,2.34426,1.19224,1,1689,6976,1017
0,7048,3.6085,1.50156,0.0238423,2.361,1.21165,1,1702,7048,1026
0,7116,3.64874,1.50156,0.0240152,2.38474,1.22784,1,1720,7116,1033
0,7194,3.6812,1.50156,0.0242592,2.39389,1.25077,1,1731,7194,1043
1,1,0.0128189,1.50156,2.4637e-05,0.0127619,2.9641e-05,1,1,1,3
1,43,0.105403,1.50156,0.000249828,0.104523,0.000578965,1,19,43,12
1,103,0.214425,1.50156,0.000613606,0.21186,0.00184507,1,38,103,23
1,169,0.326715,1.50156,0.000986237,0.321729,0.00383604,1,55,169,33
1,269,0.432544,1.50156,0.00156482,0.422932,0.00780143,1,78,269,49
1,429,0.539516,1.50156,0.00244328,0.520526,0.0161606,1,108,429,70
1,604,0.639877,1.50156,0.0033945,0.606604,0.0293394,1,146,604,99
1,751,0.7412,1.50156,0.00421213,0.692397,0.0438933,1,183,751,125
1,959,0.841022,1.50156,0.00537969,0.767768,0.0669499,1,223,959,152
1,1088,0.942258,1.50156,0.00609262,0.850402,0.0847092,1,266,1088,183
1,1293,1.04376,1.50156,0.00725132,0.918971,0.116322,1,302,1293,208
1,1408,1.14378,1.50156,0.00789342,0.996708,0.137866,1,346,1408,234
1,1575,1.24352,1.50156,0.00892509,1.06228,0.170825,1,399,1575,270
1,1680,1.34472,1.95491,0.00952792,1.14103,0.192569,1,448,1680,289
1,1727,1.37346,1.95491,0.00977121,1.16252,0.199493,1,517,1727,299
1,1762,1.42153,1.95491,0.00993365,1.20552,0.20435,1,605,1762,305
1,1795,1.47839,1.95491,0.0100926,1.25624,0.210281,1,715,1795,316
1,1833,1.52018,1.95491,0.0102382,1.29136,0.216734,1,770,1833,330
1,1868,1.568,1.95491,0.0104064,1.33237,0.223257,1,836,1868,340
1,1915,1.59709,1.95491,0.0106208,1.35359,0.230833,1,863,1915,349
1,1958,1.63295,1.95491,0.0108375,1.38054,0.239466,1,884,1958,362
1,2004,1.66171,1.95491,0.0110354,1.40185,0.246644,1,910,2004,370
1,2049,1.69535,1.95491,0.0112537,1.42668,0.255169,1,930,2049,379
1,2093,1.74264,1.95491,0.0114361,1.46605,0.262827,1,957,2093,389
1,2136,1.77501,1.95491,0.0116174,1.49031,0.270684,1,974,2136,398
1,2172,1.81916,1.95491,0.011783,1.52647,0.278451,1,996,2172,405
1,2217,1.8514,1.95491,0.0119708,1.55048,0.28642,1,1010,2217,413
1,2271,1.86466,1.95491,0.0121529,1.55657,0.293322,1,1019,2271,418
1,2318,1.89254,1.95491,0.012385,1.57465,0.302819,1,1032,2318,427
1,2364,1.92035,1.95491,0.0125883,1.59356,0.311439,1,1051,2364,436
1,2413,1.94282,1.95491,0.0128065,1.60647,0.320706,1,1062,2413,443
1,2464,1.96963,1.95491,0.0130337,1.62188,0.331801,1,1079,2464,455
1,2509,2.00149,1.95491,0.0132654,1.64113,0.344113,1,1098,2509,469
1,2553,2.03891,1.95491,0.0134987,1.66621,0.356142,1,1117,2553,482
1,2592,2.08002,1.95491,0.0136812,1.69846,0.364766,1,1130,2592,489
1,2642,2.10462,1.95491,0.0138944,1.71233,0.3752,1,1140,2642,498
1,2688,2.13485,1.95491,0.0141242,1.7304,0.38706,1,1155,2688,509
1,2738,2.15835,1.95491,0.0143479,1.74317,0.397498,1,1166,2738,515
1,2787,2.18192,1.95491,0.0145719,1.75418,0.409752,1,1177,2787,526
1,2842,2.19883,1.95491,0.0147864,1.76091,0.419631,1,1183,2842,531
1,2885,2.2328,1.95491,0.0149873,1.78338,0.430878,1,1199,2885,541
1,2933,2.26052,1.95491,0.0152417,1.79817,0.443482,1,1210,2933,550
1,2982,2.28557,1.95491,0.0154554,1.81133,0.455075,1,1220,2982,558
1,3030,2.31421,1.95491,0.0156979,1.82714,0.467595,1,1232,3030,566
1,3075,2.34468,1.95491,0.0159023,1.8457,0.479237,1,1244,3075,575
1,3126,2.36472,1.95491,0.0161164,1.85417,0.490501,1,1254,3126,583
1,3175,2.38903,1.95491,0.0163173,1.86756,0.501157,1,1263,3175,589
1,3221,2.41659,1.95491,0.0165159,1.88248,0.513521,1,1277,3221,600
1,3266,2.45101,1.95491,0.0167161,1.90327,0.526875,1,1291,3266,612
1,3309,2.48233,1.95491,0.0168955,1.92239,0.538831,1,1304,3309,622
1,3360,2.50431,1.95491,0.0170961,1.93208,0.550834,1,1314,3360,630
1,3409,2.52425,1.95491,0.0173255,1.93815,0.564398,1,1321,3409,637
1,3454,2.55531,1.95491,0.0175745,1.95294,0.580357,1,1334,3454,647
1,3500,2.58548,1.95491,0.017772,1.96935,0.593851,1,1349,3500,658
1,3546,2.61379,1.95491,0.0180122,1.9819,0.609289,1,1361,3546,668
1,3592,2.63886,1.95491,0.0182686,1.99244,0.623497,1,1368,3592,673
1,3640,2.6668,1.95491,0.0184707,2.00545,0.638152,1,1382,3640,685
1,3682,2.6989,1.95491,0.0187063,2.02166,0.653723,1,1396,3682,698
1,3729,2.72539,1.95491,0.0189211,2.0331,0.668486,1,1406,3729,706
1,3768,2.76415,1.95491,0.0190836,2.05793,0.682181,1,1422,3768,718
1,3817,2.7879,1.95491,0.019296,2.06769,0.695883,1,1430,3817,724
1,3858,2.83553,1.70997,0.0194916,2.10426,0.706681,1,1449,3858,730
1,3922,2.88784,1.70997,0.0198465,2.1334,0.729398,1,1468,3922,742
1,3972,2.94762,1.70997,0.0200748,2.17512,0.747155,1,1492,3972,753
1,4030,2.99831,1.70997,0.0203227,2.20494,0.767681,1,1509,4030,767
1,4106,3.03559,1.70997,0.0206492,2.21765,0.791815,1,1523,4106,780
1,4171,3.08137,1.70997,0.020959,2.2399,0.81493,1,1539,4171,791
1,4242,3.12266,1.70997,0.0213001,2.25444,0.841233,1,1555,4242,805
1,4309,3.17301,1.70997,0.0215869,2.28158,0.864045,1,1573,4309,818
1,4371,3.21631,1.70997,0.0219072,2.29788,0.89063,1,1587,4371,830
1,4441,3.26315,1.70997,0.0222074,2.32037,0.914576,1,1603,4441,842
1,4519,3.29881,1.70997,0.0226059,2.32762,0.942481,1,1614,4519,853
1,4591,3.35993,1.70997,0.0229411,2.36011,0.970664,1,1637,4591,868
1,4656,3.40396,1.70997,0.0232514,2.37974,0.994665,1,1651,4656,876
1,4726,3.44654,1.70997,0.0235601,2.39663,1.01993,1,1664,4726,886
1,4783,3.49913,1.70997,0.0238604,2.41985,1.04892,1,1685,4783,904
1,4848,3.54475,1.70997,0.0241738,2.43642,1.07751,1,1702,4848,918
1,4907,3.59686,1.70997,0.0244578,2.46112,1.10455,1,1721,4907,932
1,4973,3.64314,1.70997,0.0247546,2.47929,1.13227,1,1738,4973,945
1,5026,3.69987,1.70997,0.0249764,2.51546,1.15252,1,1757,5026,954
1,5075,3.74762,1.57742,0.025262,2.53518,1.18018,1,1770,5075,964
1,5145,3.77689,1.57742,0.0254853,2.54443,1.19984,1,1779,5145,972
1,5224,3.80219,1.57742,0.0256189,2.55756,1.21174,1,1788,5224,977
1,5298,3.82445,1.57742,0.0257736,2.56424,1.22703,1,1796,5298,985
1,5362,3.85869,1.57742,0.0259465,2.58043,1.24479,1,1809,5362,994
1,5420,3.90534,1.57742,0.0260962,2.61143,1.26018,1,1829,5420,1002
1,5471,3.95491,1.57742,0.0263033,2.63583,1.28506,1,1850,5471,1019
1,5540,3.9868,1.57742,0.0264357,2.65374,1.29877,1,1866,5540,1027
1,5592,4.034,1.57742,0.0266128,2.68246,1.31698,1,1885,5592,1036
1,5663,4.05937,1.57742,0.026761,2.69376,1.33077,1,1894,5663,1041
1,5732,4.09511,1.57742,0.026982,2.70746,1.35247,1,1908,5732,1049
1,5804,4.12198,1.57742,0.0271806,2.7139,1.37257,1,1917,5804,1058
1,5875,4.14726,1.57742,0.0273115,2.72585,1.38564,1,1924,5875,1063
1,5946,4.17571,1.57742,0.0275144,2.73431,1.40531,1,1932,5946,1070
1,6024,4.19744,1.57742,0.0277165,2.73745,1.42357,1,1938,6024,1075
1,6079,4.2419,1.57742,0.0279328,2.75982,1.44535,1,1959,6079,1084
1,6146,4.2735,1.57742,0.0281484,2.76944,1.467,1,1968,6146,1091
1,6204,4.31516,1.57742,0.0283127,2.79006,1.48777,1,1986,6204,1103
2,1,0.0142224,1.57742,2.7716e-05,0.0141627,2.9257e-05,1,1,1,3
2,44,0.108027,1.57742,0.000258688,0.107197,0.000518912,1,19,44,10
2,80,0.190792,1.65762,0.000396116,0.189346,0.000943125,1,41,80,18
2,131,0.24595,1.65762,0.000512756,0.243797,0.00144164,1,81,131,27
2,173,0.295428,1.65762,0.00064672,0.292431,0.0020822,1,101,173,35
2,244,0.307558,1.65762,0.000822259,0.303474,0.0028702,1,107,244,39
2,289,0.350964,1.65762,0.000961999,0.345881,0.00365242,1,122,289,45
2,343,0.384101,1.65762,0.00108634,0.377998,0.00445196,1,144,343,51
2,394,0.420271,1.65762,0.00125379,0.412762,0.00560412,1,167,394,58
2,449,0.453265,1.65762,0.00143818,0.444228,0.00686175,1,181,449,62
2,494,0.498662,1.65762,0.00160063,0.487784,0.00846238,1,206,494,73
2,553,0.528699,1.65762,0.00177578,0.515634,0.0103752,1,220,553,84
2,600,0.569802,1.65762,0.00192707,0.554628,0.0122499,1,236,600,94
2,662,0.591508,1.65762,0.00215496,0.573615,0.0146439,1,245,662,101
2,725,0.615012,1.65762,0.00233281,0.594663,0.0168158,1,254,725,108
2,777,0.650699,1.65762,0.0024379,0.628569,0.018393,1,266,777,115
2,842,0.676113,1.65762,0.00261344,0.651111,0.0209741,1,280,842,124
2,903,0.693512,1.65762,0.00278397,0.665901,0.0233096,1,286,903,129
2,976,0.709546,1.65762,0.00294719,0.679108,0.0258452,1,294,976,136
2,1032,0.74673,1.65762,0.00311849,0.713034,0.0288363,1,309,1032,146
2,1101,0.768613,1.65762,0.00332598,0.731068,0.0323617,1,320,1101,155
2,1137,0.824073,1.65762,0.00345802,0.783974,0.0347264,1,341,1137,161
2,1194,0.856322,1.65762,0.00359853,0.813061,0.037649,1,353,1194,169
2,1249,0.888459,1.65762,0.00379408,0.840782,0.0417803,1,368,1249,179
2,1315,0.90878,1.65762,0.00401004,0.856619,0.0459358,1,378,1315,187
2,1374,0.935456,1.65762,0.00423947,0.87812,0.050782,1,390,1374,197
2,1431,0.966335,1.65762,0.00444542,0.90403,0.0554541,1,407,1431,207
2,1499,0.987675,1.65762,0.00466753,0.920214,0.0602779,1,418,1499,215
2,1558,1.01391,1.65762,0.00491698,0.940115,0.0662681,1,432,1558,226
2,1630,1.02476,1.65762,0.0051133,0.946781,0.0701381,1,436,1630,229
2,1684,1.05646,1.65762,0.00531155,0.972556,0.0757768,1,452,1684,241
2,1747,1.07884,1.65762,0.00552481,0.989112,0.0812797,1,463,1747,250
2,1808,1.10431,1.65762,0.00576271,1.00838,0.0871483,1,475,1808,257
2,1874,1.12435,1.65762,0.00595403,1.0229,0.0923628,1,485,1874,265
2,1944,1.13601,1.65762,0.00611725,1.02975,0.0968806,1,492,1944,271
2,1998,1.17262,1.65762,0.00632821,1.05944,0.103504,1,510,1998,283
2,2053,1.20308,1.65762,0.00653262,1.08279,0.110322,1,529,2053,295
2,2113,1.22832,1.65762,0.00671701,1.10227,0.115794,1,558,2113,302
2,2183,1.2416,1.65762,0.0069168,1.11003,0.120989,1,564,2183,306
2,2243,1.26528,1.65762,0.0071085,1.12696,0.127447,1,576,2243,316
2,2300,1.29583,1.65762,0.00731137,1.15033,0.134339,1,590,2300,325
2,2351,1.33147,1.65762,0.00743648,1.18078,0.139305,1,605,2351,333
2,2416,1.35245,1.65762,0.00763974,1.19431,0.146444,1,616,2416,342
2,2477,1.37588,1.65762,0.00781451,1.21161,0.152289,1,626,2477,349
2,2546,1.3914,1.65762,0.00801237,1.2204,0.158714,1,633,2546,355
2,2603,1.4219,1.65762,0.00822024,1.24284,0.16647,1,646,2603,365
2,2659,1.45121,1.65762,0.00841156,1.26396,0.174379,1,659,2659,375
2,2732,1.46166,1.65762,0.00858864,1.26818,0.180288,1,663,2732,379
2,2784,1.50174,1.65762,0.00879151,1.30023,0.188044,1,680,2784,387
2,2847,1.51681,1.65762,0.00899591,1.30796,0.195074,1,685,2847,391
2,2914,1.53381,1.65762,0.00916183,1.3175,0.202249,1,697,2914,400
2,2975,1.5561,1.65762,0.00934814,1.3313,0.210448,1,709,2975,410
2,3039,1.57557,1.65762,0.0095795,1.34128,0.219609,1,717,3039,417
2,3098,1.60282,1.65762,0.0097689,1.35869,0.229157,1,732,3098,430
2,3152,1.63634,1.65762,0.00994944,1.38328,0.237813,1,746,3152,440
2,3215,1.66156,1.65762,0.010165,1.39748,0.248517,1,762,3215,453
2,3271,1.68966,1.65762,0.010339,1.41703,0.256795,1,774,3271,462
2,3334,1.7233,1.65762,0.010538,1.44129,0.265868,1,788,3334,470
2,3391,1.74994,1.65762,0.0107209,1.45951,0.274012,1,807,3391,476
2,3446,1.78087,1.65762,0.0109107,1.4802,0.283965,1,821,3446,487
2,3506,1.80594,1.65762,0.0111324,1.49463,0.294285,1,832,3506,495
2,3571,1.82619,1.65762,0.0113176,1.50467,0.304191,1,844,3571,505
2,3637,1.84936,1.65762,0.0115158,1.5181,0.313623,1,864,3637,510
2,3700,1.86901,1.65762,0.0116971,1.52838,0.322695,1,874,3700,517
2,3761,1.89143,1.65762,0.0119054,1.53984,0.33335,1,886,3761,526
2,3826,1.913,1.65762,0.0121133,1.55075,0.343699,1,896,3826,533
2,3884,1.93824,1.65762,0.0123327,1.5639,0.355469,1,908,3884,543
2,3946,1.95867,1.65762,0.0125436,1.57303,0.366462,1,917,3946,551
2,4005,1.98318,1.65762,0.0126984,1.58754,0.376202,1,929,4005,561
2,4057,2.01657,1.65762,0.0129313,1.60589,0.390916,1,946,4057,575
2,4116,2.04418,1.65762,0.013071,1.62367,0.400503,1,962,4116,586
2,4174,2.07102,1.65762,0.0132296,1.64011,0.410644,1,974,4174,596
2,4236,2.0946,1.65762,0.0134329,1.65184,0.422186,1,984,4236,604
2,4294,2.1185,1.65762,0.0135876,1.66455,0.43311,1,998,4294,615
2,4353,2.14361,1.65762,0.0138109,1.67492,0.447526,1,1011,4353,625
2,4418,2.16261,1.65762,0.013983,1.68362,0.457552,1,1022,4418,631
2,4485,2.17902,1.65762,0.0141658,1.68898,0.468305,1,1028,4485,637
2,4551,2.19749,1.65762,0.0143356,1.69623,0.479236,1,1037,4551,645
2,4611,2.22561,1.65762,0.0145188,1.71262,0.490681,1,1048,4611,652
2,4667,2.25495,1.65762,0.0147332,1.72698,0.505355,1,1062,4667,664
2,4730,2.27521,1.65762,0.0149246,1.73494,0.517359,1,1071,4730,671
2,4788,2.30051,1.65762,0.0151051,1.7495,0.527815,1,1079,4788,676
2,4848,2.32522,1.65762,0.0152914,1.76136,0.540372,1,1090,4848,685
2,4911,2.34844,1.65762,0.0154804,1.77229,0.552369,1,1099,4911,691
2,4969,2.3754,1.65762,0.0156779,1.78436,0.566966,1,1113,4969,703
2,5028,2.40068,1.65762,0.0159123,1.79292,0.583356,1,1125,5028,714
2,5095,2.41815,1.65762,0.0160582,1.80008,0.593398,1,1132,5095,720
2,5159,2.43865,1.65762,0.0162496,1.80701,0.606666,1,1142,5159,728
2,5214,2.46898,1.65762,0.016444,1.8231,0.62062,1,1155,5214,737
2,5272,2.49386,1.65762,0.016638,1.83415,0.634154,1,1165,5272,745
2,5330,2.51999,1.65762,0.0168666,1.84351,0.650601,1,1176,5330,754
2,5387,2.54998,1.65762,0.0170218,1.86084,0.663003,1,1189,5387,763
2,5449,2.57111,1.65762,0.0172404,1.86592,0.678722,1,1196,5449,770
2,5515,2.58732,1.65762,0.0174202,1.86888,0.691688,1,1201,5515,775
2,5582,2.60383,1.65762,0.0176177,1.87179,0.704971,1,1205,5582,779
2,5636,2.63846,1.65762,0.0178229,1.88841,0.722684,1,1221,5636,791
2,5693,2.66689,1.65762,0.0180165,1.90053,0.738711,1,1232,5693,801
2,5749,2.69904,1.65762,0.0181855,1.91789,0.753224,1,1246,5749,811
2,5807,2.72553,1.65762,0.018413,1.92636,0.770925,1,1260,5807,819
3,1,5.6203e-05,1.65762,2.3482e-05,0,3.0796e-05,1,0,1,2
3,72,0.107994,1.65762,0.000383793,0.106638,0.000905024,1,20,72,13
3,168,0.212344,1.65762,0.000894625,0.208253,0.00305074,1,40,168,27
3,285,0.31939,1.65762,0.00151555,0.310838,0.00679669,1,63,285,42
3,423,0.424306,1.65762,0.00228083,0.408298,0.0133713,1,91,423,59
3,576,0.527902,1.65762,0.00311733,0.502058,0.0222398,1,122,576,78
3,744,0.632782,1.65762,0.00403274,0.593392,0.0347349,1,158,744,102
3,903,0.741002,1.65762,0.00492467,0.685402,0.0499197,1,196,903,128
3,1073,0.840938,1.65762,0.00587511,0.765125,0.0690082,1,231,1073,153
3,1203,0.943383,1.65762,0.00661229,0.849763,0.0859657,1,271,1203,177
3,1342,1.0352,1.65589,0.00739874,0.92016,0.106481,1,319,1342,202
3,1392,1.08223,1.65589,0.00752462,0.963849,0.109601,1,395,1392,211
3,1451,1.11916,1.65589,0.00771094,0.995911,0.114183,1,483,1451,221
3,1503,1.16352,1.65589,0.0079065,1.03498,0.11919,1,544,1503,232
3,1576,1.18582,1.65589,0.00808434,1.0526,0.123567,1,590,1576,240
3,1650,1.2074,1.65589,0.00824872,1.06934,0.128102,1,652,1650,249
3,1707,1.24601,1.65589,0.00846044,1.10156,0.134193,1,674,1707,261
3,1789,1.25849,1.65589,0.00866831,1.10846,0.139414,1,682,1789,267
3,1860,1.28229,1.65589,0.00888812,1.12516,0.146176,1,703,1860,279
3,1929,1.30824,1.65589,0.00907982,1.14493,0.152047,1,717,1929,289
3,1983,1.35734,1.65589,0.00924188,1.18901,0.156813,1,735,1983,295
3,2050,1.3845,1.65589,0.00942319,1.21,0.162679,1,749,2050,304
3,2126,1.40471,1.65589,0.00967187,1.22263,0.169893,1,762,2126,311
3,2195,1.43111,1.65589,0.00988167,1.24172,0.176879,1,776,2195,321
3,2263,1.45763,1.65589,0.0100772,1.26146,0.183347,1,787,2263,330
3,2335,1.48107,1.65589,0.0102443,1.27855,0.189393,1,799,2335,339
3,2399,1.51175,1.65589,0.0104256,1.30101,0.197314,1,820,2399,353
3,2462,1.54604,1.65589,0.0105761,1.32902,0.203333,1,835,2462,362
3,2525,1.57552,1.65589,0.0108102,1.34997,0.211511,1,847,2525,370
3,2601,1.59533,1.65589,0.0110631,1.36002,0.220899,1,857,2601,380
3,2668,1.621,1.65589,0.0112771,1.37691,0.22934,1,877,2668,389
3,2731,1.65576,1.65589,0.0115073,1.402,0.238689,1,908,2731,399
3,2800,1.6829,1.65589,0.0117475,1.41944,0.248034,1,920,2800,407
3,2875,1.70778,1.65589,0.0119523,1.43559,0.256422,1,935,2875,415
3,2936,1.73891,1.65589,0.012191,1.45596,0.266855,1,951,2936,426
3,3007,1.7626,1.65589,0.0124158,1.46926,0.276896,1,966,3007,436
3,3072,1.79023,1.65589,0.0126314,1.48662,0.286838,1,982,3072,446
3,3135,1.82378,1.65589,0.0128127,1.50976,0.29696,1,999,3135,460
3,3206,1.84757,1.65589,0.012999,1.52536,0.304843,1,1015,3206,466
3,3276,1.88139,1.65589,0.0132207,1.54845,0.315232,1,1045,3276,474
3,3332,1.92661,1.65589,0.0134101,1.58376,0.324875,1,1066,3332,483
3,3393,1.9548,1.65589,0.0136018,1.6022,0.334328,1,1089,3393,491
3,3452,1.99361,1.65589,0.0137785,1.63125,0.343804,1,1106,3452,501
3,3530,2.00909,1.65589,0.0139949,1.63624,0.353941,1,1113,3530,508
3,3603,2.03221,1.65589,0.0142031,1.64818,0.364782,1,1125,3603,517
3,3663,2.06993,1.65589,0.0144114,1.67422,0.376162,1,1147,3663,527
3,3719,2.10722,1.65589,0.0145419,1.70369,0.383746,1,1163,3719,535
3,3797,2.12422,1.65589,0.0148079,1.70823,0.395817,1,1175,3797,540
3,3853,2.16597,1.65589,0.0149646,1.74017,0.405376,1,1194,3853,549
3,3925,2.18932,1.65589,0.0150989,1.75509,0.413529,1,1209,3925,557
3,3995,2.21496,1.65589,0.0153014,1.76866,0.42527,1,1221,3995,567
3,4068,2.23943,1.65589,0.0155012,1.78126,0.436815,1,1237,4068,576
3,4129,2.27239,1.65589,0.0156763,1.80437,0.446376,1,1252,4129,583
3,4203,2.2925,1.65589,0.0158884,1.81228,0.458244,1,1261,4203,591
3,4257,2.33162,1.65589,0.0160917,1.83833,0.471013,1,1277,4257,602
3,4333,2.34757,1.65589,0.0162684,1.84419,0.480801,1,1284,4333,608
3,4389,2.3901,1.65589,0.0165263,1.86991,0.497252,1,1302,4389,620
3,4451,2.41638,1.65589,0.016738,1.88233,0.510792,1,1314,4451,629
3,4516,2.44671,1.65589,0.016979,1.89664,0.526472,1,1328,4516,639
3,4587,2.47047,1.65589,0.0172046,1.90662,0.539914,1,1338,4587,646
3,4659,2.49661,1.65589,0.0174621,1.91575,0.556551,1,1350,4659,656
3,4719,2.5357,1.65589,0.0177093,1.93743,0.573613,1,1366,4719,668
3,4779,2.56717,1.65589,0.0178902,1.9553,0.586921,1,1380,4779,679
3,4848,2.59331,1.65589,0.0181177,1.96554,0.602412,1,1391,4848,689
3,4904,2.63323,1.65589,0.018341,1.99066,0.616901,1,1412,4904,697
3,4973,2.65879,1.65589,0.018535,2.00157,0.631244,1,1426,4973,707
3,5040,2.68687,1.65589,0.0187486,2.01481,0.645751,1,1438,5040,715
3,5111,2.71005,1.65589,0.0189519,2.02416,0.659246,1,1446,5111,722
3,5180,2.73573,1.65589,0.0191386,2.03543,0.673353,1,1457,5180,732
3,5237,2.7725,1.65589,0.0193372,2.05556,0.689684,1,1474,5237,745
3,5306,2.79803,1.65589,0.0195393,2.06631,0.704149,1,1483,5306,752
3,5380,2.81956,1.65589,0.0197653,2.07155,0.720078,1,1491,5380,760
3,5451,2.84242,1.65589,0.0199447,2.07984,0.734348,1,1514,5451,769
3,5519,2.869,1.65589,0.0201498,2.0902,0.750246,1,1526,5519,778
3,5582,2.90564,1.65589,0.0203747,2.10987,0.766871,1,1541,5582,785
3,5639,2.9399,1.65589,0.020549,2.13121,0.779504,1,1553,5639,792
3,5695,2.97817,1.65589,0.0207353,2.15533,0.793374,1,1567,5695,798
3,5758,3.01626,1.65589,0.0209713,2.1747,0.811758,1,1580,5758,807
3,5828,3.03867,1.65589,0.0211881,2.18214,0.826396,1,1586,5828,812
3,5890,3.07929,1.65589,0.0213959,2.20482,0.844008,1,1604,5890,823
3,5957,3.10437,1.65589,0.0216084,2.21261,0.860969,1,1613,5957,831
3,6019,3.13807,1.65589,0.021799,2.23018,0.876801,1,1625,6019,840
3,6080,3.17364,1.65589,0.0220099,2.24792,0.894324,1,1642,6080,849
3,6143,3.20356,1.65589,0.0221916,2.26262,0.909249,1,1660,6143,856
3,6205,3.23809,1.65589,0.0224026,2.27887,0.9272,1,1677,6205,865
3,6275,3.26472,1.65589,0.0225889,2.28837,0.944016,1,1686,6275,873
3,6351,3.28263,1.65589,0.022771,2.29222,0.957762,1,1691,6351,877
3,6413,3.31699,1.65589,0.0230131,2.30764,0.976357,1,1703,6413,886
3,6484,3.3402,1.65589,0.023201,2.31472,0.99217,1,1711,6484,893
3,6549,3.36948,1.65589,0.0233869,2.32708,1.00878,1,1727,6549,901
3,6609,3.40682,1.65589,0.0236136,2.3425,1.03037,1,1742,6609,913
3,6680,3.42966,1.65589,0.0238769,2.34642,1.04892,1,1749,6680,920
3,6738,3.46762,1.65589,0.0240513,2.36611,1.0669,1,1770,6738,931
3,6808,3.49189,1.65589,0.0242376,2.37315,1.08383,1,1779,6808,939
3,6870,3.5248,1.65589,0.0244582,2.38686,1.1027,1,1791,6870,946
3,6935,3.55616,1.65589,0.0246684,2.39702,1.12357,1,1803,6935,957
3,6980,3.60758,1.65589,0.0248328,2.43184,1.13993,1,1825,6980,966
3,7041,3.64301,1.65589,0.025056,2.44747,1.15941,1,1838,7041,973
3,7109,3.67184,1.65589,0.0252539,2.45611,1.17929,1,1849,7109,983
4,1,0.0129286,1.65589,2.4637e-05,0.012872,2.9256e-05,1,1,1,3
4,31,0.10444,1.65589,0.000192093,0.103724,0.000475027,1,23,31,13
4,92,0.212887,1.65589,0.000519302,0.21039,0.00187279,1,42,92,25
4,172,0.307108,1.65589,0.000931968,0.30155,0.00445388,1,68,172,41
4,231,0.397957,2.18148,0.00124648,0.389576,0.00690102,1,97,231,54
4,259,0.452984,2.18148,0.00143202,0.442876,0.00840925,1,167,259,64
4,280,0.548102,1.7991,0.00152595,0.536867,0.00940397,1,231,280,72
4,330,0.58288,1.7991,0.00173344,0.569615,0.0111463,1,271,330,80
4,389,0.607031,1.7991,0.00194247,0.591467,0.0131353,1,291,389,87
4,438,0.633529,1.7991,0.00210646,0.615809,0.015042,1,315,438,95
4,481,0.672115,1.7991,0.00228354,0.651976,0.0172127,1,332,481,104
4,532,0.698289,1.7991,0.0024814,0.675532,0.0195513,1,353,532,110
4,592,0.715488,1.7991,0.00265809,0.690431,0.0215765,1,360,592,114
4,641,0.749435,1.7991,0.00287867,0.720766,0.0248913,1,383,641,126
4,685,0.794694,1.7991,0.00305614,0.762961,0.0276914,1,397,685,136
4,733,0.827423,1.7991,0.00325554,0.792494,0.0306151,1,414,733,143
4,785,0.852626,1.7991,0.0034688,0.814075,0.0339442,1,425,785,151
4,829,0.891477,1.7991,0.00363549,0.849724,0.0369076,1,441,829,159
4,878,0.923555,1.7991,0.00375713,0.878818,0.0396723,1,461,878,169
4,912,0.974894,1.7991,0.00387339,0.927799,0.0418542,1,477,912,173
4,964,1.00287,1.7991,0.00402582,0.9526,0.044786,1,488,964,180
4,1004,1.05145,1.7991,0.00419058,0.997745,0.0479895,1,510,1004,186
4,1061,1.0744,1.7991,0.00439961,1.01648,0.0519068,1,520,1061,192
4,1110,1.10359,1.7991,0.00458169,1.04107,0.0562409,1,534,1110,203
4,1166,1.13615,1.7991,0.00482883,1.06831,0.0612241,1,551,1166,212
4,1211,1.16441,1.7991,0.00498974,1.09263,0.0649293,1,562,1211,219
4,1267,1.18751,1.7991,0.00526883,1.11124,0.0690425,1,579,1267,225
4,1318,1.21421,1.7991,0.00547247,1.13325,0.0734459,1,589,1318,231
4,1371,1.23997,1.7991,0.00566186,1.15437,0.0778074,1,599,1371,237
4,1426,1.26275,1.7991,0.00585934,1.17207,0.0826035,1,608,1426,244
4,1472,1.29697,1.7991,0.00603296,1.20094,0.0877076,1,626,1472,254
4,1523,1.32597,1.7991,0.00627317,1.22384,0.0934873,1,637,1523,261
4,1565,1.36663,1.7991,0.00646102,1.2584,0.0993266,1,654,1565,272
4,1622,1.38624,1.7991,0.00668891,1.2722,0.104835,1,661,1622,277
4,1673,1.4173,1.7991,0.00689794,1.29742,0.110366,1,673,1673,283
4,1727,1.44088,1.7991,0.00711698,1.31375,0.117317,1,686,1727,295
4,1777,1.47224,1.7991,0.00730407,1.33867,0.123492,1,703,1777,306
4,1834,1.49493,1.7991,0.00750616,1.35507,0.129479,1,715,1834,312
4,1888,1.51363,1.7991,0.00773406,1.36649,0.136449,1,724,1888,320
4,1938,1.54441,1.7991,0.00796503,1.3888,0.144603,1,742,1938,330
4,1989,1.57364,1.7991,0.00816328,1.41008,0.152268,1,760,1989,343
4,2046,1.59065,1.7991,0.00837231,1.41988,0.159168,1,768,2046,350
4,2098,1.61654,1.7991,0.00859019,1.43691,0.16771,1,782,2098,362
4,2146,1.64717,1.7991,0.00895205,1.4588,0.176005,1,803,2146,373
4,2204,1.66433,1.7991,0.00912797,1.46829,0.18339,1,813,2204,382
4,2255,1.69149,1.7991,0.00931352,1.48688,0.191689,1,827,2255,393
4,2312,1.71087,1.7991,0.00950291,1.49926,0.198384,1,835,2312,399
4,2363,1.73841,1.7991,0.0097412,1.51715,0.207721,1,847,2363,407
4,2406,1.77789,1.7991,0.00991905,1.54797,0.216116,1,867,2406,418
4,2458,1.80288,1.7991,0.0101308,1.56268,0.226099,1,880,2458,430
4,2513,1.82548,1.7991,0.0103121,1.57729,0.233803,1,890,2513,437
4,2556,1.86013,1.7991,0.0105292,1.60176,0.243687,1,907,2556,449
4,2614,1.87854,1.7991,0.0107921,1.60798,0.255525,1,916,2614,458
4,2670,1.89865,1.7991,0.0110212,1.61807,0.265203,1,928,2670,468
4,2724,1.92108,1.7991,0.0112402,1.63002,0.27537,1,938,2724,477
4,2775,1.95075,1.7991,0.0114766,1.64788,0.286863,1,952,2775,488
4,2827,1.9789,1.7991,0.0117287,1.66151,0.300988,1,968,2827,504
4,2875,2.00999,1.7991,0.011937,1.6829,0.310403,1,994,2875,510
4,2928,2.03436,1.7991,0.0121063,1.6982,0.319201,1,1008,2928,518
4,2977,2.0667,1.7991,0.01234,1.71705,0.332383,1,1029,2977,531
4,3026,2.09535,1.7991,0.0125036,1.73571,0.342107,1,1042,3026,541
4,3081,2.11706,1.7991,0.0127226,1.74737,0.351836,1,1052,3081,549
4,3139,2.13442,1.7991,0.0128986,1.75562,0.360662,1,1061,3139,555
4,3193,2.1621,1.7991,0.0130999,1.77167,0.371996,1,1076,3193,565
4,3248,2.18306,1.7991,0.0132897,1.78273,0.381606,1,1083,3248,571
4,3301,2.20999,1.7991,0.0134948,1.79769,0.393277,1,1094,3301,580
4,3348,2.24402,1.7991,0.0137166,1.8182,0.406491,1,1108,3348,591
4,3400,2.26954,1.7991,0.0138733,1.83268,0.417201,1,1120,3400,602
4,3452,2.29617,1.7991,0.0141412,1.84581,0.430347,1,1131,3452,611
4,3499,2.32715,1.7991,0.0143306,1.86448,0.442385,1,1152,3499,621
4,3547,2.35954,1.7991,0.0145358,1.88428,0.454681,1,1164,3547,629
4,3586,2.40711,1.7991,0.014729,1.91866,0.467608,1,1194,3586,640
4,3625,2.45245,1.7991,0.0148826,1.95402,0.477379,1,1211,3625,647
4,3679,2.4772,1.7991,0.0150597,1.96784,0.488034,1,1219,3679,652
4,3729,2.50552,1.7991,0.0152514,1.98332,0.500584,1,1232,3729,662
4,3785,2.52605,1.7991,0.01549,1.98899,0.515113,1,1240,3785,670
4,3842,2.54553,1.7991,0.0157414,1.99668,0.52655,1,1248,3842,677
4,3887,2.58208,1.7991,0.0159073,2.01927,0.540257,1,1265,3887,690
4,3941,2.60532,1.7991,0.0161556,2.02664,0.555797,1,1273,3941,697
4,4001,2.62002,1.7991,0.0163423,2.02993,0.566912,1,1279,4001,701
4,4047,2.65531,1.7991,0.016554,2.04966,0.58218,1,1292,4047,711
4,4098,2.6825,1.7991,0.0167404,2.06291,0.59584,1,1304,4098,721
4,4150,2.70967,1.7991,0.0169937,2.07289,0.612699,1,1313,4150,730
4,4201,2.73531,1.7991,0.0172289,2.08154,0.629362,1,1324,4201,740
4,4253,2.76357,1.7991,0.0174595,2.09235,0.646505,1,1335,4253,750
4,4305,2.78735,1.7991,0.0176789,2.10022,0.662103,1,1343,4305,757
4,4359,2.81184,1.7991,0.0178544,2.11175,0.674784,1,1353,4359,764
4,4410,2.83905,1.7991,0.018043,2.12288,0.690594,1,1365,4410,776
4,4464,2.8623,1.7991,0.0182563,2.13012,0.706297,1,1374,4464,784
4,4504,2.9079,1.7991,0.0184034,2.16267,0.719125,1,1393,4504,794
4,4556,2.93398,1.7991,0.0186051,2.17293,0.734664,1,1403,4556,802
4,4609,2.95855,1.7991,0.0188364,2.18114,0.75071,1,1411,4609,809
4,4661,2.98305,1.7991,0.0189869,2.19221,0.763891,1,1421,4661,818
4,4720,3.00261,1.7991,0.0191544,2.19796,0.777431,1,1428,4720,825
4,4769,3.03375,1.7991,0.0193422,2.21251,0.793744,1,1441,4769,835
4,4816,3.06525,1.7991,0.0195517,2.22809,0.809367,1,1453,4816,844
4,4861,3.10152,1.7991,0.0197226,2.24928,0.824198,1,1473,4861,853
4,4918,3.13044,1.7991,0.0198916,2.26491,0.837223,1,1491,4918,857
4,4970,3.15752,1.7991,0.0200575,2.27795,0.850997,1,1500,4970,864
5,1,5.6588e-05,1.7991,2.3482e-05,0,3.0796e-05,1,0,1,2
5,92,0.104813,1.7991,0.000502743,0.103099,0.00112406,1,25,92,14
5,147,0.2109,1.7991,0.000804153,0.207502,0.00245599,1,46,147,29
5,254,0.312605,1.7991,0.00137697,0.304707,0.00628933,1,78,254,46
5,401,0.413811,1.7991,0.00219114,0.398707,0.0125228,1,123,401,62
5,489,0.519343,1.7991,0.00267349,0.497651,0.0185365,1,172,489,86
5,538,0.571282,1.7826,0.00287982,0.546866,0.0209625,1,196,538,96
5,582,0.621124,1.7826,0.00302302,0.594659,0.0227918,1,262,582,105
5,616,0.681366,1.7826,0.00318431,0.652369,0.0251038,1,358,616,116
5,663,0.727485,1.7826,0.00336101,0.695724,0.0276125,1,427,663,125
5,708,0.776088,1.7826,0.00354578,0.741237,0.0304454,1,469,708,134
5,775,0.800176,1.7826,0.00379638,0.761441,0.0339727,1,498,775,142
5,827,0.840839,1.7826,0.00401927,0.798037,0.0377394,1,528,827,153
5,884,0.876078,1.7826,0.00421252,0.829688,0.0410415,1,563,884,161
5,941,0.908697,1.7826,0.00443502,0.858052,0.0449792,1,587,941,170
5,1004,0.937213,1.7826,0.00466984,0.882011,0.0492098,1,609,1004,178
5,1069,0.962915,1.7826,0.00487694,0.903734,0.0528792,1,620,1069,184
5,1128,0.994625,1.7826,0.00507981,0.930457,0.0575594,1,645,1128,196
5,1190,1.02145,1.7826,0.00533388,0.952218,0.0622731,1,654,1190,202
5,1252,1.04809,1.7826,0.00554098,0.973581,0.0672328,1,672,1252,213
5,1324,1.06217,1.7826,0.00574116,0.983314,0.0712444,1,680,1324,219
5,1397,1.07709,1.7826,0.00595211,0.993024,0.0761187,1,690,1397,227
5,1451,1.11403,1.7826,0.00629356,1.02292,0.0827402,1,713,1451,240
5,1509,1.14655,1.7826,0.00653608,1.0489,0.0889441,1,727,1509,249
5,1573,1.1723,1.7826,0.0067605,1.06856,0.094651,1,739,1573,257
5,1634,1.20217,1.7826,0.00702728,1.09085,0.101862,1,755,1634,268
5,1686,1.24221,1.7826,0.00721667,1.12449,0.10798,1,777,1686,280
5,1747,1.27158,1.7826,0.00743609,1.14654,0.114976,1,794,1747,291
5,1789,1.33069,1.7826,0.00758815,1.20007,0.120328,1,843,1789,300
5,1832,1.38052,1.7826,0.00775175,1.24397,0.12602,1,863,1832,310
5,1874,1.43128,1.7826,0.00793037,1.28802,0.132479,1,884,1874,320
5,1927,1.47028,1.7826,0.00811784,1.32034,0.138883,1,899,1927,329
5,1986,1.49991,1.7826,0.00838268,1.34072,0.14777,1,920,1986,339
5,2051,1.52619,1.7826,0.00860287,1.35926,0.155178,1,932,2051,348
5,2099,1.5744,1.7826,0.00880536,1.39869,0.163681,1,951,2099,361
5,2168,1.59947,1.7826,0.00899706,1.41677,0.170352,1,961,2168,367
5,2227,1.62888,1.7826,0.00927884,1.43522,0.18095,1,975,2227,379
5,2286,1.66371,1.7826,0.00947979,1.46066,0.190039,1,992,2286,392
5,2347,1.69186,1.7826,0.00973309,1.47829,0.200199,1,1006,2347,402
5,2399,1.73656,1.7826,0.00991709,1.51325,0.209669,1,1026,2399,416
5,2468,1.75776,1.7826,0.0101138,1.52558,0.218219,1,1037,2468,425
5,2532,1.78468,1.7826,0.0103267,1.54185,0.228546,1,1052,2532,438
5,2597,1.8122,1.7826,0.0106181,1.55606,0.241468,1,1066,2597,449
5,2659,1.84055,1.7826,0.0108775,1.57223,0.253292,1,1078,2659,459
5,2730,1.85712,1.7826,0.0111212,1.57899,0.262744,1,1084,2730,462
5,2781,1.89925,1.7826,0.0113803,1.60745,0.276078,1,1102,2781,476
5,2842,1.92776,1.7826,0.0116505,1.62284,0.288819,1,1115,2842,487
5,2903,1.95753,1.7826,0.0118688,1.6424,0.298721,1,1126,2903,494
5,2964,1.99106,1.7826,0.0120901,1.66397,0.310356,1,1139,2964,503
5,3026,2.01587,1.7826,0.0123203,1.67777,0.321041,1,1149,3026,510
5,3080,2.05234,1.7826,0.0124955,1.7045,0.330502,1,1165,3080,519
5,3147,2.07623,1.7826,0.012743,1.71586,0.342672,1,1174,3147,527
5,3207,2.10649,1.7826,0.0129736,1.73325,0.355217,1,1198,3207,538
5,3258,2.14833,1.7826,0.0131857,1.76192,0.368096,1,1219,3258,552
5,3311,2.18697,1.7826,0.0134394,1.78459,0.383716,1,1239,3311,566
5,3360,2.22958,1.7826,0.0136365,1.81593,0.394706,1,1273,3360,574
5,3422,2.26035,1.7826,0.0138455,1.83371,0.407391,1,1288,3422,584
5,3482,2.29246,1.7826,0.0140788,1.85245,0.420438,1,1302,3482,592
5,3549,2.32111,1.7826,0.014274,1.86848,0.432737,1,1314,3549,602
5,3598,2.36334,1.7826,0.0144657,1.89963,0.443553,1,1327,3598,609
5,3645,2.40978,1.7826,0.014672,1.93195,0.457398,1,1347,3645,621
5,3689,2.45959,1.7826,0.0148545,1.96979,0.469107,1,1366,3689,630
5,3754,2.48474,1.7826,0.0150943,1.98022,0.483489,1,1378,3754,639
5,3812,2.52172,1.7826,0.0152798,2.0062,0.494204,1,1393,3812,645
5,3877,2.55439,1.7826,0.0155166,2.02296,0.509771,1,1407,3877,657
5,3929,2.59314,1.7826,0.0157068,2.04894,0.522267,1,1422,3929,665
5,3991,2.62127,1.7826,0.0159131,2.06362,0.5354,1,1434,3991,673
5,4045,2.66109,1.7826,0.0161806,2.08306,0.555431,1,1452,4045,689
5,4095,2.70229,1.7826,0.0163954,2.10805,0.571332,1,1472,4095,700
5,4147,2.74211,1.7826,0.0166495,2.132,0.586872,1,1501,4147,706
5,4199,2.78216,1.7826,0.0168158,2.15787,0.6008,1,1519,4199,719
5,4253,2.81911,1.7826,0.0170422,2.17694,0.618362,1,1544,4253,731
5,4311,2.85433,1.7826,0.0172296,2.19781,0.632423,1,1558,4311,740
5,4375,2.88276,1.7826,0.017446,2.21025,0.648097,1,1574,4375,749
5,4434,2.91159,1.7826,0.0176431,2.22309,0.663775,1,1595,4434,760
5,4503,2.93721,1.7826,0.0178363,2.23393,0.678246,1,1606,4503,767
5,4561,2.97075,1.7826,0.0180588,2.24967,0.695722,1,1619,4561,777
5,4618,3.00897,1.7826,0.0182309,2.27418,0.709166,1,1636,4618,784
5,4664,3.05355,1.7826,0.0184311,2.30137,0.726278,1,1654,4664,795
5,4724,3.08466,1.7826,0.0186624,2.31443,0.744005,1,1665,4724,803
5,4780,3.11819,1.7826,0.0188811,2.32984,0.761807,1,1677,4780,813
5,4835,3.15497,1.7826,0.0190732,2.35075,0.777399,1,1701,4835,821
5,4890,3.19209,1.7826,0.0192641,2.37125,0.79374,1,1718,4890,831
5,4949,3.22465,1.7826,0.0194793,2.38586,0.811379,1,1733,4949,840
5,5002,3.26274,1.7826,0.0196964,2.40457,0.830443,1,1750,5002,852
5,5066,3.28759,1.7826,0.0199031,2.41217,0.847384,1,1759,5066,860
5,5122,3.32399,1.7826,0.0200852,2.4308,0.864875,1,1775,5122,872
5,5181,3.35592,1.7826,0.0202942,2.44664,0.880549,1,1784,5181,877
5,5241,3.38505,1.7826,0.0205183,2.45563,0.900329,1,1794,5241,886
5,5306,3.41114,1.7826,0.0207562,2.46184,0.919863,1,1802,5306,894
5,5365,3.44018,1.7826,0.0209817,2.47292,0.937489,1,1811,5365,901
5,5426,3.47634,1.7826,0.0211669,2.49185,0.95443,1,1830,5426,910
5,5484,3.50491,1.7826,0.0213713,2.50276,0.971787,1,1839,5484,917
5,5527,3.55449,1.7826,0.0215561,2.53291,0.990955,1,1858,5527,929
5,5587,3.5871,1.7826,0.021777,2.54585,1.0103,1,1870,5587,938
5,5644,3.6217,1.7826,0.0220296,2.55776,1.03265,1,1880,5644,947
5,5704,3.65227,1.7826,0.0222455,2.56924,1.05142,1,1890,5704,955
5,5759,3.68933,1.7826,0.0224472,2.58452,1.07291,1,1906,5759,968
5,5819,3.71874,1.7826,0.0226286,2.59534,1.0912,1,1918,5819,978
6,1,5.7358e-05,1.7826,2.5022e-05,0,3.0796e-05,1,0,1,2
6,43,0.109082,1.7826,0.000246751,0.108262,0.000519298,1,18,43,11
6,103,0.215043,1.7826,0.000568184,0.212729,0.00163681,1,34,103,20
6,188,0.320136,1.7826,0.00104206,0.314881,0.00397846,1,58,188,32
6,310,0.432216,1.7826,0.0016984,0.420943,0.00923227,1,98,310,55
6,395,0.535643,2.86004,0.00216342,0.51911,0.0139364,1,159,395,72
6,417,0.575683,2.86004,0.0023278,0.557457,0.0154415,1,227,417,79
6,439,0.630363,2.27261,0.00248409,0.610392,0.0170037,1,270,439,86
6,475,0.67607,1.69496,0.00267002,0.654127,0.0187367,1,302,475,92
6,528,0.702118,1.69496,0.00284825,0.677956,0.0206903,1,343,528,100
6,581,0.724268,1.69496,0.00303303,0.697674,0.0228453,1,364,581,107
6,625,0.761641,1.69496,0.00317199,0.732899,0.0247766,1,401,625,114
6,682,0.780857,1.69496,0.00335831,0.749526,0.0270859,1,416,682,121
6,725,0.82126,1.69496,0.00352307,0.787243,0.0295388,1,435,725,130
6,780,0.843414,1.69496,0.0037013,0.806768,0.031899,1,445,780,136
6,830,0.876353,1.69496,0.00390302,0.836271,0.0350506,1,462,830,144
6,878,0.904209,1.69496,0.00404083,0.861635,0.0373168,1,474,878,151
6,944,0.909337,1.69496,0.00417171,0.864855,0.0389678,1,479,944,153
6,999,0.932617,1.69496,0.004328,0.88528,0.0415674,1,487,999,159
6,1051,0.959688,1.69496,0.0044993,0.909127,0.0445361,1,501,1051,166
6,1081,1.01877,1.69496,0.00462441,0.965375,0.0471934,1,533,1081,174
6,1117,1.06142,1.69496,0.00482651,1.0051,0.0498554,1,559,1117,180
6,1170,1.08619,1.69496,0.00500474,1.0261,0.0533484,1,570,1170,188
6,1229,1.10117,1.69496,0.00519144,1.03724,0.0569023,1,578,1229,194
6,1283,1.12474,1.69496,0.00538546,1.05633,0.0610948,1,593,1283,201
6,1337,1.14611,1.69496,0.00563414,1.07216,0.066302,1,603,1337,210
6,1384,1.17787,1.69496,0.00581352,1.1,0.0699656,1,618,1384,215
6,1437,1.20104,1.69496,0.00596596,1.11944,0.0734506,1,633,1437,221
6,1485,1.23691,1.69496,0.00613226,1.15028,0.078234,1,651,1485,231
6,1532,1.26815,1.69496,0.00630664,1.1767,0.0827987,1,664,1532,239
6,1591,1.28261,1.69496,0.00647833,1.18659,0.0870924,1,671,1591,245
6,1651,1.29647,1.69496,0.00668158,1.19534,0.0918997,1,677,1651,250
6,1710,1.31199,1.69496,0.00684518,1.20657,0.0959251,1,684,1710,255
6,1760,1.33905,1.69496,0.00697953,1.22936,0.099966,1,696,1760,263
6,1820,1.35288,1.69496,0.00720126,1.23732,0.105515,1,707,1820,270
6,1877,1.37106,1.69496,0.00734331,1.25144,0.10933,1,718,1877,275
6,1928,1.39703,1.69496,0.00753078,1.27162,0.114847,1,734,1928,284
6,1977,1.42873,1.69496,0.00773134,1.2956,0.12227,1,751,1977,299
6,2032,1.44986,1.69496,0.00789032,1.31178,0.126957,1,759,2032,305
6,2092,1.46563,1.69496,0.00809512,1.32127,0.132944,1,765,2092,310
6,2147,1.48604,1.69496,0.00829837,1.33488,0.139442,1,776,2147,319
6,2203,1.50552,1.69496,0.00850624,1.34808,0.145425,1,783,2203,324
6,2256,1.53001,1.69496,0.00864367,1.36795,0.149798,1,796,2256,329
6,2301,1.56433,1.69496,0.00880227,1.39587,0.155951,1,812,2301,340
6,2360,1.59406,1.69496,0.00896357,1.41937,0.161925,1,838,2360,348
6,2421,1.61187,1.69496,0.00915912,1.43093,0.167862,1,845,2421,353
6,2478,1.62505,1.69496,0.00933235,1.43809,0.173616,1,851,2478,358
6,2532,1.6467,1.69496,0.00952637,1.45344,0.179632,1,858,2532,362
6,2587,1.67106,1.69496,0.00973116,1.47011,0.187028,1,870,2587,370
6,2642,1.69142,1.69496,0.0099271,1.48291,0.194298,1,885,2642,378
6,2695,1.71511,1.69496,0.0100819,1.49977,0.200876,1,897,2695,386
6,2750,1.73491,1.69496,0.0102405,1.5135,0.206684,1,904,2750,391
6,2805,1.75614,1.69496,0.0103852,1.52869,0.212483,1,917,2805,398
6,2851,1.78925,1.69496,0.0105311,1.55558,0.218476,1,933,2851,404
6,2908,1.80838,1.69496,0.0107178,1.56736,0.225547,1,941,2908,409
6,2959,1.83228,1.69496,0.0108448,1.58588,0.230705,1,953,2959,415
6,3017,1.8515,1.69496,0.01104,1.59677,0.238749,1,965,3017,423
6,3078,1.86636,1.69496,0.011192,1.6046,0.245515,1,973,3078,430
6,3131,1.9,1.69496,0.0113472,1.63133,0.252173,1,987,3131,436
6,3197,1.9084,1.69496,0.0115235,1.63303,0.258589,1,990,3197,439
6,3249,1.9347,1.69496,0.0116956,1.65078,0.266859,1,1003,3249,448
6,3300,1.96017,1.69496,0.0119204,1.66584,0.276955,1,1015,3300,457
6,3343,1.9978,1.69496,0.0120901,1.69396,0.286221,1,1033,3343,468
6,3396,2.02405,1.69496,0.0122203,1.71244,0.293764,1,1046,3396,478
6,3458,2.03656,1.69496,0.0123508,1.71877,0.299704,1,1052,3458,482
6,3515,2.05578,1.69496,0.0125194,1.72948,0.307943,1,1061,3515,489
6,3564,2.08437,1.69496,0.012646,1.75144,0.314358,1,1074,3564,495
6,3619,2.10653,1.69496,0.0128323,1.76408,0.3236,1,1090,3619,503
6,3671,2.13366,1.69496,0.0129959,1.78148,0.333067,1,1104,3671,513
6,3726,2.15941,1.69496,0.0131749,1.79757,0.342461,1,1115,3726,521
6,3783,2.17701,1.69496,0.0133408,1.80708,0.350279,1,1121,3783,526
6,3835,2.20166,1.69496,0.0135145,1.82189,0.359862,1,1135,3835,535
6,3886,2.22563,1.69496,0.013685,1.83676,0.368699,1,1149,3886,542
6,3933,2.2532,1.69496,0.013906,1.85308,0.37964,1,1169,3933,552
6,3988,2.27408,1.69496,0.0140557,1.86514,0.388222,1,1178,3988,559
6,4043,2.29647,1.69496,0.0142493,1.87703,0.398436,1,1196,4043,566
6,4097,2.31709,1.69496,0.0144499,1.88611,0.409667,1,1207,4097,575
6,4152,2.33909,1.69496,0.0145873,1.89975,0.417791,1,1216,4152,582
6,4209,2.35791,1.69496,0.0148071,1.90831,0.427724,1,1223,4209,588
6,4265,2.37837,1.69496,0.0149992,1.91718,0.43903,1,1233,4265,597
6,4311,2.42531,1.69496,0.0151936,1.95166,0.451221,1,1254,4311,607
6,4361,2.45349,1.69496,0.0153538,1.96995,0.46086,1,1265,4361,614
6,4412,2.48373,1.69496,0.0155374,1.98902,0.471764,1,1278,4412,622
6,4472,2.49838,1.69496,0.0156559,1.99512,0.480081,1,1285,4472,629
6,4526,2.51982,1.69496,0.0158411,2.00536,0.490998,1,1295,4526,636
6,4582,2.53709,1.69496,0.016024,2.01228,0.50107,1,1301,4582,641
6,4635,2.56037,1.69496,0.0161929,2.02504,0.511314,1,1309,4635,647
6,4694,2.57595,1.69496,0.0163515,2.03023,0.521439,1,1315,4694,653
6,4753,2.59036,1.69496,0.0165644,2.03284,0.532937,1,1318,4753,656
6,4802,2.61914,1.69496,0.0167311,2.04907,0.545233,1,1334,4802,667
6,4853,2.6444,1.69496,0.0169305,2.06085,0.558419,1,1346,4853,676
6,4914,2.66337,1.69496,0.0170814,2.06934,0.568636,1,1354,4914,683
6,4958,2.69433,1.69496,0.017372,2.08786,0.580711,1,1369,4958,692
6,5013,2.71465,1.69496,0.017506,2.09889,0.589767,1,1377,5013,697
6,5065,2.73878,1.69496,0.0176854,2.11125,0.601268,1,1385,5065,702
6,5118,2.76338,1.69496,0.0178779,2.12255,0.614279,1,1396,5118,711
6,5172,2.78752,1.69496,0.018058,2.13304,0.627654,1,1407,5172,720
6,5222,2.81676,1.69496,0.0182682,2.14783,0.641813,1,1419,5222,730
6,5278,2.83857,1.69496,0.0184911,2.15362,0.657516,1,1429,5278,739
7,1,0.012417,1.69496,2.3867e-05,0.01236,2.9641e-05,1,1,1,3
7,52,0.122745,1.69496,0.000284096,0.121792,0.000604761,1,23,52,12
7,105,0.217301,1.69496,0.000572813,0.214877,0.00173651,1,40,105,24
7,191,0.326416,2.17667,0.00102166,0.320853,0.00433802,1,70,191,40
7,224,0.405471,2.17667,0.00119181,0.398574,0.00545784,1,103,224,50
7,258,0.455459,1.53458,0.00135465,0.447168,0.00663732,1,134,258,58
7,336,0.48669,1.53458,0.00150901,0.476963,0.00778717,1,163,336,65
7,421,0.511329,1.53458,0.00168109,0.500229,0.00883616,1,178,421,70
7,496,0.545526,1.53458,0.00189242,0.532404,0.010523,1,211,496,77
7,588,0.564358,1.53458,0.00208028,0.549183,0.0122326,1,236,588,83
7,639,0.618431,1.53458,0.00224774,0.601205,0.0140257,1,270,639,91
7,713,0.65311,1.53458,0.00242866,0.633512,0.016084,1,288,713,101
7,799,0.675809,1.53458,0.00260304,0.653692,0.0182782,1,300,799,109
7,888,0.700868,1.53458,0.00280322,0.67604,0.0206422,1,310,888,115
7,963,0.735023,1.53458,0.0029984,0.706924,0.0235871,1,325,963,127
7,1020,0.797732,1.53458,0.00311504,0.767667,0.0253217,1,356,1020,132
7,1104,0.82251,1.53458,0.00334216,0.788896,0.0285006,1,367,1104,139
7,1171,0.864784,1.53458,0.00356081,0.827177,0.0321626,1,385,1171,150
7,1258,0.88728,1.53458,0.0037864,0.845502,0.0359621,1,400,1258,159
7,1336,0.922881,1.53458,0.0039704,0.877533,0.0392119,1,412,1336,167
7,1417,0.949928,1.53458,0.00415133,0.900722,0.0427434,1,424,1417,176
7,1494,0.980682,1.53458,0.00435112,0.926984,0.0469024,1,440,1494,186
7,1589,0.997109,1.53458,0.00459133,0.939091,0.0508166,1,453,1589,194
7,1675,1.02084,1.53458,0.00483231,0.957625,0.0556188,1,465,1675,204
7,1758,1.05021,1.53458,0.00510832,0.980855,0.0613589,1,479,1758,214
7,1841,1.07879,1.53458,0.00527385,1.00453,0.0659332,1,494,1841,226
7,1912,1.11832,1.53458,0.005536,1.03651,0.0731141,1,514,1912,241
7,1983,1.15743,1.53458,0.00573156,1.06984,0.0785704,1,530,1983,251
7,2063,1.18594,1.53458,0.00591479,1.09233,0.0842692,1,543,2063,263
7,2148,1.20918,1.53458,0.00611381,1.10968,0.0898137,1,556,2148,271
7,2236,1.22838,1.53458,0.00632207,1.12303,0.0952973,1,563,2236,277
7,2305,1.27067,1.53458,0.00656266,1.15783,0.10244,1,582,2305,288
7,2380,1.30336,1.53458,0.00673897,1.18411,0.108536,1,598,2380,299
7,2462,1.33127,1.53458,0.00698264,1.20393,0.116237,1,615,2462,311
7,2535,1.36678,1.53458,0.00723902,1.2298,0.125502,1,633,2535,326
7,2625,1.38944,1.53458,0.00748385,1.24415,0.133412,1,645,2625,335
7,2704,1.41831,1.53458,0.00769942,1.26518,0.14091,1,658,2704,344
7,2792,1.44085,1.53458,0.00793309,1.27876,0.149484,1,671,2792,355
7,2880,1.46279,1.53458,0.00812633,1.29342,0.156416,1,682,2880,363
7,2970,1.48231,1.53458,0.00837771,1.30324,0.165706,1,692,2970,373
7,3043,1.5182,1.53458,0.00853862,1.332,0.172547,1,709,3043,383
7,3130,1.53866,1.53458,0.00874341,1.34372,0.180918,1,720,3130,393
7,3221,1.5563,1.53458,0.00894936,1.35314,0.188768,1,729,3221,401
7,3302,1.58285,1.53458,0.00920458,1.36905,0.199018,1,743,3302,411
7,3380,1.61182,1.53458,0.00941168,1.38927,0.20743,1,757,3380,420
7,3460,1.63971,1.53458,0.00962071,1.40775,0.216478,1,770,3460,430
7,3534,1.6767,1.53458,0.00984245,1.43333,0.227535,1,788,3534,444
7,3613,1.70773,1.53458,0.0101023,1.45122,0.240292,1,805,3613,458
7,3702,1.73162,1.53458,0.0103275,1.4648,0.250209,1,816,3702,467
7,3788,1.75142,1.53458,0.0105323,1.47458,0.259867,1,825,3788,475
7,3869,1.77791,1.53458,0.0107486,1.48947,0.271117,1,839,3869,486
7,3964,1.79333,1.53458,0.0108845,1.49819,0.277492,1,848,3964,491
7,4059,1.81031,1.53458,0.011097,1.50448,0.287813,1,857,4059,500
7,4151,1.82982,1.53458,0.0112768,1.51506,0.2964,1,865,4151,506
7,4223,1.86977,1.53458,0.0114843,1.54275,0.308317,1,885,4223,519
7,4311,1.89136,1.53458,0.0116998,1.55314,0.31916,1,895,4311,528
7,4395,1.91687,1.53458,0.0119701,1.56423,0.333153,1,906,4395,538
7,4469,1.95077,1.53458,0.0122006,1.58571,0.345224,1,919,4469,547
7,4548,1.97888,1.53458,0.0124378,1.59983,0.358801,1,932,4548,559
7,4635,2.00014,1.53458,0.0127188,1.60625,0.373209,1,941,4635,568
7,4723,2.02115,1.53458,0.0128966,1.61698,0.38315,1,950,4723,575
7,4801,2.05382,1.53458,0.0131288,1.63527,0.397179,1,965,4801,586
7,4874,2.08614,1.53458,0.0133543,1.65379,0.410616,1,980,4874,597
7,4935,2.13222,1.53458,0.0135507,1.68778,0.422405,1,1005,4935,605
7,5014,2.16556,1.53458,0.013762,1.70693,0.436239,1,1020,5014,617
7,5093,2.19314,1.53458,0.014018,1.71902,0.451355,1,1032,5093,627
7,5169,2.22804,1.53458,0.0142382,1.74025,0.464666,1,1049,5169,636
7,5244,2.26063,1.53458,0.0144072,1.76063,0.476577,1,1065,5244,647
7,5325,2.28639,1.53458,0.0146135,1.77426,0.488353,1,1076,5325,652
7,5397,2.32274,1.53458,0.0148337,1.79486,0.503759,1,1094,5397,665
7,5479,2.34972,1.53458,0.0150443,1.8087,0.516553,1,1103,5479,671
7,5560,2.37713,1.53458,0.0152599,1.82209,0.53022,1,1115,5560,680
7,5640,2.40569,1.53458,0.0154831,1.834,0.546502,1,1131,5640,691
7,5710,2.44221,1.53458,0.0156644,1.85655,0.560165,1,1150,5710,702
7,5789,2.47313,1.53458,0.0159043,1.87011,0.577152,1,1166,5789,714
7,5875,2.49434,1.53458,0.0161098,1.87692,0.591183,1,1175,5875,723
7,5955,2.52161,1.53458,0.0163612,1.88556,0.609432,1,1186,5955,734
7,6028,2.54823,1.53458,0.0166195,1.89492,0.626288,1,1198,6028,744
7,6100,2.58415,1.53458,0.0168408,1.91232,0.644474,1,1216,6100,757
7,6185,2.60893,1.53458,0.0170522,1.92221,0.658999,1,1226,6185,764
7,6266,2.63748,1.53458,0.0173209,1.93191,0.677464,1,1235,6266,771
7,6341,2.66996,1.53458,0.0174868,1.95081,0.69073,1,1249,6341,780
7,6418,2.69938,1.53458,0.0177108,1.9638,0.706811,1,1260,6418,787
7,6488,2.73387,1.53458,0.0178833,1.98203,0.722758,1,1277,6488,800
7,6570,2.76308,1.53458,0.0180631,1.99605,0.737616,1,1289,6570,809
7,6653,2.78837,1.53458,0.018259,2.00519,0.753424,1,1304,6653,818
7,6730,2.82059,1.53458,0.01846,2.02026,0.770244,1,1318,6730,828
7,6815,2.8453,1.53458,0.0186952,2.02591,0.788925,1,1327,6815,837
7,6890,2.88016,1.53458,0.0188703,2.04341,0.805964,1,1344,6890,849
7,6973,2.90326,1.53458,0.0190682,2.04955,0.822582,1,1354,6973,858
7,7053,2.93255,1.53458,0.0192695,2.06153,0.839556,1,1365,7053,866
7,7129,2.96644,1.53458,0.0194782,2.07562,0.859015,1,1379,7129,878
7,7210,2.99443,1.53458,0.0196953,2.08456,0.877713,1,1390,7210,888
7,7286,3.02729,1.53458,0.0198997,2.10015,0.894642,1,1402,7286,896
7,7368,3.05344,1.53458,0.0200825,2.10905,0.911562,1,1413,7368,906
7,7437,3.09292,1.53458,0.0202819,2.13036,0.929403,1,1431,7437,915
7,7519,3.1192,1.53458,0.0204887,2.13871,0.946977,1,1440,7519,922
7,7605,3.1432,1.53458,0.020685,2.14453,0.964817,1,1449,7605,930
7,7693,3.16363,1.53458,0.0209133,2.14793,0.981453,1,1453,7693,934
8,1,5.4663e-05,1.53458,2.1942e-05,0,3.1181e-05,1,0,1,2
8,85,0.106378,1.53458,0.000471952,0.10479,0.0010386,1,23,85,15
8,164,0.208251,1.53458,0.000888466,0.204139,0.00306537,1,49,164,28
8,292,0.317294,1.53458,0.00157637,0.307367,0.00808436,1,77,292,48
8,414,0.419204,1.53458,0.00224388,0.402015,0.0145689,1,119,414,72
8,465,0.497804,1.99336,0.00253336,0.476706,0.0181273,1,214,465,86
8,506,0.530496,1.99336,0.00274277,0.506847,0.0203997,1,285,506,95
8,545,0.588067,1.99336,0.002911,0.562295,0.0222867,1,336,545,103
8,577,0.621209,1.99336,0.00303611,0.593748,0.0237992,1,359,577,109
8,620,0.651736,1.99336,0.00326708,0.621217,0.0265666,1,401,620,116
8,650,0.71323,1.75303,0.00344146,0.679871,0.0291881,1,455,650,126
8,687,0.781215,1.48851,0.00354655,0.746195,0.0306779,1,472,687,131
8,772,0.804189,1.48851,0.0037602,0.765805,0.0336744,1,488,772,139
8,852,0.832638,1.48851,0.00398655,0.79113,0.0364237,1,506,852,146
8,928,0.866005,1.48851,0.00417787,0.821282,0.039307,1,518,928,153
8,1007,0.898453,1.48851,0.00437997,0.849938,0.0427573,1,530,1007,161
8,1096,0.919282,1.48851,0.00456821,0.867242,0.0459285,1,540,1096,169
8,1180,0.946495,1.48851,0.00484037,0.890094,0.0498758,1,550,1180,176
8,1263,0.973841,1.48851,0.00502014,0.913664,0.0533203,1,567,1263,184
8,1350,0.995485,1.48851,0.00527844,0.930348,0.0578762,1,576,1350,190
8,1435,1.01949,1.48851,0.00551788,0.949459,0.062384,1,585,1435,197
8,1505,1.05774,1.48851,0.00565608,0.98394,0.0658751,1,599,1505,206
8,1586,1.08828,1.48851,0.00588359,1.00862,0.0713514,1,613,1586,218
8,1674,1.10982,1.48851,0.00605681,1.02573,0.0754408,1,624,1674,226
8,1755,1.138,1.48851,0.00633475,1.04641,0.0825285,1,640,1755,239
8,1851,1.15125,1.48851,0.00653492,1.05488,0.0869265,1,646,1851,244
8,1945,1.16519,1.48851,0.00674203,1.06359,0.0917777,1,653,1945,250
8,2031,1.18801,1.48851,0.00690987,1.08154,0.0963159,1,664,2031,258
8,2108,1.21873,1.48851,0.00708925,1.1065,0.101748,1,678,2108,268
8,2192,1.24218,1.48851,0.00732869,1.12321,0.108112,1,694,2192,277
8,2266,1.27789,1.48851,0.00758122,1.15099,0.115669,1,711,2266,288
8,2353,1.3014,1.48851,0.00776176,1.16829,0.12152,1,725,2353,298
8,2444,1.32441,1.48851,0.00801082,1.18383,0.128587,1,736,2444,306
8,2526,1.3527,1.48851,0.00821716,1.20484,0.135514,1,756,2526,317
8,2609,1.3789,1.48851,0.00839,1.22497,0.141258,1,768,2609,324
8,2688,1.40845,1.48851,0.00861443,1.24602,0.149387,1,785,2688,337
8,2769,1.43671,1.48851,0.00884617,1.2658,0.157488,1,800,2769,348
8,2855,1.46058,1.48851,0.00902247,1.2825,0.164331,1,812,2855,358
8,2934,1.49052,1.48851,0.00923805,1.30375,0.172644,1,826,2934,369
8,3011,1.52158,1.48851,0.00943091,1.32662,0.180503,1,844,3011,379
8,3097,1.54581,1.48851,0.00962146,1.34366,0.18735,1,854,3097,385
8,3188,1.5656,1.48851,0.00986629,1.35389,0.196504,1,865,3188,395
8,3274,1.58929,1.48851,0.0100838,1.36831,0.205402,1,877,3274,405
8,3351,1.62415,1.48851,0.010257,1.39531,0.212949,1,893,3351,415
8,3449,1.6399,1.48851,0.010473,1.40251,0.221115,1,899,3449,421
8,3542,1.65682,1.48851,0.0106643,1.41134,0.228834,1,907,3542,427
8,3624,1.68876,1.48851,0.0108983,1.4325,0.239245,1,921,3624,438
8,3720,1.70339,1.48851,0.0111001,1.43781,0.248202,1,930,3720,446
8,3804,1.72951,1.48851,0.0113584,1.4522,0.259527,1,942,3804,455
8,3890,1.75317,1.48851,0.0115778,1.46514,0.269881,1,953,3890,465
8,3978,1.77579,1.48851,0.0118165,1.47674,0.280471,1,965,3978,474
8,4065,1.80051,1.48851,0.0120848,1.49094,0.290572,1,975,4065,482
8,4158,1.81932,1.48851,0.0123134,1.49937,0.300572,1,983,4158,488
8,4248,1.83941,1.48851,0.0125879,1.506,0.313614,1,991,4248,496
8,4331,1.86499,1.48851,0.0127815,1.52056,0.324281,1,1005,4331,507
8,4411,1.8941,1.48851,0.0129725,1.53923,0.33438,1,1017,4411,516
8,4498,1.9182,1.48851,0.0132281,1.54865,0.348653,1,1032,4498,530
8,4592,1.93248,1.48851,0.0134152,1.55303,0.358203,1,1039,4592,537
8,4658,1.97377,1.48851,0.0135965,1.58407,0.36815,1,1065,4658,546
8,4734,2.00608,1.48851,0.0137601,1.60669,0.377476,1,1080,4734,554
8,4817,2.03085,1.48851,0.0139306,1.62263,0.385976,1,1090,4817,559
8,4908,2.04976,1.48851,0.0141377,1.63,0.397158,1,1100,4908,566
8,4993,2.07465,1.48851,0.0144076,1.64023,0.411396,1,1111,4993,575
8,5076,2.10076,1.48851,0.0146312,1.65396,0.423391,1,1121,5076,583
8,5159,2.12776,1.48851,0.0148545,1.6673,0.436689,1,1134,5159,594
8,5246,2.15071,1.48851,0.0150689,1.67644,0.450106,1,1145,5246,605
8,5324,2.18037,1.48851,0.0153468,1.69161,0.464187,1,1160,5324,616
8,5404,2.20848,1.48851,0.0155793,1.70634,0.477174,1,1171,5404,624
8,5471,2.24971,1.48851,0.0157895,1.73371,0.490721,1,1190,5471,635
8,5558,2.27211,1.48851,0.0159839,1.74349,0.502981,1,1200,5558,644
8,5645,2.29418,1.48851,0.0161729,1.75328,0.514911,1,1209,5645,652
8,5716,2.33067,1.48851,0.0163993,1.77572,0.528604,1,1229,5716,664
8,5778,2.37549,1.48851,0.0165479,1.80995,0.538939,1,1246,5778,672
8,5861,2.40124,1.48851,0.0167169,1.82492,0.549393,1,1257,5861,678
8,5939,2.43334,1.48851,0.016904,1.84401,0.562067,1,1287,5939,686
8,6028,2.45413,1.48851,0.0171095,1.85125,0.575243,1,1295,6028,693
8,6116,2.47441,1.48851,0.0173293,1.85728,0.589114,1,1304,6116,700
8,6208,2.49129,1.48851,0.0175441,1.86126,0.601624,1,1309,6208,705
8,6294,2.5135,1.48851,0.0179379,1.86818,0.616379,1,1317,6294,713
8,6377,2.5439,1.48851,0.0181624,1.88162,0.632958,1,1331,6377,724
8,6454,2.57365,1.48851,0.0183433,1.89781,0.646181,1,1344,6454,733
8,6532,2.60357,1.48851,0.0185608,1.91138,0.66218,1,1357,6532,743
8,6622,2.62332,1.48851,0.0187748,1.91644,0.676492,1,1364,6622,750
8,6695,2.65895,1.48851,0.0189981,1.93541,0.692785,1,1379,6695,760
8,6759,2.70256,1.48851,0.0191667,1.96478,0.706741,1,1399,6759,771
8,6831,2.73672,1.48851,0.0193438,1.98425,0.72112,1,1413,6831,781
8,6907,2.76676,1.48851,0.0195401,1.99841,0.736658,1,1425,6907,790
8,6984,2.79551,1.48851,0.0197834,2.00918,0.754253,1,1437,6984,799
8,7061,2.82891,1.48851,0.0200044,2.02327,0.773201,1,1452,7061,811
8,7144,2.85248,1.48851,0.0202396,2.03317,0.786485,1,1458,7144,814
8,7226,2.87762,1.48851,0.0205106,2.04107,0.803306,1,1466,7226,820
8,7302,2.90833,1.48851,0.0208066,2.05415,0.82049,1,1481,7302,831
8,7373,2.94315,1.48851,0.0209925,2.07294,0.836201,1,1495,7373,840
8,7454,2.97065,1.48851,0.0212312,2.08151,0.854749,1,1505,7454,848
8,7533,2.99814,1.48851,0.0214418,2.09217,0.871216,1,1515,7533,856
8,7611,3.02751,1.48851,0.0216639,2.10285,0.889549,1,1525,7611,864
8,7698,3.04952,1.48851,0.0218552,2.10854,0.905479,1,1533,7698,872
8,7783,3.0733,1.48851,0.022085,2.11426,0.923158,1,1556,7783,879
8,7859,3.10479,1.48851,0.0222644,2.1288,0.939778,1,1569,7859,889
9,1,5.0813e-05,1.48851,2.3867e-05,0,2.5021e-05,1,0,1,2
9,69,0.10645,1.48851,0.000398427,0.105151,0.00083072,1,20,69,12
9,143,0.207042,1.48851,0.000786843,0.203906,0.00221423,1,41,143,23
9,253,0.308532,1.48851,0.00136697,0.301413,0.00552288,1,69,253,42
9,356,0.409806,1.48851,0.00193168,0.396829,0.010717,1,105,356,65
9,511,0.514267,1.48851,0.00279051,0.490165,0.020852,1,138,511,85
9,607,0.620919,1.48851,0.00332367,0.587903,0.0291458,1,169,607,104
9,768,0.722027,1.48851,0.00420712,0.672442,0.0446839,1,211,768,133
9,853,0.814033,1.89192,0.00467792,0.754116,0.0544609,1,267,853,150
9,901,0.86901,1.56038,0.00489772,0.804959,0.058302,1,347,901,161
9,976,0.900671,1.56038,0.00507518,0.83326,0.0613565,1,388,976,168
9,1058,0.927002,1.56038,0.00530615,0.855016,0.0655629,1,414,1058,177
9,1118,0.977281,1.56038,0.00548477,0.901208,0.0693674,1,484,1118,187
9,1183,1.01599,1.56038,0.00564183,0.936217,0.0727919,1,503,1183,194
9,1259,1.05017,1.56038,0.0058678,0.965224,0.0776123,1,523,1259,204
9,1329,1.08757,1.56038,0.00608106,0.996979,0.0829177,1,541,1329,218
9,1406,1.12232,1.56038,0.00632704,1.02515,0.0891277,1,559,1406,231
9,1481,1.15541,1.56038,0.00653492,1.05294,0.0940935,1,571,1481,238
9,1556,1.19049,1.56038,0.00673471,1.08246,0.0993296,1,584,1556,247
9,1633,1.22207,1.56038,0.00694797,1.10784,0.105187,1,598,1633,257
9,1725,1.24016,1.56038,0.00723091,1.11927,0.111387,1,607,1725,265
9,1796,1.26105,1.56038,0.00770824,1.1334,0.117489,1,616,1796,272
9,1845,1.31278,1.56038,0.00806971,1.17863,0.123491,1,634,1845,283
9,1919,1.33759,1.56038,0.00852164,1.19549,0.130832,1,645,1919,291
9,1985,1.37899,1.56038,0.00886309,1.2299,0.137337,1,659,1985,300
9,2063,1.40103,1.56038,0.00921802,1.24408,0.144678,1,668,2063,308
9,2139,1.42323,1.56038,0.00953984,1.25913,0.151347,1,677,2139,315
9,2216,1.44471,1.56038,0.00986397,1.27305,0.158429,1,687,2216,324
9,2276,1.47983,1.56038,0.01021,1.2986,0.167528,1,699,2276,333
9,2353,1.50523,1.56038,0.0105319,1.31576,0.175292,1,709,2353,342
9,2422,1.53432,1.56038,0.0109099,1.33457,0.185046,1,724,2422,354
9,2506,1.55081,1.56038,0.0113191,1.3419,0.193611,1,729,2506,359
9,2586,1.57805,1.56038,0.0115497,1.35995,0.202418,1,742,2586,370
9,2684,1.59313,1.56038,0.0117906,1.36575,0.211284,1,750,2684,378
9,2758,1.62672,1.56038,0.012032,1.38934,0.220929,1,766,2758,389
9,2843,1.65181,1.56038,0.0122568,1.40506,0.229921,1,779,2843,398
9,2928,1.67944,1.56038,0.0124955,1.42291,0.239322,1,791,2928,407
9,3014,1.70152,1.56038,0.012733,1.4348,0.249133,1,802,3014,417
9,3097,1.728,1.56038,0.0129825,1.44974,0.260281,1,819,3097,429
9,3190,1.74596,1.56038,0.0131611,1.45915,0.268477,1,828,3190,438
9,3267,1.77739,1.56038,0.0133855,1.48006,0.278651,1,845,3267,449
9,3361,1.79606,1.56038,0.0136407,1.48775,0.28922,1,852,3361,456
9,3451,1.81468,1.56038,0.0138825,1.49525,0.299931,1,861,3451,465
9,3544,1.83347,1.56038,0.0141077,1.50352,0.310072,1,869,3544,473
9,3630,1.856,1.56038,0.0143063,1.51569,0.320074,1,880,3630,483
9,3691,1.90303,1.56038,0.0144668,1.55183,0.330699,1,902,3691,498
9,3773,1.92738,1.56038,0.0146789,1.56527,0.341245,1,912,3773,506
9,3857,1.95612,1.56038,0.0149149,1.58095,0.353935,1,927,3857,518
9,3943,1.97589,1.56038,0.0151185,1.58985,0.364442,1,938,3943,527
9,4020,2.00654,1.56038,0.015368,1.60719,0.37738,1,950,4020,537
9,4095,2.04103,1.56038,0.0155609,1.63059,0.388144,1,963,4095,547
9,4172,2.07176,1.56038,0.0158072,1.64591,0.403168,1,981,4172,563
9,4263,2.09015,1.56038,0.0160459,1.65206,0.415027,1,990,4263,570
9,4356,2.10609,1.56038,0.0162307,1.65779,0.424888,1,996,4356,576
9,4439,2.14127,1.56038,0.0164613,1.67891,0.438576,1,1010,4439,586
9,4518,2.16727,1.56038,0.0166784,1.69135,0.451783,1,1023,4518,597
9,4601,2.1951,1.56038,0.0168789,1.70601,0.464606,1,1038,4601,607
9,4680,2.22596,1.56038,0.0171295,1.71998,0.481114,1,1053,4680,620
9,4764,2.25038,1.56038,0.0173105,1.7326,0.492583,1,1066,4764,629
9,4829,2.30481,1.56038,0.0175049,1.77253,0.506766,1,1090,4829,643
9,4892,2.3486,1.56038,0.0177243,1.8011,0.521657,1,1109,4892,654
9,4970,2.37859,1.56038,0.0178983,1.81818,0.534263,1,1124,4970,664
9,5046,2.42624,1.56038,0.0181358,1.8523,0.547416,1,1144,5046,672
9,5130,2.44253,1.56038,0.0183568,1.85564,0.560007,1,1148,5130,676
9,5191,2.48859,1.56038,0.0185046,1.89165,0.569804,1,1165,5191,682
9,5248,2.54554,1.56038,0.0186593,1.93626,0.581888,1,1190,5248,693
9,5330,2.57118,1.56038,0.0188699,1.94628,0.597148,1,1202,5330,703
9,5399,2.61043,1.56038,0.0190712,1.97003,0.612336,1,1221,5399,715
9,5475,2.64417,1.56038,0.0192668,1.99018,0.625594,1,1235,5475,722
9,5552,2.67363,1.56038,0.0194858,2.00322,0.641668,1,1247,5552,732
9,5629,2.7038,1.56038,0.0196456,2.02096,0.6538,1,1261,5629,741
9,5690,2.74058,1.56038,0.0198673,2.04303,0.668154,1,1277,5690,749
9,5767,2.76847,1.56038,0.0200952,2.05431,0.684401,1,1288,5767,758
9,5847,2.79651,1.56038,0.02035,2.0638,0.702558,1,1299,5847,767
9,5934,2.81821,1.56038,0.0205629,2.0701,0.717586,1,1308,5934,774
9,6025,2.83661,1.56038,0.0207762,2.07453,0.731193,1,1313,6025,778
9,6100,2.87203,1.56038,0.0209964,2.09176,0.749024,1,1328,6100,789
9,6178,2.89893,1.56038,0.0212327,2.10203,0.765292,1,1337,6178,796
9,6244,2.93983,1.56038,0.0214468,2.12557,0.78232,1,1353,6244,806
9,6319,2.97171,1.56038,0.0216635,2.13953,0.799895,1,1367,6319,817
9,6388,3.00747,1.56038,0.0218279,2.16032,0.81457,1,1383,6388,827
9,6474,3.03002,1.56038,0.0219865,2.1681,0.829014,1,1394,6474,837
9,6554,3.05748,1.56038,0.0221897,2.17939,0.844852,1,1405,6554,844
9,6631,3.08763,1.56038,0.0223868,2.19177,0.862282,1,1418,6631,855
9,6712,3.11468,1.56038,0.0225681,2.20212,0.878654,1,1430,6712,864
9,6791,3.14322,1.56038,0.0228095,2.21053,0.89841,1,1441,6791,873
9,6873,3.17034,1.56038,0.0230004,2.22116,0.91456,1,1453,6873,882
9,6952,3.19875,1.56038,0.0231852,2.23461,0.929193,1,1463,6952,889
9,7023,3.23343,1.56038,0.0234312,2.24635,0.951766,1,1477,7023,901
9,7100,3.2622,1.56038,0.0236391,2.25734,0.969199,1,1487,7100,909
9,7187,3.28207,1.56038,0.0238847,2.25941,0.986594,1,1490,7187,912
9,7269,3.30811,1.56038,0.0241368,2.26483,1.00682,1,1497,7269,918
9,7351,3.33278,1.56038,0.0243451,2.27322,1.02275,1,1503,7351,922
9,7437,3.35326,1.56038,0.0245418,2.27787,1.03823,1,1509,7437,927
9,7503,3.39281,1.56038,0.0247685,2.29399,1.06127,1,1529,7503,941
9,7590,3.4133,1.56038,0.024949,2.29886,1.07655,1,1535,7590,946
9,7668,3.44205,1.56038,0.0251519,2.30609,1.09772,1,1549,7668,957
9,7740,3.47764,1.56038,0.0253198,2.32286,1.11624,1,1564,7740,969
9,7828,3.49779,1.56038,0.0255034,2.327,1.1319,1,1569,7828,974
