mean,std
0,,
0,,
0,,
0,,
0,,
0,,
0,,
0,,
0,,
0,,
0,,
0,,
0,,
0,,
0,,
0,,
0,,
0,,
0,,
0,,
0,,
0,,
0,,
0,,
0,,
0,,
0,,
0,,
0,,
0,,
0,,
0,,
0,,
0,,
0,,
0,,
0,,
0,,
0,,
0,,
0,,
0,,
0,,
0,,
0,,
0,,
0,,
0,,
0,,
0,,
0,,
0,,
0,,
0,,
0,,
0,,
0,,
0,,
0,,
0,,
0,,
0,,
0,,
0,,
0,,
0,,
0,,
0,,
0,,
0,,
0,,
0,,
0,,
0,,
0,,
0,,
0,,
0,,
0,,
0,,
1,4.24889,0
1,4.09686,0
1,4.09686,0
1,4.09686,0
1,4.09686,0
1,4.09686,0
1,4.09686,0
1,4.09686,0
1,4.09686,0
1,4.09686,0
1,4.09686,0
1,4.09686,0
1,4.09686,0
1,4.09686,0
1,4.09686,0
1,4.09686,0
1,4.09686,0
1,4.09686,0
1,4.09686,0
1,4.09686,0
1,4.09686,0
1,3.56776,0
1,2.80535,0
1,2.80535,0
1,2.80535,0
1,2.80535,0
1,2.80535,0
1,2.80535,0
1,2.80535,0
1,2.80535,0
1,2.80535,0
1,2.80535,0
1,2.80535,0
1,2.80535,0
1,2.80535,0
1,2.80535,0
1,2.80535,0
1,2.80535,0
1,2.80535,0
1,2.80535,0
1,2.80535,0
1,2.80535,0
1,2.80535,0
1,2.80535,0
1,2.80535,0
1,2.80535,0
1,2.80535,0
1,2.80535,0
1,2.80535,0
1,2.80535,0
1,2.80535,0
1,2.80535,0
1,2.80535,0
1,2.80535,0
1,2.80535,0
1,2.80535,0
1,2.80535,0
1,2.80535,0
1,2.80535,0
1,2.80535,0
1,2.80535,0
1,2.80535,0
1,2.80535,0
1,2.80535,0
1,2.80535,0
1,2.80535,0
1,2.80535,0
1,2.80535,0
1,2.80535,0
1,2.80535,0
1,2.80535,0
1,2.80535,0
1,2.80535,0
1,2.80535,0
1,2.80535,0
1,2.80535,0
1,2.80535,0
1,2.80535,0
1,2.80535,0
1,2.80535,0
2,3.29678,0.241503
2,2.83311,0.000770895
2,2.83311,0.000770895
2,2.83311,0.000770895
2,2.83311,0.000770895
2,2.83311,0.000770895
2,2.83311,0.000770895
2,2.83311,0.000770895
2,2.83311,0.000770895
2,2.83311,0.000770895
2,2.83311,0.000770895
2,2.83311,0.000770895
2,2.83311,0.000770895
2,2.83311,0.000770895
2,2.83311,0.000770895
2,2.83311,0.000770895
2,2.83311,0.000770895
2,2.83311,0.000770895
2,2.83311,0.000770895
2,2.83311,0.000770895
2,2.83311,0.000770895
2,2.83311,0.000770895
2,2.83311,0.000770895
2,2.83311,0.000770895
2,2.83311,0.000770895
2,2.83311,0.000770895
2,2.83311,0.000770895
2,2.83311,0.000770895
2,2.83311,0.000770895
2,2.83311,0.000770895
2,2.83311,0.000770895
2,2.83311,0.000770895
2,2.83311,0.000770895
2,2.83311,0.000770895
2,2.83311,0.000770895
2,2.83311,0.000770895
2,2.83311,0.000770895
2,2.83311,0.000770895
2,2.83311,0.000770895
2,2.83311,0.000770895
2,2.83311,0.000770895
2,2.83311,0.000770895
2,2.83311,0.000770895
2,2.83311,0.000770895
2,2.83311,0.000770895
2,2.83311,0.000770895
2,2.83311,0.000770895
2,2.83311,0.000770895
2,2.83311,0.000770895
2,2.83311,0.000770895
2,2.83311,0.000770895
2,2.83311,0.000770895
2,2.83311,0.000770895
2,2.83311,0.000770895
2,2.83311,0.000770895
2,2.83311,0.000770895
2,2.83311,0.000770895
2,2.83311,0.000770895
2,2.83311,0.000770895
2,2.83311,0.000770895
2,2.83311,0.000770895
2,2.83311,0.000770895
2,2.83311,0.000770895
2,2.83311,0.000770895
2,2.83311,0.000770895
2,2.83311,0.000770895
2,2.83311,0.000770895
2,2.83311,0.000770895
2,2.83311,0.000770895
2,2.83311,0.000770895
2,2.83311,0.000770895
2,2.83311,0.000770895
2,2.83311,0.000770895
2,2.83311,0.000770895
2,2.83311,0.000770895
2,2.83311,0.000770895
2,2.83311,0.000770895
2,2.83311,0.000770895
2,2.83311,0.000770895
2,2.83311,0.000770895
3,3.52167,0.94873
3,3.27674,0.394126
3,3.27674,0.394126
3,3.27674,0.394126
3,3.27674,0.394126
4,3.61187,0.632534
4,3.32353,0.302163
4,3.32353,0.302163
4,3.32353,0.302163
4,3.32353,0.302163
4,3.32353,0.302163
4,3.32353,0.302163
5,3.28458,0.2478
5,3.15957,0.349274
5,3.15957,0.349274
5,3.15957,0.349274
5,3.15957,0.349274
5,3.15957,0.349274
5,3.15957,0.349274
5,3.15957,0.349274
7,3.25237,0.272875
7,3.06047,0.274039
7,3.06047,0.274039
7,3.06047,0.274039
7,3.06047,0.274039
7,3.06047,0.274039
7,3.06047,0.274039
7,3.06047,0.274039
7,3.06047,0.274039
7,3.06047,0.274039
7,3.06047,0.274039
7,3.06047,0.274039
7,3.06047,0.274039
7,3.06047,0.274039
7,3.06047,0.274039
7,3.06047,0.274039
7,3.06047,0.274039
7,3.06047,0.274039
7,3.06047,0.274039
7,3.06047,0.274039
8,3.07873,0.242118
8,3.01906,0.251787
8,3.01906,0.251787
8,3.01906,0.251787
8,3.01906,0.251787
8,3.01906,0.251787
8,3.01906,0.251787
8,3.01906,0.251787
8,3.01906,0.251787
8,3.01906,0.251787
8,3.01906,0.251787
8,3.01906,0.251787
8,3.01906,0.251787
8,3.01906,0.251787
8,3.01906,0.251787
8,3.01906,0.251787
8,3.01906,0.251787
8,3.01906,0.251787
8,3.01906,0.251787
8,3.01906,0.251787
8,3.01906,0.251787
8,3.01906,0.251787
8,3.01906,0.251787
8,3.01906,0.251787
8,3.01906,0.251787
8,3.01906,0.251787
8,3.01906,0.251787
8,3.01906,0.251787
8,3.01906,0.251787
8,3.01906,0.251787
8,3.01906,0.251787
8,3.01906,0.251787
8,3.01906,0.251787
8,3.01906,0.251787
8,3.01906,0.251787
8,3.01906,0.251787
8,3.01906,0.251787
8,3.01906,0.251787
8,3.01906,0.251787
8,3.01906,0.251787
8,2.98908,0.270892
8,2.95742,0.304732
8,2.95742,0.304732
8,2.95742,0.304732
8,2.95742,0.304732
8,2.95742,0.304732
8,2.95742,0.304732
8,2.95742,0.304732
8,2.95742,0.304732
8,2.95742,0.304732
8,2.95742,0.304732
8,2.95742,0.304732
8,2.95742,0.304732
8,2.95742,0.304732
8,2.95742,0.304732
8,2.95742,0.304732
8,2.95742,0.304732
8,2.95742,0.304732
8,2.95742,0.304732
8,2.95742,0.304732
8,2.95742,0.304732
8,2.95742,0.304732
8,2.95742,0.304732
8,2.95742,0.304732
8,2.95742,0.304732
8,2.95742,0.304732
8,2.95742,0.304732
8,2.95742,0.304732
8,2.95742,0.304732
8,2.95742,0.304732
8,2.95742,0.304732
8,2.95742,0.304732
8,2.95742,0.304732
8,2.95742,0.304732
8,2.95742,0.304732
8,2.95742,0.304732
8,2.95742,0.304732
8,2.95742,0.304732
8,2.95742,0.304732
8,2.95742,0.304732
8,2.9208,0.325107
8,2.90918,0.335491
8,2.90918,0.335491
8,2.90918,0.335491
8,2.90918,0.335491
8,2.90918,0.335491
8,2.90918,0.335491
8,2.90918,0.335491
8,2.90918,0.335491
8,2.90918,0.335491
8,2.90918,0.335491
8,2.90918,0.335491
8,2.90918,0.335491
8,2.90918,0.335491
8,2.90918,0.335491
8,2.90918,0.335491
8,2.90918,0.335491
8,2.90918,0.335491
8,2.90918,0.335491
8,2.90918,0.335491
8,2.89821,0.308803
8,2.86589,0.239958
8,2.86589,0.239958
8,2.86589,0.239958
8,2.86589,0.239958
8,2.86589,0.239958
8,2.86589,0.239958
8,2.86589,0.239958
8,2.86589,0.239958
9,2.95139,0.271774
9,2.892,0.218749
9,2.892,0.218749
9,2.892,0.218749
9,2.892,0.218749
9,2.892,0.218749
9,2.892,0.218749
9,2.892,0.218749
9,2.892,0.218749
9,2.892,0.218749
9,2.892,0.218749
9,2.892,0.218749
9,2.87633,0.223032
9,2.85813,0.232936
9,2.85813,0.232936
9,2.85813,0.232936
9,2.85813,0.232936
9,2.85813,0.232936
9,2.85813,0.232936
9,2.85813,0.232936
9,2.85813,0.232936
9,2.85813,0.232936
9,2.85813,0.232936
9,2.85813,0.232936
9,2.85813,0.232936
9,2.85813,0.232936
9,2.85813,0.232936
9,2.85813,0.232936
9,2.85813,0.232936
9,2.85813,0.232936
9,2.84085,0.239781
9,2.80839,0.265556
9,2.80839,0.265556
9,2.80839,0.265556
9,2.80839,0.265556
9,2.80839,0.265556
9,2.80839,0.265556
9,2.80839,0.265556
9,2.80839,0.265556
9,2.80839,0.265556
9,2.80839,0.265556
9,2.80839,0.265556
9,2.80839,0.265556
9,2.80839,0.265556
9,2.80839,0.265556
9,2.80839,0.265556
9,2.80839,0.265556
9,2.80839,0.265556
9,2.80839,0.265556
9,2.80839,0.265556
9,2.80839,0.265556
9,2.80839,0.265556
9,2.80839,0.265556
9,2.80839,0.265556
9,2.80839,0.265556
9,2.80839,0.265556
9,2.80839,0.265556
9,2.80839,0.265556
9,2.80839,0.265556
9,2.80839,0.265556
9,2.80839,0.265556
9,2.80839,0.265556
9,2.80839,0.265556
9,2.80839,0.265556
9,2.80839,0.265556
9,2.80839,0.265556
9,2.80839,0.265556
9,2.79731,0.277522
9,2.77789,0.303251
9,2.77789,0.303251
9,2.77789,0.303251
9,2.77789,0.303251
9,2.77789,0.303251
9,2.77789,0.303251
9,2.77789,0.303251
9,2.77789,0.303251
9,2.77789,0.303251
9,2.77789,0.303251
9,2.77789,0.303251
9,2.77789,0.303251
9,2.77789,0.303251
9,2.77789,0.303251
9,2.77789,0.303251
9,2.77789,0.303251
9,2.77789,0.303251
9,2.77789,0.303251
9,2.77789,0.303251
9,2.77789,0.303251
9,2.77789,0.303251
9,2.77789,0.303251
9,2.77789,0.303251
9,2.77789,0.303251
9,2.77789,0.303251
9,2.77789,0.303251
9,2.77789,0.303251
9,2.77789,0.303251
9,2.77789,0.303251
9,2.77789,0.303251
9,2.77789,0.303251
9,2.77789,0.303251
9,2.77789,0.303251
9,2.77789,0.303251
9,2.77789,0.303251
9,2.77789,0.303251
9,2.77789,0.303251
9,2.77789,0.303251
9,2.77789,0.303251
9,2.77789,0.303251
9,2.77789,0.303251
9,2.77789,0.303251
9,2.77789,0.303251
9,2.77789,0.303251
9,2.77789,0.303251
9,2.77789,0.303251
9,2.77789,0.303251
9,2.77789,0.303251
9,2.77789,0.303251
9,2.77789,0.303251
9,2.77789,0.303251
9,2.77789,0.303251
9,2.77789,0.303251
9,2.77789,0.303251
9,2.77789,0.303251
9,2.77789,0.303251
9,2.77789,0.303251
9,2.77789,0.303251
9,2.77789,0.303251
9,2.77789,0.303251
9,2.77789,0.303251
9,2.77789,0.303251
9,2.77789,0.303251
9,2.77776,0.303165
9,2.77116,0.299265
9,2.77116,0.299265
9,2.77116,0.299265
9,2.77116,0.299265
9,2.77116,0.299265
9,2.77116,0.299265
9,2.77116,0.299265
9,2.77116,0.299265
9,2.77116,0.299265
9,2.77116,0.299265
9,2.77116,0.299265
9,2.77116,0.299265
9,2.77116,0.299265
9,2.77116,0.299265
9,2.77116,0.299265
9,2.77116,0.299265
9,2.77116,0.299265
9,2.77116,0.299265
9,2.77116,0.299265
9,2.77095,0.299377
9,2.7702,0.299769
9,2.7702,0.299769
9,2.7702,0.299769
9,2.7702,0.299769
9,2.7702,0.299769
9,2.7702,0.299769
9,2.7702,0.299769
9,2.7702,0.299769
9,2.7702,0.299769
9,2.7702,0.299769
9,2.7702,0.299769
9,2.7702,0.299769
9,2.7702,0.299769
9,2.7702,0.299769
9,2.7702,0.299769
9,2.7702,0.299769
9,2.7702,0.299769
9,2.7702,0.299769
9,2.7702,0.299769
9,2.7383,0.266018
9,2.71925,0.252497
9,2.71925,0.252497
9,2.71925,0.252497
9,2.71925,0.252497
9,2.71925,0.252497
9,2.71925,0.252497
9,2.71925,0.252497
9,2.71925,0.252497
9,2.71925,0.252497
9,2.71925,0.252497
9,2.71925,0.252497
9,2.71925,0.252497
9,2.71925,0.252497
9,2.71925,0.252497
9,2.71925,0.252497
9,2.71925,0.252497
9,2.71925,0.252497
9,2.71925,0.252497
9,2.71925,0.252497
9,2.71925,0.252497
9,2.71925,0.252497
9,2.71925,0.252497
9,2.71925,0.252497
9,2.71925,0.252497
9,2.71925,0.252497
9,2.71925,0.252497
9,2.71925,0.252497
9,2.71925,0.252497
9,2.71925,0.252497
9,2.71925,0.252497
9,2.71925,0.252497
9,2.71925,0.252497
9,2.71925,0.252497
9,2.71925,0.252497
9,2.71925,0.252497
9,2.71925,0.252497
9,2.71925,0.252497
9,2.71925,0.252497
9,2.71925,0.252497
9,2.71925,0.252497
9,2.71925,0.252497
9,2.71925,0.252497
9,2.71925,0.252497
9,2.71925,0.252497
9,2.71925,0.252497
9,2.71925,0.252497
9,2.71925,0.252497
9,2.71925,0.252497
9,2.71925,0.252497
9,2.71925,0.252497
9,2.71925,0.252497
9,2.71925,0.252497
9,2.71925,0.252497
9,2.71925,0.252497
9,2.71925,0.252497
9,2.71925,0.252497
9,2.71925,0.252497
9,2.71925,0.252497
9,2.71925,0.252497
9,2.71358,0.255191
9,2.69238,0.269814
9,2.69238,0.269814
9,2.69238,0.269814
9,2.69238,0.269814
9,2.69238,0.269814
9,2.69238,0.269814
9,2.69238,0.269814
9,2.69238,0.269814
9,2.69238,0.269814
9,2.69238,0.269814
9,2.69238,0.269814
9,2.69238,0.269814
9,2.69238,0.269814
9,2.69238,0.269814
9,2.69238,0.269814
9,2.69238,0.269814
9,2.69238,0.269814
9,2.69238,0.269814
9,2.69238,0.269814
9,2.69238,0.269814
9,2.69238,0.269814
9,2.69238,0.269814
9,2.69238,0.269814
9,2.69238,0.269814
9,2.69238,0.269814
9,2.69238,0.269814
9,2.69238,0.269814
9,2.69238,0.269814
9,2.69238,0.269814
9,2.69238,0.269814
9,2.69238,0.269814
9,2.69238,0.269814
9,2.69238,0.269814
9,2.69238,0.269814
9,2.69238,0.269814
9,2.69238,0.269814
9,2.69238,0.269814
9,2.69238,0.269814
9,2.69238,0.269814
9,2.69238,0.269814
9,2.69238,0.269814
9,2.69238,0.269814
9,2.69238,0.269814
9,2.69238,0.269814
9,2.69238,0.269814
9,2.69238,0.269814
9,2.69238,0.269814
9,2.69238,0.269814
9,2.69238,0.269814
9,2.69238,0.269814
9,2.69238,0.269814
9,2.69238,0.269814
9,2.69238,0.269814
9,2.69238,0.269814
9,2.69238,0.269814
9,2.69238,0.269814
9,2.69238,0.269814
9,2.69238,0.269814
9,2.69238,0.269814
9,2.69238,0.269814
9,2.69238,0.269814
9,2.69238,0.269814
9,2.69238,0.269814
9,2.69238,0.269814
9,2.69238,0.269814
9,2.69238,0.269814
9,2.69238,0.269814
9,2.69238,0.269814
9,2.69238,0.269814
9,2.69238,0.269814
9,2.69238,0.269814
9,2.69238,0.269814
9,2.69238,0.269814
9,2.69238,0.269814
9,2.69238,0.269814
9,2.69238,0.269814
9,2.69238,0.269814
9,2.69238,0.269814
9,2.69238,0.269814
10,2.75678,0.280157
10,2.66459,0.249781
10,2.66459,0.249781
10,2.66459,0.249781
10,2.66459,0.249781
10,2.66459,0.249781
10,2.66459,0.249781
10,2.66459,0.249781
10,2.66459,0.249781
10,2.66459,0.249781
10,2.64782,0.260467
10,2.6354,0.27164
10,2.6354,0.27164
10,2.6354,0.27164
10,2.6354,0.27164
10,2.6354,0.27164
10,2.62522,0.275257
10,2.59962,0.292592
10,2.59962,0.292592
10,2.59962,0.292592
10,2.59962,0.292592
10,2.59962,0.292592
10,2.59962,0.292592
10,2.59962,0.292592
10,2.59962,0.292592
10,2.59962,0.292592
10,2.59962,0.292592
10,2.59962,0.292592
10,2.59962,0.292592
10,2.59962,0.292592
10,2.59962,0.292592
10,2.59962,0.292592
10,2.59962,0.292592
10,2.59962,0.292592
10,2.59962,0.292592
10,2.59962,0.292592
10,2.59962,0.292592
10,2.59962,0.292592
10,2.59962,0.292592
10,2.59962,0.292592
10,2.59962,0.292592
10,2.59962,0.292592
10,2.59962,0.292592
10,2.59962,0.292592
10,2.59962,0.292592
10,2.59962,0.292592
10,2.59962,0.292592
10,2.59962,0.292592
10,2.59962,0.292592
10,2.59962,0.292592
10,2.59962,0.292592
10,2.59962,0.292592
10,2.59962,0.292592
10,2.59962,0.292592
10,2.59962,0.292592
10,2.59962,0.292592
10,2.59962,0.292592
10,2.59962,0.292592
10,2.59962,0.292592
10,2.59962,0.292592
10,2.56018,0.333165
10,2.56018,0.333165
10,2.56018,0.333165
10,2.56018,0.333165
10,2.56018,0.333165
10,2.56018,0.333165
10,2.56018,0.333165
10,2.56018,0.333165
10,2.56018,0.333165
10,2.56018,0.333165
10,2.56018,0.333165
10,2.56018,0.333165
10,2.56018,0.333165
10,2.56018,0.333165
10,2.56018,0.333165
10,2.56018,0.333165
10,2.56018,0.333165
10,2.56018,0.333165
10,2.56018,0.333165
10,2.56018,0.333165
10,2.56018,0.333165
10,2.5601,0.333082
10,2.5601,0.333082
10,2.5601,0.333082
10,2.5601,0.333082
10,2.5601,0.333082
10,2.5601,0.333082
10,2.5601,0.333082
10,2.5601,0.333082
10,2.5601,0.333082
10,2.5601,0.333082
10,2.5601,0.333082
10,2.5601,0.333082
10,2.5601,0.333082
10,2.5601,0.333082
10,2.5601,0.333082
10,2.5601,0.333082
10,2.5601,0.333082
10,2.5601,0.333082
10,2.5601,0.333082
10,2.5601,0.333082
10,2.5601,0.333082
10,2.49874,0.212646
10,2.4661,0.17619
10,2.4661,0.17619
10,2.4661,0.17619
10,2.4661,0.17619
10,2.4661,0.17619
10,2.4661,0.17619
10,2.4661,0.17619
10,2.4661,0.17619
10,2.4661,0.17619
10,2.4661,0.17619
10,2.4661,0.17619
10,2.4661,0.17619
10,2.4661,0.17619
10,2.4661,0.17619
10,2.4661,0.17619
10,2.4661,0.17619
10,2.4661,0.17619
10,2.46557,0.176549
10,2.46394,0.177684
10,2.46394,0.177684
10,2.46394,0.177684
10,2.46394,0.177684
10,2.46394,0.177684
10,2.46394,0.177684
10,2.46394,0.177684
10,2.46394,0.177684
10,2.46394,0.177684
10,2.46394,0.177684
10,2.46394,0.177684
10,2.46394,0.177684
10,2.46394,0.177684
10,2.46394,0.177684
10,2.46394,0.177684
10,2.46394,0.177684
10,2.46394,0.177684
10,2.46394,0.177684
10,2.46394,0.177684
10,2.46394,0.177684
10,2.46394,0.177684
10,2.46394,0.177684
10,2.46394,0.177684
10,2.46394,0.177684
10,2.46394,0.177684
10,2.46394,0.177684
10,2.46394,0.177684
10,2.46394,0.177684
10,2.46394,0.177684
10,2.46394,0.177684
10,2.46394,0.177684
10,2.46394,0.177684
10,2.46394,0.177684
10,2.46394,0.177684
10,2.46394,0.177684
10,2.46394,0.177684
10,2.46394,0.177684
10,2.46394,0.177684
10,2.46394,0.177684
10,2.44676,0.166701
10,2.4332,0.161786
10,2.4332,0.161786
10,2.4332,0.161786
10,2.4332,0.161786
10,2.4332,0.161786
10,2.4332,0.161786
10,2.4332,0.161786
10,2.4332,0.161786
10,2.4332,0.161786
10,2.4332,0.161786
10,2.4332,0.161786
10,2.4332,0.161786
10,2.4332,0.161786
10,2.4332,0.161786
10,2.4332,0.161786
10,2.4332,0.161786
10,2.4332,0.161786
10,2.4332,0.161786
10,2.4332,0.161786
10,2.36229,0.123609
10,2.35318,0.125264
10,2.35318,0.125264
10,2.35318,0.125264
10,2.35318,0.125264
10,2.35318,0.125264
10,2.35318,0.125264
10,2.35318,0.125264
10,2.35318,0.125264
10,2.35318,0.125264
10,2.35318,0.125264
10,2.35318,0.125264
10,2.35318,0.125264
10,2.35318,0.125264
10,2.35318,0.125264
10,2.35318,0.125264
10,2.35318,0.125264
10,2.35318,0.125264
10,2.35318,0.125264
10,2.35318,0.125264
10,2.35318,0.125264
10,2.35318,0.125264
10,2.35318,0.125264
10,2.35318,0.125264
10,2.35318,0.125264
10,2.35318,0.125264
10,2.35318,0.125264
10,2.35318,0.125264
10,2.35318,0.125264
10,2.35318,0.125264
10,2.35318,0.125264
10,2.35318,0.125264
10,2.35318,0.125264
10,2.35318,0.125264
10,2.35318,0.125264
10,2.35318,0.125264
10,2.35318,0.125264
10,2.35318,0.125264
10,2.35318,0.125264
10,2.35318,0.125264
10,2.35318,0.125264
10,2.35318,0.125264
10,2.35318,0.125264
10,2.35318,0.125264
10,2.35318,0.125264
10,2.35318,0.125264
10,2.35318,0.125264
10,2.35318,0.125264
10,2.35318,0.125264
10,2.35318,0.125264
10,2.35318,0.125264
10,2.35318,0.125264
10,2.35318,0.125264
10,2.35318,0.125264
10,2.35318,0.125264
10,2.35318,0.125264
10,2.35318,0.125264
10,2.35318,0.125264
10,2.35318,0.125264
10,2.35318,0.125264
10,2.35303,0.125291
10,2.35172,0.12554
10,2.34489,0.125102
10,2.34158,0.125192
10,2.34158,0.125192
10,2.34158,0.125192
10,2.34158,0.125192
10,2.34158,0.125192
10,2.34158,0.125192
10,2.34158,0.125192
10,2.34158,0.125192
10,2.34158,0.125192
10,2.34158,0.125192
10,2.34158,0.125192
10,2.34158,0.125192
10,2.34158,0.125192
10,2.34158,0.125192
10,2.34158,0.125192
10,2.34158,0.125192
10,2.34158,0.125192
10,2.34158,0.125192
10,2.34158,0.125192
10,2.34158,0.125192
10,2.34158,0.125192
10,2.34158,0.125192
10,2.34158,0.125192
10,2.34158,0.125192
10,2.34158,0.125192
10,2.34158,0.125192
10,2.34158,0.125192
10,2.34158,0.125192
10,2.34158,0.125192
10,2.34158,0.125192
10,2.34158,0.125192
10,2.34158,0.125192
10,2.34158,0.125192
10,2.34158,0.125192
10,2.34158,0.125192
10,2.34158,0.125192
10,2.34158,0.125192
10,2.33957,0.124534
10,2.32178,0.120673
10,2.32178,0.120673
10,2.32178,0.120673
10,2.32178,0.120673
10,2.32178,0.120673
10,2.32178,0.120673
10,2.32178,0.120673
10,2.32178,0.120673
10,2.32178,0.120673
10,2.32178,0.120673
10,2.32178,0.120673
10,2.32178,0.120673
10,2.32178,0.120673
10,2.32178,0.120673
10,2.32178,0.120673
10,2.32178,0.120673
10,2.32178,0.120673
10,2.32178,0.120673
10,2.32178,0.120673
10,2.32178,0.120673
10,2.32178,0.120673
10,2.32178,0.120673
10,2.32178,0.120673
10,2.32178,0.120673
10,2.32178,0.120673
10,2.32178,0.120673
10,2.32178,0.120673
10,2.32178,0.120673
10,2.32178,0.120673
10,2.32178,0.120673
10,2.32178,0.120673
10,2.32178,0.120673
10,2.32178,0.120673
10,2.32178,0.120673
10,2.32178,0.120673
10,2.32178,0.120673
10,2.32178,0.120673
10,2.32178,0.120673
10,2.32178,0.120673
10,2.29751,0.127633
10,2.29633,0.128243
10,2.29633,0.128243
10,2.29633,0.128243
10,2.29633,0.128243
10,2.29633,0.128243
10,2.29633,0.128243
10,2.29633,0.128243
10,2.29633,0.128243
10,2.29633,0.128243
10,2.29633,0.128243
10,2.29633,0.128243
10,2.29633,0.128243
10,2.29633,0.128243
10,2.29633,0.128243
10,2.29633,0.128243
10,2.29633,0.128243
10,2.29633,0.128243
10,2.29633,0.128243
10,2.29633,0.128243
10,2.2938,0.127873
10,2.29142,0.127629
10,2.29142,0.127629
10,2.29142,0.127629
10,2.29142,0.127629
10,2.29142,0.127629
10,2.29142,0.127629
10,2.29142,0.127629
10,2.29142,0.127629
10,2.29142,0.127629
10,2.29142,0.127629
10,2.29142,0.127629
10,2.29142,0.127629
10,2.29142,0.127629
10,2.29142,0.127629
10,2.29142,0.127629
10,2.29142,0.127629
10,2.29142,0.127629
10,2.29142,0.127629
10,2.29142,0.127629
10,2.29142,0.127629
10,2.29142,0.127629
10,2.29142,0.127629
10,2.29142,0.127629
10,2.29142,0.127629
10,2.29142,0.127629
10,2.29142,0.127629
10,2.29142,0.127629
10,2.29142,0.127629
10,2.29142,0.127629
10,2.29142,0.127629
10,2.29142,0.127629
10,2.29142,0.127629
10,2.29142,0.127629
10,2.29142,0.127629
10,2.29142,0.127629
10,2.29142,0.127629
10,2.29142,0.127629
10,2.29142,0.127629
10,2.29142,0.127629
10,2.29142,0.127629
10,2.29142,0.127629
10,2.29142,0.127629
10,2.29142,0.127629
10,2.29142,0.127629
10,2.29142,0.127629
10,2.29142,0.127629
10,2.29142,0.127629
10,2.29142,0.127629
10,2.29142,0.127629
10,2.29142,0.127629
10,2.29142,0.127629
10,2.29142,0.127629
10,2.29142,0.127629
10,2.29142,0.127629
10,2.29142,0.127629
10,2.29142,0.127629
10,2.29142,0.127629
10,2.29142,0.127629
10,2.29142,0.127629
10,2.29142,0.127629
10,2.29142,0.127629
10,2.29142,0.127629
10,2.29142,0.127629
10,2.29142,0.127629
10,2.29142,0.127629
10,2.29142,0.127629
10,2.29142,0.127629
10,2.29142,0.127629
10,2.29142,0.127629
10,2.29142,0.127629
10,2.29142,0.127629
10,2.29142,0.127629
10,2.29142,0.127629
10,2.29142,0.127629
10,2.29142,0.127629
10,2.29142,0.127629
10,2.29142,0.127629
10,2.29142,0.127629
10,2.29142,0.127629
10,2.28241,0.127631
10,2.26684,0.131079
10,2.26684,0.131079
10,2.26684,0.131079
10,2.26684,0.131079
10,2.26684,0.131079
10,2.26684,0.131079
10,2.26684,0.131079
10,2.26684,0.131079
10,2.26684,0.131079
10,2.26684,0.131079
10,2.26684,0.131079
10,2.26684,0.131079
10,2.26684,0.131079
10,2.26684,0.131079
10,2.26684,0.131079
10,2.26684,0.131079
10,2.26684,0.131079
10,2.26684,0.131079
10,2.26684,0.131079
10,2.25974,0.120563
10,2.24861,0.105902
10,2.24861,0.105902
10,2.24861,0.105902
10,2.24861,0.105902
10,2.24861,0.105902
10,2.24861,0.105902
10,2.24861,0.105902
10,2.24861,0.105902
10,2.24861,0.105902
10,2.24861,0.105902
10,2.24861,0.105902
10,2.24861,0.105902
10,2.24861,0.105902
10,2.24861,0.105902
10,2.24861,0.105902
10,2.24861,0.105902
10,2.24861,0.105902
10,2.24861,0.105902
10,2.24861,0.105902
10,2.24861,0.105902
10,2.24861,0.105902
10,2.24861,0.105902
10,2.24861,0.105902
10,2.24861,0.105902
10,2.24861,0.105902
10,2.24861,0.105902
10,2.24861,0.105902
10,2.24861,0.105902
10,2.24861,0.105902
10,2.24861,0.105902
10,2.24861,0.105902
10,2.24861,0.105902
10,2.24861,0.105902
10,2.24861,0.105902
10,2.24861,0.105902
10,2.24861,0.105902
10,2.24861,0.105902
10,2.24861,0.105902
10,2.24861,0.105902
10,2.24861,0.105902
10,2.24861,0.105902
10,2.24861,0.105902
10,2.24861,0.105902
10,2.24861,0.105902
10,2.24861,0.105902
10,2.24861,0.105902
10,2.24861,0.105902
10,2.24861,0.105902
10,2.24861,0.105902
10,2.24861,0.105902
10,2.24861,0.105902
10,2.24861,0.105902
10,2.24861,0.105902
10,2.24861,0.105902
10,2.24861,0.105902
10,2.24861,0.105902
10,2.24861,0.105902
10,2.24861,0.105902
10,2.24861,0.105902
10,2.24861,0.105902
10,2.24861,0.105902
10,2.24861,0.105902
10,2.24861,0.105902
10,2.24861,0.105902
10,2.24861,0.105902
10,2.24861,0.105902
10,2.24861,0.105902
10,2.24861,0.105902
10,2.24861,0.105902
10,2.24861,0.105902
10,2.24861,0.105902
10,2.24861,0.105902
10,2.24861,0.105902
10,2.24861,0.105902
10,2.24861,0.105902
10,2.24861,0.105902
10,2.24861,0.105902
10,2.24861,0.105902
10,2.24861,0.105902
10,2.24861,0.105902
10,2.24861,0.105902
10,2.24861,0.105902
10,2.24861,0.105902
10,2.24861,0.105902
10,2.24861,0.105902
10,2.24861,0.105902
10,2.24861,0.105902
10,2.24861,0.105902
10,2.24861,0.105902
10,2.24861,0.105902
10,2.24861,0.105902
10,2.24861,0.105902
10,2.24861,0.105902
10,2.24861,0.105902
10,2.24861,0.105902
10,2.24861,0.105902
10,2.24861,0.105902
10,2.24861,0.105902
10,2.24861,0.105902
10,2.22923,0.115582
10,2.22805,0.11639
10,2.22805,0.11639
10,2.22805,0.11639
10,2.22805,0.11639
10,2.22805,0.11639
10,2.22805,0.11639
10,2.22805,0.11639
10,2.22805,0.11639
10,2.22805,0.11639
10,2.22805,0.11639
10,2.22805,0.11639
10,2.22805,0.11639
10,2.22805,0.11639
10,2.22805,0.11639
10,2.22805,0.11639
10,2.22805,0.11639
10,2.22805,0.11639
10,2.22805,0.11639
10,2.22805,0.11639
10,2.22372,0.117598
10,2.22158,0.118321
10,2.22158,0.118321
10,2.22158,0.118321
10,2.22158,0.118321
10,2.22158,0.118321
10,2.22158,0.118321
10,2.22158,0.118321
10,2.22158,0.118321
10,2.22158,0.118321
10,2.22158,0.118321
10,2.22158,0.118321
10,2.22158,0.118321
10,2.22158,0.118321
10,2.22158,0.118321
10,2.22158,0.118321
10,2.22158,0.118321
10,2.22158,0.118321
10,2.22158,0.118321
10,2.22158,0.118321
10,2.22158,0.118321
10,2.22158,0.118321
10,2.22158,0.118321
10,2.22158,0.118321
10,2.22158,0.118321
10,2.22158,0.118321
10,2.22158,0.118321
10,2.22158,0.118321
10,2.22158,0.118321
10,2.22158,0.118321
10,2.22158,0.118321
10,2.22158,0.118321
10,2.22158,0.118321
10,2.22158,0.118321
10,2.22158,0.118321
10,2.22158,0.118321
10,2.22158,0.118321
10,2.22158,0.118321
10,2.22158,0.118321
10,2.22158,0.118321
10,2.22158,0.118321
10,2.22158,0.118321
10,2.22158,0.118321
10,2.22158,0.118321
10,2.22158,0.118321
10,2.22158,0.118321
10,2.22158,0.118321
10,2.22158,0.118321
10,2.22158,0.118321
10,2.22158,0.118321
10,2.22158,0.118321
10,2.22158,0.118321
10,2.22158,0.118321
10,2.22158,0.118321
10,2.22158,0.118321
10,2.22158,0.118321
10,2.22158,0.118321
10,2.22158,0.118321
10,2.22158,0.118321
10,2.22158,0.118321
10,2.22158,0.118321
10,2.22158,0.118321
10,2.22158,0.118321
10,2.22158,0.118321
10,2.22158,0.118321
10,2.22158,0.118321
10,2.22158,0.118321
10,2.22158,0.118321
10,2.22158,0.118321
10,2.22158,0.118321
10,2.22158,0.118321
10,2.22158,0.118321
10,2.22158,0.118321
10,2.22158,0.118321
10,2.22158,0.118321
10,2.22158,0.118321
10,2.22158,0.118321
10,2.22158,0.118321
10,2.22158,0.118321
10,2.22158,0.118321
10,2.22158,0.118321
10,2.22158,0.118321
10,2.22158,0.118321
10,2.22158,0.118321
10,2.22158,0.118321
10,2.22158,0.118321
10,2.22158,0.118321
10,2.22158,0.118321
10,2.22158,0.118321
10,2.22158,0.118321
10,2.22158,0.118321
10,2.22158,0.118321
10,2.22158,0.118321
10,2.22158,0.118321
10,2.22158,0.118321
10,2.22158,0.118321
10,2.22158,0.118321
10,2.22158,0.118321
10,2.22158,0.118321
10,2.22158,0.118321
10,2.22158,0.118321
10,2.22158,0.118321
10,2.22158,0.118321
10,2.22158,0.118321
10,2.22158,0.118321
10,2.22158,0.118321
10,2.22158,0.118321
10,2.22158,0.118321
10,2.22158,0.118321
10,2.22158,0.118321
10,2.22158,0.118321
10,2.22158,0.118321
10,2.22158,0.118321
10,2.22158,0.118321
10,2.22158,0.118321
10,2.22158,0.118321
10,2.22158,0.118321
10,2.22158,0.118321
10,2.22158,0.118321
10,2.22158,0.118321
10,2.22158,0.118321
10,2.22158,0.118321
10,2.22158,0.118321
10,2.22158,0.118321
10,2.22158,0.118321
10,2.22158,0.118321
10,2.22158,0.118321
10,2.22158,0.118321
10,2.22158,0.118321
10,2.22158,0.118321
10,2.22158,0.118321
10,2.22158,0.118321
10,2.22158,0.118321
10,2.22158,0.118321
10,2.22158,0.118321
10,2.22158,0.118321
10,2.22158,0.118321
10,2.22158,0.118321
10,2.22158,0.118321
10,2.22158,0.118321
10,2.22158,0.118321
10,2.22158,0.118321
10,2.22158,0.118321
10,2.22158,0.118321
10,2.22158,0.118321
10,2.22158,0.118321
10,2.22158,0.118321
10,2.22158,0.118321
10,2.22158,0.118321
10,2.22158,0.118321
10,2.22158,0.118321
10,2.22158,0.118321
10,2.22158,0.118321
10,2.22158,0.118321
10,2.22158,0.118321
10,2.22158,0.118321
10,2.22158,0.118321
10,2.22158,0.118321
10,2.22158,0.118321
10,2.22158,0.118321
10,2.19097,0.0878467
10,2.17784,0.079944
10,2.17784,0.079944
10,2.17784,0.079944
10,2.17784,0.079944
10,2.17784,0.079944
10,2.17784,0.079944
10,2.17784,0.079944
10,2.17784,0.079944
10,2.17784,0.079944
10,2.17784,0.079944
10,2.17784,0.079944
10,2.17784,0.079944
10,2.17784,0.079944
10,2.17784,0.079944
10,2.17784,0.079944
10,2.17784,0.079944
10,2.17784,0.079944
10,2.17784,0.079944
10,2.17784,0.079944
10,2.17784,0.079944
10,2.17784,0.079944
10,2.17784,0.079944
10,2.17784,0.079944
10,2.17784,0.079944
10,2.17784,0.079944
10,2.17784,0.079944
10,2.17784,0.079944
10,2.17784,0.079944
10,2.17784,0.079944
10,2.17784,0.079944
10,2.17784,0.079944
10,2.17784,0.079944
10,2.17784,0.079944
10,2.17784,0.079944
10,2.17784,0.079944
10,2.17784,0.079944
10,2.17784,0.079944
10,2.17784,0.079944
10,2.17784,0.079944
10,2.17784,0.079944
10,2.17784,0.079944
10,2.17784,0.079944
10,2.17784,0.079944
10,2.17784,0.079944
10,2.17784,0.079944
10,2.17784,0.079944
10,2.17784,0.079944
10,2.17784,0.079944
10,2.17784,0.079944
10,2.17784,0.079944
10,2.17784,0.079944
10,2.17784,0.079944
10,2.17784,0.079944
10,2.17784,0.079944
10,2.17784,0.079944
10,2.17784,0.079944
10,2.17784,0.079944
10,2.17784,0.079944
10,2.17784,0.079944
10,2.17784,0.079944
10,2.17784,0.079944
10,2.17784,0.079944
10,2.17784,0.079944
10,2.17784,0.079944
10,2.17784,0.079944
10,2.17784,0.079944
10,2.17784,0.079944
10,2.17784,0.079944
10,2.17784,0.079944
10,2.17784,0.079944
10,2.17784,0.079944
10,2.17784,0.079944
10,2.17784,0.079944
10,2.17784,0.079944
10,2.17784,0.079944
10,2.17784,0.079944
10,2.17784,0.079944
10,2.17784,0.079944
10,2.17784,0.079944
10,2.17784,0.079944
10,2.17784,0.079944
10,2.17784,0.079944
10,2.17784,0.079944
10,2.17784,0.079944
10,2.17784,0.079944
10,2.17784,0.079944
10,2.17784,0.079944
10,2.17784,0.079944
10,2.17784,0.079944
10,2.17784,0.079944
10,2.17784,0.079944
10,2.17784,0.079944
10,2.17784,0.079944
10,2.17784,0.079944
10,2.17784,0.079944
10,2.17784,0.079944
10,2.17784,0.079944
10,2.17784,0.079944
10,2.17784,0.079944
10,2.17784,0.079944
10,2.17784,0.079944
10,2.17784,0.079944
10,2.17784,0.079944
10,2.17784,0.079944
10,2.17784,0.079944
10,2.17784,0.079944
10,2.17784,0.079944
10,2.17784,0.079944
10,2.17784,0.079944
10,2.17784,0.079944
10,2.17784,0.079944
10,2.17784,0.079944
10,2.17784,0.079944
10,2.17784,0.079944
10,2.17784,0.079944
10,2.17784,0.079944
10,2.17784,0.079944
10,2.17784,0.079944
10,2.17784,0.079944
10,2.17784,0.079944
10,2.17784,0.079944
10,2.17784,0.079944
10,2.17784,0.079944
10,2.17784,0.079944
10,2.17784,0.079944
10,2.17784,0.079944
10,2.17784,0.079944
10,2.17784,0.079944
10,2.17784,0.079944
10,2.17784,0.079944
10,2.17784,0.079944
10,2.17784,0.079944
10,2.17784,0.079944
10,2.17784,0.079944
10,2.17784,0.079944
10,2.17784,0.079944
10,2.17784,0.079944
10,2.17784,0.079944
10,2.17784,0.079944
10,2.17784,0.079944
10,2.17784,0.079944
10,2.17784,0.079944
10,2.17784,0.079944
10,2.17784,0.079944
10,2.17784,0.079944
10,2.17784,0.079944
10,2.17784,0.079944
10,2.17784,0.079944
10,2.17784,0.079944
10,2.17784,0.079944
10,2.17784,0.079944
10,2.17784,0.079944
10,2.17784,0.079944
10,2.17784,0.079944
10,2.17784,0.079944
10,2.17784,0.079944
10,2.17784,0.079944
10,2.17784,0.079944
10,2.17784,0.079944
10,2.17784,0.079944
10,2.17784,0.079944
10,2.17784,0.079944
10,2.17784,0.079944
10,2.17784,0.079944
10,2.17784,0.079944
10,2.17784,0.079944
10,2.17784,0.079944
10,2.17784,0.079944
10,2.17784,0.079944
10,2.17784,0.079944
10,2.17784,0.079944
10,2.17784,0.079944
10,2.17784,0.079944
10,2.17784,0.079944
10,2.17784,0.079944
10,2.17784,0.079944
10,2.17784,0.079944
10,2.17784,0.079944
10,2.17784,0.079944
10,2.17784,0.079944
10,2.17784,0.079944
10,2.17784,0.079944
10,2.17784,0.079944
10,2.17784,0.079944
10,2.17784,0.079944
10,2.17784,0.079944
10,2.17784,0.079944
10,2.17784,0.079944
10,2.01607,0.0890411
10,2.01219,0.0950515
10,2.01219,0.0950515
10,2.01219,0.0950515
10,2.01219,0.0950515
10,2.01219,0.0950515
10,2.01219,0.0950515
10,2.01219,0.0950515
10,2.01219,0.0950515
10,2.01219,0.0950515
10,2.01219,0.0950515
10,2.01219,0.0950515
10,2.01219,0.0950515
10,2.01219,0.0950515
10,2.01219,0.0950515
10,2.01219,0.0950515
10,2.01219,0.0950515
10,2.01219,0.0950515
10,2.01219,0.0950515
10,2.01219,0.0950515
10,2.01219,0.0950515
10,2.01219,0.0950515
10,2.01219,0.0950515
10,2.01219,0.0950515
10,2.01219,0.0950515
10,2.01219,0.0950515
10,2.01219,0.0950515
10,2.01219,0.0950515
10,2.01219,0.0950515
10,2.01219,0.0950515
10,2.01219,0.0950515
10,2.01219,0.0950515
10,2.00788,0.0964586
10,2.00788,0.0964586
10,2.00788,0.0964586
10,2.00788,0.0964586
10,2.00788,0.0964586
10,2.00788,0.0964586
10,2.00788,0.0964586
10,2.00788,0.0964586
10,2.00788,0.0964586
10,2.00788,0.0964586
10,2.00788,0.0964586
10,2.00788,0.0964586
10,2.00788,0.0964586
10,2.00788,0.0964586
10,2.00788,0.0964586
10,2.00788,0.0964586
10,2.00788,0.0964586
10,2.00788,0.0964586
10,2.00788,0.0964586
10,2.00788,0.0964586
10,2.00788,0.0964586
10,2.00788,0.0964586
10,2.00788,0.0964586
10,2.00788,0.0964586
10,2.00788,0.0964586
10,2.00788,0.0964586
10,1.99135,0.0852977
10,1.96824,0.0779446
10,1.96824,0.0779446
10,1.96824,0.0779446
10,1.96824,0.0779446
10,1.96824,0.0779446
10,1.96824,0.0779446
10,1.96824,0.0779446
10,1.96824,0.0779446
10,1.96824,0.0779446
10,1.96824,0.0779446
10,1.96824,0.0779446
10,1.96824,0.0779446
10,1.96824,0.0779446
10,1.96824,0.0779446
10,1.96824,0.0779446
10,1.96824,0.0779446
10,1.96824,0.0779446
10,1.96824,0.0779446
10,1.96824,0.0779446
10,1.96824,0.0779446
10,1.94174,0.0692882
10,1.93683,0.0690714
10,1.93683,0.0690714
10,1.93683,0.0690714
10,1.93683,0.0690714
10,1.93683,0.0690714
10,1.93683,0.0690714
10,1.93683,0.0690714
10,1.93683,0.0690714
10,1.93683,0.0690714
10,1.93377,0.0735326
10,1.93105,0.0776329
10,1.93105,0.0776329
10,1.93105,0.0776329
10,1.93105,0.0776329
10,1.93105,0.0776329
10,1.93105,0.0776329
10,1.93105,0.0776329
10,1.93105,0.0776329
10,1.93105,0.0776329
10,1.93105,0.0776329
10,1.93105,0.0776329
10,1.93105,0.0776329
10,1.93105,0.0776329
10,1.93105,0.0776329
10,1.93105,0.0776329
10,1.93105,0.0776329
10,1.93105,0.0776329
10,1.93105,0.0776329
10,1.93105,0.0776329
10,1.93105,0.0776329
10,1.93105,0.0776329
10,1.93105,0.0776329
10,1.93105,0.0776329
10,1.93105,0.0776329
10,1.93105,0.0776329
10,1.93105,0.0776329
10,1.93105,0.0776329
10,1.93105,0.0776329
10,1.93105,0.0776329
10,1.93105,0.0776329
10,1.93105,0.0776329
10,1.93105,0.0776329
10,1.93105,0.0776329
10,1.93105,0.0776329
10,1.93105,0.0776329
10,1.93105,0.0776329
10,1.93105,0.0776329
10,1.93105,0.0776329
10,1.93105,0.0776329
10,1.93105,0.0776329
10,1.93105,0.0776329
10,1.92285,0.0765641
10,1.92096,0.0764898
10,1.92096,0.0764898
10,1.92096,0.0764898
10,1.92096,0.0764898
10,1.92096,0.0764898
10,1.92096,0.0764898
10,1.92096,0.0764898
10,1.92096,0.0764898
10,1.92096,0.0764898
10,1.92096,0.0764898
10,1.92096,0.0764898
10,1.92096,0.0764898
10,1.92096,0.0764898
10,1.92096,0.0764898
10,1.92096,0.0764898
10,1.92096,0.0764898
10,1.92096,0.0764898
10,1.92096,0.0764898
10,1.92096,0.0764898
10,1.9207,0.0768828
10,1.92061,0.0770166
10,1.92061,0.0770166
10,1.92061,0.0770166
10,1.92061,0.0770166
10,1.92061,0.0770166
10,1.92061,0.0770166
10,1.92061,0.0770166
10,1.92061,0.0770166
10,1.92061,0.0770166
10,1.92061,0.0770166
10,1.92061,0.0770166
10,1.92061,0.0770166
10,1.92061,0.0770166
10,1.92061,0.0770166
10,1.92061,0.0770166
10,1.92061,0.0770166
10,1.92061,0.0770166
10,1.92061,0.0770166
10,1.92061,0.0770166
10,1.92061,0.0770166
10,1.92061,0.0770166
10,1.92061,0.0770166
10,1.92061,0.0770166
10,1.92061,0.0770166
10,1.92061,0.0770166
10,1.92061,0.0770166
10,1.92061,0.0770166
10,1.92061,0.0770166
10,1.92061,0.0770166
10,1.92061,0.0770166
10,1.92061,0.0770166
10,1.92061,0.0770166
10,1.92061,0.0770166
10,1.92061,0.0770166
10,1.92061,0.0770166
10,1.92061,0.0770166
10,1.92061,0.0770166
10,1.92061,0.0770166
10,1.92061,0.0770166
10,1.92061,0.0770166
10,1.92061,0.0770166
10,1.92061,0.0770166
10,1.92061,0.0770166
10,1.92061,0.0770166
10,1.92061,0.0770166
10,1.92061,0.0770166
10,1.92061,0.0770166
10,1.92061,0.0770166
10,1.92061,0.0770166
10,1.92061,0.0770166
10,1.92061,0.0770166
10,1.92061,0.0770166
10,1.92061,0.0770166
10,1.92061,0.0770166
10,1.92061,0.0770166
10,1.92061,0.0770166
10,1.92061,0.0770166
10,1.92061,0.0770166
10,1.92061,0.0770166
10,1.91357,0.0742897
10,1.90924,0.0730573
10,1.90924,0.0730573
10,1.90924,0.0730573
10,1.90924,0.0730573
10,1.90924,0.0730573
10,1.90924,0.0730573
10,1.90924,0.0730573
10,1.90924,0.0730573
10,1.90924,0.0730573
10,1.90924,0.0730573
10,1.90924,0.0730573
10,1.90924,0.0730573
10,1.90924,0.0730573
10,1.90924,0.0730573
10,1.90853,0.0729002
10,1.8948,0.071639
10,1.8948,0.071639
10,1.8948,0.071639
10,1.8948,0.071639
10,1.8948,0.071639
10,1.8948,0.071639
10,1.8948,0.071639
10,1.8948,0.071639
10,1.8948,0.071639
10,1.8948,0.071639
10,1.8948,0.071639
10,1.8948,0.071639
10,1.8948,0.071639
10,1.8948,0.071639
10,1.8948,0.071639
10,1.8948,0.071639
10,1.8948,0.071639
10,1.8948,0.071639
10,1.8948,0.071639
10,1.8948,0.071639
10,1.8948,0.071639
10,1.8948,0.071639
10,1.8948,0.071639
10,1.8948,0.071639
10,1.8948,0.071639
10,1.8948,0.071639
10,1.8948,0.071639
10,1.8948,0.071639
10,1.8948,0.071639
10,1.8948,0.071639
10,1.8948,0.071639
10,1.8948,0.071639
10,1.8948,0.071639
10,1.8948,0.071639
10,1.8948,0.071639
10,1.8948,0.071639
10,1.8948,0.071639
10,1.8948,0.071639
10,1.8948,0.071639
10,1.8948,0.071639
10,1.8948,0.071639
10,1.8948,0.071639
10,1.8948,0.071639
10,1.8948,0.071639
10,1.8948,0.071639
10,1.8948,0.071639
10,1.8948,0.071639
10,1.8948,0.071639
10,1.8948,0.071639
10,1.8948,0.071639
10,1.8948,0.071639
10,1.8948,0.071639
10,1.8948,0.071639
10,1.8948,0.071639
10,1.8948,0.071639
10,1.8948,0.071639
10,1.8948,0.071639
10,1.8948,0.071639
10,1.8948,0.071639
10,1.8948,0.071639
10,1.8948,0.071639
10,1.8948,0.071639
10,1.8948,0.071639
10,1.8948,0.071639
10,1.8948,0.071639
10,1.8948,0.071639
10,1.8948,0.071639
10,1.8948,0.071639
10,1.8948,0.071639
10,1.8948,0.071639
10,1.8948,0.071639
10,1.8948,0.071639
10,1.8948,0.071639
10,1.8948,0.071639
10,1.8948,0.071639
10,1.8948,0.071639
10,1.8948,0.071639
10,1.8948,0.071639
10,1.8948,0.071639
10,1.8948,0.071639
10,1.8948,0.071639
10,1.8948,0.071639
10,1.8948,0.071639
10,1.8948,0.071639
10,1.8948,0.071639
10,1.8948,0.071639
10,1.8948,0.071639
10,1.8948,0.071639
10,1.8948,0.071639
10,1.8948,0.071639
10,1.8948,0.071639
10,1.8948,0.071639
10,1.8948,0.071639
10,1.8948,0.071639
10,1.8948,0.071639
10,1.8948,0.071639
10,1.8948,0.071639
10,1.8948,0.071639
10,1.8948,0.071639
10,1.8948,0.071639
10,1.8948,0.071639
10,1.8948,0.071639
10,1.8948,0.071639
10,1.8948,0.071639
10,1.8948,0.071639
10,1.8948,0.071639
10,1.8948,0.071639
10,1.8948,0.071639
10,1.8948,0.071639
10,1.8948,0.071639
10,1.8948,0.071639
10,1.8948,0.071639
10,1.8948,0.071639
10,1.8948,0.071639
10,1.8948,0.071639
10,1.8948,0.071639
10,1.8948,0.071639
10,1.8948,0.071639
10,1.8948,0.071639
10,1.8948,0.071639
10,1.8948,0.071639
10,1.8948,0.071639
10,1.8948,0.071639
10,1.8948,0.071639
10,1.8948,0.071639
10,1.8948,0.071639
10,1.8948,0.071639
10,1.8948,0.071639
10,1.8948,0.071639
10,1.8948,0.071639
10,1.8948,0.071639
10,1.8948,0.071639
10,1.8948,0.071639
10,1.8948,0.071639
10,1.8948,0.071639
10,1.8948,0.071639
10,1.8948,0.071639
10,1.8948,0.071639
10,1.8948,0.071639
10,1.8948,0.071639
10,1.8948,0.071639
10,1.8948,0.071639
10,1.8948,0.071639
10,1.8948,0.071639
10,1.8948,0.071639
10,1.8948,0.071639
10,1.8948,0.071639
10,1.8948,0.071639
10,1.8948,0.071639
10,1.8948,0.071639
10,1.8948,0.071639
10,1.8948,0.071639
10,1.8948,0.071639
10,1.8948,0.071639
10,1.8948,0.071639
10,1.8948,0.071639
10,1.8948,0.071639
10,1.8948,0.071639
10,1.8948,0.071639
10,1.8948,0.071639
10,1.8948,0.071639
10,1.8948,0.071639
10,1.8948,0.071639
10,1.8948,0.071639
10,1.8948,0.071639
10,1.8948,0.071639
10,1.8948,0.071639
10,1.8948,0.071639
10,1.8948,0.071639
10,1.8948,0.071639
10,1.8948,0.071639
10,1.8948,0.071639
10,1.8948,0.071639
10,1.8948,0.071639
10,1.8948,0.071639
10,1.8948,0.071639
10,1.8948,0.071639
10,1.8948,0.071639
10,1.8948,0.071639
10,1.8948,0.071639
10,1.8948,0.071639
10,1.8948,0.071639
10,1.8948,0.071639
10,1.8948,0.071639
10,1.8948,0.071639
10,1.8948,0.071639
10,1.8948,0.071639
10,1.8948,0.071639
10,1.8948,0.071639
10,1.8948,0.071639
10,1.8948,0.071639
10,1.8948,0.071639
10,1.8948,0.071639
10,1.8948,0.071639
10,1.8948,0.071639
10,1.8948,0.071639
10,1.8948,0.071639
10,1.8948,0.071639
10,1.8948,0.071639
10,1.8948,0.071639
10,1.8948,0.071639
10,1.8948,0.071639
10,1.8948,0.071639
10,1.8948,0.071639
10,1.8948,0.071639
10,1.8948,0.071639
10,1.8948,0.071639
10,1.8948,0.071639
10,1.8948,0.071639
10,1.8948,0.071639
10,1.8948,0.071639
10,1.8948,0.071639
10,1.8948,0.071639
10,1.8948,0.071639
10,1.8948,0.071639
10,1.8948,0.071639
10,1.8948,0.071639
10,1.8948,0.071639
10,1.8948,0.071639
10,1.8948,0.071639
10,1.8948,0.071639
10,1.8948,0.071639
10,1.8948,0.071639
10,1.8948,0.071639
10,1.8948,0.071639
10,1.8948,0.071639
10,1.8948,0.071639
10,1.8948,0.071639
10,1.8948,0.071639
10,1.8948,0.071639
10,1.8948,0.071639
10,1.8948,0.071639
10,1.8948,0.071639
10,1.8948,0.071639
10,1.8948,0.071639
10,1.8948,0.071639
10,1.8948,0.071639
10,1.8948,0.071639
10,1.8948,0.071639
10,1.8948,0.071639
10,1.8948,0.071639
10,1.8948,0.071639
10,1.8948,0.071639
10,1.8948,0.071639
10,1.8948,0.071639
10,1.8948,0.071639
10,1.8948,0.071639
10,1.8948,0.071639
10,1.8948,0.071639
10,1.8948,0.071639
10,1.8948,0.071639
10,1.8948,0.071639
10,1.8948,0.071639
10,1.8948,0.071639
10,1.8948,0.071639
10,1.8948,0.071639
10,1.8948,0.071639
10,1.8948,0.071639
10,1.8948,0.071639
10,1.8948,0.071639
10,1.8948,0.071639
10,1.8948,0.071639
10,1.8948,0.071639
10,1.8948,0.071639
10,1.8948,0.071639
10,1.8948,0.071639
10,1.8948,0.071639
10,1.8948,0.071639
10,1.8948,0.071639
10,1.8948,0.071639
10,1.8948,0.071639
10,1.8948,0.071639
10,1.8948,0.071639
10,1.8948,0.071639
10,1.8948,0.071639
10,1.8948,0.071639
10,1.8948,0.071639
10,1.8948,0.071639
10,1.8948,0.071639
10,1.8948,0.071639
10,1.8948,0.071639
10,1.8948,0.071639
10,1.8948,0.071639
10,1.8948,0.071639
10,1.8948,0.071639
10,1.8948,0.071639
10,1.8948,0.071639
10,1.8948,0.071639
10,1.8948,0.071639
10,1.8948,0.071639
10,1.8948,0.071639
10,1.8948,0.071639
10,1.8948,0.071639
10,1.8948,0.071639
10,1.8948,0.071639
10,1.8948,0.071639
10,1.8948,0.071639
10,1.8948,0.071639
10,1.8948,0.071639
10,1.8948,0.071639
10,1.8948,0.071639
10,1.8948,0.071639
10,1.8948,0.071639
10,1.8948,0.071639
10,1.8948,0.071639
10,1.8948,0.071639
10,1.8948,0.071639
10,1.8948,0.071639
10,1.8948,0.071639
10,1.8948,0.071639
10,1.8948,0.071639
10,1.8948,0.071639
10,1.8948,0.071639
10,1.8948,0.071639
10,1.8948,0.071639
10,1.8948,0.071639
10,1.8948,0.071639
10,1.8948,0.071639
10,1.8948,0.071639
10,1.8948,0.071639
10,1.8948,0.071639
10,1.8948,0.071639
10,1.8948,0.071639
10,1.8948,0.071639
10,1.8948,0.071639
10,1.8948,0.071639
10,1.8948,0.071639
10,1.8948,0.071639
10,1.8948,0.071639
10,1.8948,0.071639
10,1.8948,0.071639
10,1.8948,0.071639
10,1.8948,0.071639
10,1.8948,0.071639
10,1.8948,0.071639
10,1.8948,0.071639
10,1.8948,0.071639
10,1.8948,0.071639
10,1.8948,0.071639
10,1.8948,0.071639
10,1.8948,0.071639
10,1.8948,0.071639
10,1.8948,0.071639
10,1.8948,0.071639
10,1.8948,0.071639
10,1.8948,0.071639
10,1.8948,0.071639
10,1.8948,0.071639
10,1.8948,0.071639
10,1.8948,0.071639
10,1.8948,0.071639
10,1.8948,0.071639
10,1.8948,0.071639
10,1.8948,0.071639
10,1.8948,0.071639
10,1.8948,0.071639
10,1.8948,0.071639
10,1.8948,0.071639
10,1.8948,0.071639
10,1.8948,0.071639
10,1.8948,0.071639
10,1.8948,0.071639
10,1.8948,0.071639
10,1.8948,0.071639
10,1.8948,0.071639
10,1.8948,0.071639
10,1.8948,0.071639
10,1.8948,0.071639
10,1.8948,0.071639
10,1.8948,0.071639
10,1.8948,0.071639
10,1.8948,0.071639
10,1.8948,0.071639
10,1.8948,0.071639
10,1.8948,0.071639
10,1.8948,0.071639
10,1.8948,0.071639
10,1.8948,0.071639
10,1.8948,0.071639
10,1.8948,0.071639
10,1.8948,0.071639
10,1.8948,0.071639
10,1.8948,0.071639
10,1.8948,0.071639
10,1.8948,0.071639
10,1.8948,0.071639
10,1.8948,0.071639
10,1.8948,0.071639
10,1.8948,0.071639
10,1.8948,0.071639
10,1.8948,0.071639
10,1.8948,0.071639
10,1.8948,0.071639
10,1.8948,0.071639
10,1.8948,0.071639
10,1.8948,0.071639
10,1.8948,0.071639
10,1.8948,0.071639
10,1.8948,0.071639
10,1.8948,0.071639
10,1.8948,0.071639
10,1.8948,0.071639
10,1.8948,0.071639
10,1.8948,0.071639
10,1.8948,0.071639
10,1.8948,0.071639
10,1.8948,0.071639
10,1.8948,0.071639
10,1.8948,0.071639
10,1.8948,0.071639
10,1.8948,0.071639
10,1.8948,0.071639
10,1.8948,0.071639
10,1.8948,0.071639
10,1.8948,0.071639
10,1.8948,0.071639
10,1.8948,0.071639
10,1.8948,0.071639
10,1.8948,0.071639
10,1.8948,0.071639
10,1.8948,0.071639
10,1.8948,0.071639
10,1.8948,0.071639
10,1.8948,0.071639
10,1.8948,0.071639
10,1.8948,0.071639
10,1.8948,0.071639
10,1.8948,0.071639
10,1.8948,0.071639
10,1.8948,0.071639
10,1.8948,0.071639
10,1.8948,0.071639
10,1.8948,0.071639
10,1.8948,0.071639
10,1.8948,0.071639
10,1.8948,0.071639
10,1.8948,0.071639
10,1.8948,0.071639
10,1.8948,0.071639
10,1.8948,0.071639
10,1.8948,0.071639
10,1.8948,0.071639
10,1.8948,0.071639
10,1.8948,0.071639
10,1.8948,0.071639
10,1.8948,0.071639
10,1.8948,0.071639
10,1.8948,0.071639
10,1.8948,0.071639
10,1.8948,0.071639
10,1.8948,0.071639
10,1.8948,0.071639
10,1.8948,0.071639
10,1.8948,0.071639
10,1.8948,0.071639
10,1.8948,0.071639
10,1.8948,0.071639
10,1.8948,0.071639
10,1.8948,0.071639
10,1.8948,0.071639
10,1.8948,0.071639
10,1.8948,0.071639
10,1.8948,0.071639
10,1.8948,0.071639
10,1.8948,0.071639
10,1.8948,0.071639
10,1.8948,0.071639
10,1.8948,0.071639
10,1.8948,0.071639
10,1.8948,0.071639
10,1.8948,0.071639
10,1.8948,0.071639
10,1.8948,0.071639
10,1.8948,0.071639
10,1.8948,0.071639
10,1.8948,0.071639
10,1.8948,0.071639
10,1.8948,0.071639
10,1.8948,0.071639
10,1.8948,0.071639
10,1.8948,0.071639
10,1.8948,0.071639
10,1.8948,0.071639
10,1.8948,0.071639
10,1.8948,0.071639
10,1.8948,0.071639
10,1.8948,0.071639
10,1.8948,0.071639
10,1.8948,0.071639
10,1.8948,0.071639
10,1.8948,0.071639
10,1.8948,0.071639
10,1.8948,0.071639
10,1.8948,0.071639
10,1.8948,0.071639
10,1.8948,0.071639
10,1.8948,0.071639
10,1.8948,0.071639
10,1.8948,0.071639
10,1.8948,0.071639
10,1.8948,0.071639
10,1.8948,0.071639
10,1.8948,0.071639
10,1.8948,0.071639
10,1.8948,0.071639
10,1.8948,0.071639
10,1.8948,0.071639
10,1.8948,0.071639
10,1.8948,0.071639
10,1.8948,0.071639
10,1.8948,0.071639
10,1.8948,0.071639
10,1.8948,0.071639
10,1.8948,0.071639
10,1.8948,0.071639
10,1.8948,0.071639
10,1.8948,0.071639
10,1.8948,0.071639
10,1.8948,0.071639
10,1.8948,0.071639
10,1.8948,0.071639
10,1.8948,0.071639
10,1.8948,0.071639
10,1.8948,0.071639
10,1.8948,0.071639
10,1.8948,0.071639
10,1.8948,0.071639
10,1.8948,0.071639
10,1.8948,0.071639
10,1.8948,0.071639
10,1.8948,0.071639
10,1.8948,0.071639
10,1.8948,0.071639
10,1.8948,0.071639
10,1.8948,0.071639
10,1.8948,0.071639
10,1.8948,0.071639
10,1.8948,0.071639
10,1.8948,0.071639
10,1.8948,0.071639
10,1.8948,0.071639
10,1.8948,0.071639
10,1.8948,0.071639
10,1.8948,0.071639
10,1.8948,0.071639
10,1.8948,0.071639
10,1.8948,0.071639
10,1.8948,0.071639
10,1.8948,0.071639
10,1.8948,0.071639
10,1.8948,0.071639
10,1.8948,0.071639
10,1.8948,0.071639
10,1.8948,0.071639
10,1.8948,0.071639
10,1.8948,0.071639
10,1.8948,0.071639
10,1.8948,0.071639
10,1.8948,0.071639
10,1.8948,0.071639
10,1.8948,0.071639
10,1.8948,0.071639
10,1.8948,0.071639
10,1.8948,0.071639
10,1.8948,0.071639
10,1.8948,0.071639
10,1.8948,0.071639
10,1.8948,0.071639
10,1.8948,0.071639
10,1.8948,0.071639
10,1.8948,0.071639
10,1.8948,0.071639
10,1.8948,0.071639
10,1.8948,0.071639
10,1.8948,0.071639
10,1.8948,0.071639
10,1.8948,0.071639
10,1.8948,0.071639
10,1.8948,0.071639
10,1.8948,0.071639
10,1.8948,0.071639
10,1.8948,0.071639
10,1.8948,0.071639
10,1.8948,0.071639
10,1.8948,0.071639
10,1.8948,0.071639
10,1.8948,0.071639
10,1.8948,0.071639
10,1.8948,0.071639
10,1.8948,0.071639
10,1.8948,0.071639
10,1.8948,0.071639
10,1.8948,0.071639
10,1.8948,0.071639
10,1.8948,0.071639
10,1.8948,0.071639
10,1.8948,0.071639
10,1.8948,0.071639
10,1.8948,0.071639
10,1.8948,0.071639
10,1.8948,0.071639
10,1.8948,0.071639
10,1.8948,0.071639
10,1.8948,0.071639
10,1.8948,0.071639
10,1.8948,0.071639
10,1.8948,0.071639
10,1.8948,0.071639
10,1.8948,0.071639
10,1.8948,0.071639
10,1.8948,0.071639
10,1.8948,0.071639
10,1.8948,0.071639
10,1.8948,0.071639
10,1.8948,0.071639
10,1.8948,0.071639
10,1.8948,0.071639
10,1.8948,0.071639
10,1.8948,0.071639
10,1.8948,0.071639
10,1.8948,0.071639
10,1.8948,0.071639
10,1.8948,0.071639
10,1.8948,0.071639
10,1.8948,0.071639
10,1.8948,0.071639
10,1.8948,0.071639
10,1.8948,0.071639
10,1.8948,0.071639
10,1.8948,0.071639
10,1.8948,0.071639
10,1.8948,0.071639
10,1.8948,0.071639
10,1.8948,0.071639
10,1.8948,0.071639
10,1.8948,0.071639
10,1.8948,0.071639
10,1.8948,0.071639
10,1.8948,0.071639
10,1.8948,0.071639
10,1.8948,0.071639
10,1.8948,0.071639
10,1.8948,0.071639
10,1.8948,0.071639
10,1.8948,0.071639
10,1.8948,0.071639
10,1.8948,0.071639
10,1.8948,0.071639
10,1.8948,0.071639
10,1.8948,0.071639
10,1.8948,0.071639
10,1.8948,0.071639
10,1.8948,0.071639
10,1.8948,0.071639
10,1.8948,0.071639
10,1.8948,0.071639
10,1.8948,0.071639
10,1.8948,0.071639
10,1.8948,0.071639
10,1.8948,0.071639
10,1.8948,0.071639
10,1.8948,0.071639
10,1.8948,0.071639
10,1.8948,0.071639
10,1.8948,0.071639
10,1.8948,0.071639
10,1.8948,0.071639
10,1.8948,0.071639
10,1.8948,0.071639
10,1.8948,0.071639
10,1.8948,0.071639
10,1.8948,0.071639
10,1.8948,0.071639
10,1.8948,0.071639
10,1.8948,0.071639
10,1.8948,0.071639
10,1.8948,0.071639
10,1.8948,0.071639
10,1.8948,0.071639
10,1.8948,0.071639
10,1.8948,0.071639
10,1.8948,0.071639
10,1.84376,0.102187
10,1.84099,0.105186
10,1.84099,0.105186
10,1.84099,0.105186
10,1.84099,0.105186
10,1.84099,0.105186
10,1.84099,0.105186
10,1.84099,0.105186
10,1.84099,0.105186
10,1.84099,0.105186
10,1.84099,0.105186
10,1.84099,0.105186
10,1.84099,0.105186
10,1.84099,0.105186
10,1.84099,0.105186
10,1.84099,0.105186
10,1.84099,0.105186
10,1.84099,0.105186
10,1.84099,0.105186
10,1.84099,0.105186
10,1.84099,0.105186
10,1.84099,0.105186
10,1.84099,0.105186
10,1.84099,0.105186
10,1.84099,0.105186
10,1.84099,0.105186
10,1.84099,0.105186
10,1.84099,0.105186
10,1.84099,0.105186
10,1.84099,0.105186
10,1.84099,0.105186
10,1.84099,0.105186
10,1.84099,0.105186
10,1.84099,0.105186
10,1.84099,0.105186
10,1.84099,0.105186
10,1.84099,0.105186
10,1.84099,0.105186
10,1.84099,0.105186
10,1.84099,0.105186
10,1.84099,0.105186
10,1.84099,0.105186
10,1.84099,0.105186
10,1.84099,0.105186
10,1.84099,0.105186
10,1.84099,0.105186
10,1.84099,0.105186
10,1.84099,0.105186
10,1.84099,0.105186
10,1.84099,0.105186
10,1.84099,0.105186
10,1.84099,0.105186
10,1.84099,0.105186
10,1.84099,0.105186
10,1.84099,0.105186
10,1.84099,0.105186
10,1.84099,0.105186
10,1.84099,0.105186
10,1.84099,0.105186
10,1.84099,0.105186
10,1.84099,0.105186
10,1.84099,0.105186
10,1.84099,0.105186
10,1.84099,0.105186
10,1.84099,0.105186
10,1.84099,0.105186
10,1.84099,0.105186
10,1.84099,0.105186
10,1.84099,0.105186
10,1.84099,0.105186
10,1.84099,0.105186
10,1.84099,0.105186
10,1.84099,0.105186
10,1.84099,0.105186
10,1.84099,0.105186
10,1.84099,0.105186
10,1.84099,0.105186
10,1.84099,0.105186
10,1.84099,0.105186
10,1.84099,0.105186
10,1.84099,0.105186
10,1.84099,0.105186
10,1.84099,0.105186
10,1.84099,0.105186
10,1.84099,0.105186
10,1.84099,0.105186
10,1.84099,0.105186
10,1.84099,0.105186
10,1.84099,0.105186
10,1.84099,0.105186
10,1.84099,0.105186
10,1.84099,0.105186
10,1.84099,0.105186
10,1.84099,0.105186
10,1.84099,0.105186
10,1.84099,0.105186
10,1.84099,0.105186
10,1.84099,0.105186
10,1.84099,0.105186
10,1.84099,0.105186
10,1.84099,0.105186
10,1.84099,0.105186
10,1.84099,0.105186
10,1.84099,0.105186
10,1.84099,0.105186
10,1.84099,0.105186
10,1.84099,0.105186
10,1.84099,0.105186
10,1.84099,0.105186
10,1.84099,0.105186
10,1.84099,0.105186
10,1.84099,0.105186
10,1.84099,0.105186
10,1.84099,0.105186
10,1.84099,0.105186
10,1.84099,0.105186
10,1.84099,0.105186
10,1.84099,0.105186
10,1.84099,0.105186
10,1.84099,0.105186
10,1.84099,0.105186
10,1.84099,0.105186
10,1.84099,0.105186
10,1.84099,0.105186
10,1.84099,0.105186
10,1.84099,0.105186
10,1.84099,0.105186
10,1.84099,0.105186
10,1.84099,0.105186
10,1.84099,0.105186
10,1.84099,0.105186
10,1.84099,0.105186
10,1.84099,0.105186
10,1.84099,0.105186
10,1.84099,0.105186
10,1.84099,0.105186
10,1.84099,0.105186
10,1.84099,0.105186
10,1.84099,0.105186
10,1.84099,0.105186
10,1.84099,0.105186
10,1.84099,0.105186
10,1.84099,0.105186
10,1.84099,0.105186
10,1.84099,0.105186
10,1.84099,0.105186
10,1.84099,0.105186
10,1.84099,0.105186
10,1.84099,0.105186
10,1.84099,0.105186
10,1.84099,0.105186
10,1.84099,0.105186
10,1.84099,0.105186
10,1.84099,0.105186
10,1.84099,0.105186
10,1.84099,0.105186
10,1.84099,0.105186
10,1.84099,0.105186
10,1.84099,0.105186
10,1.84099,0.105186
10,1.84099,0.105186
10,1.84099,0.105186
10,1.84099,0.105186
10,1.84099,0.105186
10,1.84099,0.105186
10,1.84099,0.105186
10,1.84099,0.105186
10,1.84099,0.105186
10,1.84099,0.105186
10,1.84099,0.105186
10,1.84099,0.105186
10,1.84099,0.105186
10,1.84099,0.105186
10,1.84099,0.105186
10,1.84099,0.105186
10,1.84099,0.105186
10,1.84099,0.105186
10,1.84099,0.105186
10,1.84099,0.105186
10,1.84099,0.105186
10,1.84099,0.105186
10,1.84099,0.105186
10,1.76388,0.127504
10,1.75559,0.136277
10,1.75559,0.136277
10,1.75559,0.136277
10,1.75559,0.136277
10,1.75559,0.136277
10,1.75559,0.136277
10,1.75559,0.136277
10,1.75559,0.136277
10,1.75559,0.136277
10,1.75559,0.136277
10,1.75559,0.136277
10,1.75559,0.136277
10,1.75559,0.136277
10,1.75559,0.136277
10,1.75559,0.136277
10,1.75559,0.136277
10,1.75559,0.136277
10,1.75559,0.136277
10,1.75559,0.136277
10,1.75203,0.140626
10,1.74928,0.144144
10,1.74928,0.144144
10,1.74928,0.144144
10,1.74928,0.144144
10,1.74928,0.144144
10,1.74928,0.144144
10,1.74928,0.144144
10,1.74928,0.144144
10,1.74928,0.144144
10,1.74928,0.144144
10,1.74928,0.144144
10,1.74928,0.144144
10,1.74928,0.144144
10,1.74928,0.144144
10,1.74928,0.144144
10,1.74928,0.144144
10,1.74928,0.144144
10,1.74928,0.144144
10,1.74928,0.144144
10,1.74928,0.144144
10,1.74928,0.144144
10,1.74928,0.144144
10,1.74928,0.144144
10,1.74928,0.144144
10,1.74928,0.144144
10,1.74928,0.144144
10,1.74928,0.144144
10,1.74928,0.144144
10,1.74928,0.144144
10,1.74928,0.144144
10,1.74928,0.144144
10,1.74928,0.144144
10,1.74928,0.144144
10,1.74928,0.144144
10,1.74928,0.144144
10,1.74928,0.144144
10,1.74928,0.144144
10,1.74928,0.144144
10,1.74928,0.144144
10,1.74928,0.144144
10,1.74928,0.144144
10,1.74928,0.144144
10,1.74928,0.144144
10,1.74928,0.144144
10,1.74928,0.144144
10,1.74928,0.144144
10,1.74928,0.144144
10,1.74928,0.144144
10,1.74928,0.144144
10,1.74928,0.144144
10,1.74928,0.144144
10,1.74928,0.144144
10,1.74928,0.144144
10,1.74928,0.144144
10,1.74928,0.144144
10,1.74928,0.144144
10,1.74928,0.144144
10,1.74928,0.144144
10,1.74928,0.144144
10,1.74928,0.144144
10,1.74928,0.144144
10,1.74928,0.144144
10,1.74928,0.144144
10,1.74928,0.144144
10,1.74928,0.144144
10,1.74928,0.144144
10,1.74928,0.144144
10,1.74928,0.144144
10,1.74928,0.144144
10,1.74928,0.144144
10,1.74928,0.144144
10,1.74928,0.144144
10,1.74928,0.144144
10,1.74928,0.144144
10,1.74928,0.144144
10,1.74928,0.144144
10,1.74928,0.144144
10,1.74928,0.144144
10,1.74928,0.144144
10,1.74928,0.144144
10,1.74928,0.144144
10,1.74928,0.144144
10,1.74928,0.144144
10,1.74928,0.144144
10,1.74928,0.144144
10,1.74928,0.144144
10,1.74928,0.144144
10,1.74928,0.144144
10,1.74928,0.144144
10,1.74928,0.144144
10,1.74928,0.144144
10,1.74928,0.144144
10,1.74928,0.144144
10,1.74928,0.144144
10,1.74928,0.144144
10,1.74928,0.144144
10,1.74928,0.144144
10,1.74928,0.144144
10,1.74928,0.144144
10,1.74928,0.144144
10,1.74928,0.144144
10,1.74928,0.144144
10,1.74928,0.144144
10,1.74928,0.144144
10,1.74928,0.144144
10,1.74928,0.144144
10,1.74928,0.144144
10,1.74928,0.144144
10,1.74928,0.144144
10,1.74928,0.144144
10,1.74928,0.144144
10,1.74928,0.144144
10,1.74928,0.144144
10,1.74928,0.144144
10,1.74928,0.144144
10,1.74928,0.144144
10,1.74928,0.144144
10,1.74928,0.144144
10,1.74928,0.144144
10,1.74928,0.144144
10,1.74928,0.144144
10,1.74928,0.144144
10,1.74928,0.144144
10,1.74928,0.144144
10,1.74928,0.144144
10,1.74928,0.144144
10,1.74928,0.144144
10,1.74928,0.144144
10,1.74928,0.144144
10,1.74928,0.144144
10,1.74928,0.144144
10,1.74928,0.144144
10,1.74928,0.144144
10,1.74928,0.144144
10,1.74928,0.144144
10,1.74928,0.144144
10,1.74928,0.144144
10,1.74928,0.144144
10,1.74928,0.144144
10,1.74928,0.144144
10,1.74928,0.144144
10,1.74928,0.144144
10,1.74928,0.144144
10,1.74928,0.144144
10,1.74928,0.144144
10,1.74928,0.144144
10,1.74928,0.144144
10,1.74928,0.144144
10,1.74928,0.144144
10,1.74928,0.144144
10,1.74928,0.144144
10,1.74928,0.144144
10,1.74928,0.144144
10,1.72202,0.125095
10,1.72202,0.125095
10,1.72202,0.125095
10,1.72202,0.125095
10,1.72202,0.125095
10,1.72202,0.125095
10,1.72202,0.125095
10,1.72202,0.125095
10,1.72202,0.125095
10,1.72202,0.125095
10,1.72202,0.125095
10,1.72202,0.125095
10,1.72202,0.125095
10,1.72202,0.125095
10,1.72202,0.125095
10,1.72202,0.125095
10,1.72202,0.125095
10,1.72202,0.125095
10,1.72202,0.125095
10,1.72202,0.125095
10,1.72202,0.125095
10,1.72202,0.125095
10,1.72202,0.125095
10,1.72202,0.125095
10,1.72202,0.125095
10,1.72202,0.125095
10,1.71446,0.120925
10,1.70863,0.118404
10,1.70863,0.118404
10,1.70863,0.118404
10,1.70863,0.118404
10,1.70863,0.118404
10,1.70863,0.118404
10,1.70863,0.118404
10,1.70863,0.118404
10,1.70863,0.118404
10,1.70863,0.118404
10,1.70863,0.118404
10,1.70863,0.118404
10,1.70863,0.118404
10,1.70863,0.118404
10,1.70863,0.118404
10,1.70863,0.118404
10,1.70863,0.118404
10,1.70863,0.118404
10,1.70863,0.118404
10,1.70863,0.118404
10,1.70863,0.118404
10,1.70863,0.118404
10,1.70863,0.118404
10,1.70863,0.118404
10,1.70863,0.118404
10,1.70863,0.118404
10,1.70863,0.118404
10,1.70863,0.118404
10,1.70863,0.118404
10,1.70863,0.118404
10,1.70863,0.118404
10,1.70863,0.118404
10,1.70863,0.118404
10,1.70863,0.118404
10,1.70863,0.118404
10,1.70863,0.118404
10,1.70863,0.118404
10,1.70863,0.118404
10,1.70863,0.118404
10,1.70863,0.118404
10,1.70863,0.118404
10,1.70863,0.118404
10,1.70863,0.118404
10,1.70863,0.118404
10,1.70863,0.118404
10,1.70863,0.118404
10,1.70863,0.118404
10,1.70863,0.118404
10,1.70863,0.118404
10,1.70863,0.118404
10,1.70863,0.118404
10,1.70863,0.118404
10,1.70863,0.118404
10,1.70863,0.118404
10,1.70863,0.118404
10,1.70863,0.118404
10,1.70863,0.118404
10,1.70863,0.118404
10,1.70863,0.118404
10,1.70863,0.118404
10,1.70863,0.118404
10,1.70863,0.118404
10,1.70863,0.118404
10,1.70863,0.118404
10,1.70863,0.118404
10,1.70863,0.118404
10,1.70863,0.118404
10,1.70863,0.118404
10,1.70863,0.118404
10,1.70863,0.118404
10,1.70863,0.118404
10,1.70863,0.118404
10,1.70863,0.118404
10,1.70863,0.118404
10,1.70863,0.118404
10,1.70863,0.118404
10,1.70863,0.118404
10,1.70863,0.118404
10,1.70863,0.118404
10,1.70863,0.118404
10,1.70863,0.118404
10,1.70863,0.118404
10,1.70863,0.118404
10,1.70863,0.118404
10,1.70863,0.118404
10,1.70863,0.118404
10,1.70863,0.118404
10,1.70863,0.118404
10,1.70863,0.118404
10,1.70863,0.118404
10,1.70863,0.118404
10,1.70863,0.118404
10,1.70863,0.118404
10,1.70863,0.118404
10,1.70863,0.118404
10,1.70863,0.118404
10,1.70863,0.118404
10,1.70863,0.118404
10,1.70863,0.118404
10,1.70863,0.118404
10,1.70863,0.118404
10,1.70863,0.118404
10,1.70863,0.118404
10,1.70863,0.118404
10,1.70863,0.118404
10,1.70863,0.118404
10,1.70863,0.118404
10,1.70863,0.118404
10,1.70863,0.118404
10,1.70863,0.118404
10,1.70863,0.118404
10,1.70863,0.118404
10,1.70863,0.118404
10,1.70863,0.118404
10,1.70863,0.118404
10,1.70863,0.118404
10,1.70863,0.118404
10,1.70863,0.118404
10,1.70863,0.118404
10,1.70863,0.118404
10,1.70863,0.118404
10,1.70863,0.118404
10,1.70863,0.118404
10,1.70863,0.118404
10,1.70863,0.118404
10,1.70863,0.118404
10,1.70863,0.118404
10,1.70863,0.118404
10,1.70863,0.118404
10,1.70863,0.118404
10,1.70863,0.118404
10,1.70863,0.118404
10,1.70863,0.118404
10,1.70863,0.118404
10,1.70863,0.118404
10,1.70863,0.118404
10,1.70863,0.118404
10,1.70863,0.118404
10,1.70863,0.118404
10,1.70863,0.118404
10,1.70863,0.118404
10,1.70863,0.118404
10,1.70863,0.118404
10,1.70863,0.118404
10,1.70863,0.118404
10,1.70863,0.118404
10,1.70863,0.118404
10,1.70863,0.118404
10,1.70863,0.118404
10,1.70863,0.118404
10,1.70863,0.118404
10,1.70863,0.118404
10,1.70863,0.118404
10,1.70863,0.118404
10,1.70863,0.118404
10,1.70863,0.118404
10,1.70863,0.118404
10,1.70863,0.118404
10,1.70863,0.118404
10,1.70863,0.118404
10,1.70863,0.118404
10,1.70863,0.118404
10,1.70863,0.118404
10,1.70863,0.118404
10,1.70863,0.118404
10,1.70863,0.118404
10,1.70863,0.118404
10,1.70863,0.118404
10,1.70863,0.118404
10,1.70863,0.118404
10,1.70863,0.118404
10,1.70863,0.118404
10,1.70863,0.118404
10,1.70863,0.118404
10,1.70863,0.118404
10,1.70863,0.118404
10,1.70863,0.118404
10,1.70863,0.118404
10,1.70863,0.118404
10,1.70863,0.118404
10,1.70863,0.118404
10,1.70863,0.118404
10,1.70863,0.118404
10,1.70863,0.118404
10,1.70863,0.118404
10,1.70863,0.118404
10,1.70863,0.118404
10,1.70863,0.118404
10,1.70863,0.118404
10,1.70863,0.118404
10,1.70863,0.118404
10,1.70863,0.118404
10,1.70863,0.118404
10,1.70863,0.118404
10,1.70863,0.118404
10,1.70863,0.118404
10,1.70863,0.118404
10,1.70863,0.118404
10,1.70863,0.118404
10,1.70863,0.118404
10,1.70863,0.118404
10,1.70863,0.118404
10,1.70863,0.118404
10,1.70863,0.118404
10,1.70863,0.118404
10,1.70863,0.118404
10,1.70863,0.118404
10,1.70863,0.118404
10,1.70863,0.118404
10,1.70863,0.118404
10,1.70863,0.118404
10,1.70863,0.118404
10,1.70863,0.118404
10,1.70863,0.118404
10,1.70863,0.118404
10,1.70863,0.118404
10,1.70863,0.118404
10,1.70863,0.118404
10,1.70863,0.118404
10,1.70566,0.117357
10,1.69805,0.1154
10,1.69805,0.1154
10,1.69805,0.1154
10,1.69805,0.1154
10,1.69805,0.1154
10,1.69805,0.1154
10,1.69805,0.1154
10,1.69805,0.1154
10,1.69805,0.1154
10,1.69805,0.1154
10,1.69805,0.1154
10,1.69805,0.1154
10,1.69805,0.1154
10,1.69805,0.1154
10,1.69805,0.1154
10,1.69805,0.1154
10,1.69805,0.1154
10,1.69805,0.1154
10,1.69805,0.1154
10,1.69805,0.1154
10,1.69805,0.1154
10,1.69805,0.1154
10,1.69805,0.1154
10,1.69805,0.1154
10,1.69805,0.1154
10,1.69805,0.1154
10,1.69805,0.1154
10,1.69805,0.1154
10,1.69805,0.1154
10,1.69805,0.1154
10,1.69805,0.1154
10,1.69805,0.1154
10,1.69805,0.1154
10,1.69805,0.1154
10,1.69805,0.1154
10,1.69805,0.1154
10,1.69805,0.1154
10,1.69805,0.1154
10,1.69805,0.1154
10,1.69805,0.1154
10,1.69805,0.1154
10,1.69805,0.1154
10,1.69805,0.1154
10,1.69805,0.1154
10,1.69805,0.1154
10,1.69805,0.1154
10,1.69805,0.1154
10,1.69805,0.1154
10,1.69805,0.1154
10,1.69805,0.1154
10,1.69805,0.1154
10,1.69805,0.1154
10,1.69805,0.1154
10,1.69805,0.1154
10,1.69805,0.1154
10,1.69805,0.1154
10,1.69805,0.1154
10,1.69805,0.1154
10,1.69805,0.1154
10,1.69805,0.1154
10,1.67747,0.108896
10,1.67747,0.108896
10,1.67747,0.108896
10,1.67747,0.108896
10,1.67747,0.108896
10,1.67747,0.108896
10,1.67747,0.108896
10,1.67747,0.108896
10,1.67747,0.108896
10,1.67747,0.108896
10,1.67747,0.108896
10,1.67747,0.108896
10,1.67747,0.108896
10,1.67747,0.108896
10,1.67747,0.108896
10,1.67747,0.108896
10,1.67747,0.108896
10,1.67747,0.108896
10,1.67747,0.108896
10,1.67747,0.108896
10,1.67747,0.108896
10,1.67747,0.108896
10,1.67747,0.108896
10,1.67747,0.108896
10,1.67747,0.108896
10,1.67747,0.108896
10,1.67747,0.108896
10,1.67747,0.108896
10,1.67747,0.108896
10,1.67747,0.108896
10,1.67747,0.108896
10,1.67747,0.108896
10,1.67747,0.108896
10,1.67747,0.108896
10,1.67747,0.108896
10,1.67747,0.108896
10,1.67747,0.108896
10,1.67747,0.108896
10,1.67747,0.108896
10,1.67747,0.108896
10,1.67747,0.108896
10,1.67747,0.108896
10,1.67747,0.108896
10,1.67747,0.108896
10,1.67747,0.108896
10,1.67747,0.108896
10,1.67747,0.108896
10,1.67747,0.108896
10,1.67747,0.108896
10,1.67747,0.108896
10,1.67747,0.108896
10,1.67747,0.108896
10,1.67747,0.108896
10,1.67747,0.108896
10,1.67747,0.108896
10,1.67747,0.108896
10,1.67747,0.108896
10,1.67747,0.108896
10,1.67747,0.108896
10,1.67747,0.108896
10,1.67747,0.108896
10,1.67747,0.108896
10,1.67747,0.108896
10,1.67747,0.108896
10,1.67747,0.108896
10,1.67747,0.108896
10,1.67747,0.108896
10,1.67747,0.108896
10,1.67747,0.108896
10,1.67747,0.108896
10,1.67747,0.108896
10,1.67747,0.108896
10,1.67747,0.108896
10,1.67747,0.108896
10,1.67747,0.108896
10,1.67747,0.108896
10,1.67747,0.108896
10,1.67747,0.108896
10,1.67747,0.108896
10,1.67747,0.108896
10,1.67747,0.108896
10,1.67747,0.108896
10,1.67747,0.108896
10,1.67747,0.108896
10,1.67747,0.108896
10,1.67747,0.108896
10,1.67747,0.108896
10,1.67747,0.108896
10,1.67747,0.108896
10,1.67747,0.108896
10,1.67747,0.108896
10,1.67747,0.108896
10,1.67747,0.108896
10,1.67747,0.108896
10,1.67747,0.108896
10,1.67747,0.108896
10,1.67747,0.108896
10,1.67747,0.108896
10,1.67747,0.108896
10,1.67747,0.108896
10,1.67747,0.108896
10,1.67747,0.108896
10,1.67747,0.108896
10,1.67747,0.108896
10,1.67747,0.108896
10,1.67747,0.108896
10,1.67747,0.108896
10,1.67747,0.108896
10,1.67747,0.108896
10,1.67747,0.108896
10,1.67747,0.108896
10,1.67747,0.108896
10,1.67747,0.108896
10,1.67747,0.108896
10,1.67747,0.108896
10,1.67747,0.108896
10,1.67747,0.108896
10,1.67747,0.108896
10,1.67747,0.108896
10,1.67747,0.108896
10,1.67747,0.108896
10,1.67747,0.108896
10,1.67747,0.108896
10,1.67747,0.108896
10,1.67747,0.108896
10,1.67747,0.108896
10,1.67747,0.108896
10,1.67747,0.108896
10,1.67747,0.108896
10,1.67747,0.108896
10,1.67747,0.108896
10,1.67747,0.108896
10,1.67747,0.108896
10,1.67747,0.108896
10,1.67747,0.108896
10,1.67747,0.108896
10,1.67747,0.108896
10,1.67747,0.108896
10,1.67747,0.108896
10,1.55659,0.135383
10,1.55196,0.138309
10,1.55196,0.138309
10,1.55196,0.138309
10,1.55196,0.138309
10,1.55196,0.138309
10,1.55196,0.138309
10,1.55196,0.138309
10,1.55196,0.138309
10,1.55196,0.138309
10,1.55196,0.138309
10,1.55196,0.138309
10,1.55196,0.138309
10,1.55196,0.138309
10,1.55196,0.138309
10,1.55196,0.138309
10,1.55196,0.138309
10,1.55196,0.138309
10,1.55196,0.138309
10,1.55196,0.138309
10,1.55196,0.138309
10,1.55196,0.138309
10,1.55196,0.138309
10,1.55196,0.138309
10,1.55196,0.138309
10,1.55196,0.138309
10,1.55196,0.138309
10,1.55196,0.138309
10,1.55196,0.138309
10,1.55196,0.138309
10,1.55196,0.138309
10,1.55196,0.138309
10,1.55196,0.138309
10,1.55196,0.138309
10,1.55196,0.138309
10,1.55196,0.138309
10,1.55196,0.138309
10,1.55196,0.138309
10,1.55196,0.138309
10,1.55196,0.138309
10,1.55196,0.138309
10,1.55196,0.138309
10,1.55196,0.138309
10,1.55196,0.138309
10,1.55196,0.138309
10,1.55196,0.138309
10,1.55196,0.138309
10,1.55196,0.138309
10,1.55196,0.138309
10,1.55196,0.138309
10,1.55196,0.138309
10,1.55196,0.138309
10,1.55196,0.138309
10,1.55196,0.138309
10,1.55196,0.138309
10,1.55196,0.138309
10,1.55196,0.138309
10,1.55196,0.138309
10,1.55196,0.138309
10,1.55196,0.138309
10,1.55196,0.138309
10,1.55196,0.138309
10,1.55196,0.138309
10,1.55196,0.138309
10,1.55196,0.138309
10,1.55196,0.138309
10,1.55196,0.138309
10,1.55196,0.138309
10,1.55196,0.138309
10,1.55196,0.138309
10,1.55196,0.138309
10,1.55196,0.138309
10,1.55196,0.138309
10,1.55196,0.138309
10,1.55196,0.138309
10,1.55196,0.138309
10,1.55196,0.138309
10,1.55196,0.138309
10,1.55196,0.138309
10,1.55196,0.138309
10,1.55196,0.138309
10,1.55196,0.138309
10,1.55196,0.138309
10,1.55196,0.138309
10,1.55196,0.138309
10,1.55196,0.138309
10,1.55196,0.138309
10,1.55196,0.138309
10,1.55196,0.138309
10,1.55196,0.138309
10,1.55196,0.138309
10,1.55196,0.138309
10,1.55196,0.138309
10,1.55196,0.138309
10,1.55196,0.138309
10,1.55196,0.138309
10,1.55196,0.138309
10,1.55196,0.138309
10,1.55196,0.138309
10,1.55196,0.138309
10,1.55196,0.138309
10,1.55196,0.138309
10,1.55196,0.138309
10,1.55196,0.138309
10,1.55196,0.138309
10,1.55196,0.138309
10,1.55196,0.138309
10,1.55196,0.138309
10,1.55196,0.138309
10,1.55196,0.138309
10,1.55196,0.138309
10,1.55196,0.138309
10,1.55196,0.138309
10,1.55196,0.138309
10,1.55196,0.138309
10,1.55196,0.138309
10,1.55196,0.138309
10,1.55196,0.138309
10,1.55196,0.138309
10,1.55196,0.138309
10,1.55196,0.138309
10,1.55196,0.138309
10,1.55196,0.138309
10,1.55196,0.138309
10,1.55196,0.138309
10,1.55196,0.138309
10,1.55196,0.138309
10,1.55196,0.138309
10,1.55196,0.138309
10,1.55196,0.138309
10,1.55196,0.138309
10,1.55196,0.138309
10,1.54902,0.140122
10,1.54888,0.140212
10,1.54888,0.140212
10,1.54888,0.140212
10,1.54888,0.140212
10,1.54888,0.140212
10,1.54888,0.140212
10,1.54888,0.140212
10,1.54888,0.140212
10,1.54888,0.140212
10,1.54888,0.140212
10,1.54888,0.140212
10,1.54888,0.140212
10,1.54888,0.140212
10,1.54888,0.140212
10,1.54888,0.140212
10,1.54888,0.140212
10,1.54888,0.140212
10,1.54888,0.140212
10,1.54888,0.140212
10,1.54888,0.140212
10,1.54888,0.140212
10,1.54888,0.140212
10,1.54888,0.140212
10,1.54888,0.140212
10,1.54888,0.140212
10,1.54888,0.140212
10,1.54888,0.140212
10,1.54888,0.140212
10,1.54888,0.140212
10,1.54888,0.140212
10,1.54888,0.140212
10,1.54888,0.140212
10,1.54888,0.140212
10,1.54888,0.140212
10,1.54888,0.140212
10,1.54888,0.140212
10,1.54888,0.140212
10,1.54888,0.140212
10,1.54888,0.140212
10,1.54888,0.140212
10,1.54888,0.140212
10,1.54888,0.140212
10,1.54888,0.140212
10,1.54888,0.140212
10,1.54888,0.140212
10,1.54888,0.140212
10,1.54888,0.140212
10,1.54888,0.140212
10,1.54888,0.140212
10,1.54888,0.140212
10,1.54888,0.140212
10,1.54888,0.140212
10,1.54888,0.140212
10,1.54888,0.140212
10,1.54888,0.140212
10,1.54888,0.140212
10,1.54888,0.140212
10,1.54888,0.140212
10,1.54888,0.140212
10,1.54888,0.140212
10,1.54888,0.140212
10,1.54888,0.140212
10,1.54888,0.140212
10,1.54888,0.140212
10,1.54888,0.140212
10,1.54888,0.140212
10,1.54888,0.140212
10,1.54888,0.140212
10,1.54888,0.140212
10,1.54888,0.140212
10,1.54888,0.140212
10,1.54888,0.140212
10,1.54888,0.140212
10,1.54888,0.140212
10,1.54888,0.140212
10,1.54888,0.140212
10,1.54888,0.140212
10,1.54888,0.140212
10,1.54888,0.140212
10,1.54888,0.140212
10,1.54888,0.140212
10,1.54888,0.140212
10,1.54888,0.140212
10,1.54888,0.140212
10,1.54888,0.140212
10,1.54888,0.140212
10,1.54888,0.140212
10,1.54881,0.140249
10,1.54872,0.140298
10,1.54872,0.140298
10,1.54872,0.140298
10,1.54872,0.140298
10,1.54872,0.140298
10,1.54872,0.140298
10,1.54872,0.140298
10,1.54872,0.140298
10,1.54872,0.140298
10,1.54872,0.140298
10,1.54872,0.140298
10,1.54872,0.140298
10,1.54872,0.140298
10,1.54872,0.140298
10,1.54872,0.140298
10,1.54872,0.140298
10,1.54872,0.140298
10,1.54872,0.140298
10,1.54872,0.140298
10,1.54872,0.140298
10,1.54872,0.140298
10,1.54872,0.140298
10,1.54872,0.140298
10,1.54872,0.140298
10,1.54872,0.140298
10,1.54872,0.140298
10,1.54872,0.140298
10,1.54872,0.140298
10,1.54872,0.140298
10,1.54872,0.140298
10,1.54872,0.140298
10,1.54872,0.140298
10,1.54872,0.140298
10,1.54872,0.140298
10,1.54872,0.140298
10,1.54872,0.140298
10,1.54872,0.140298
10,1.54872,0.140298
10,1.54872,0.140298
10,1.54872,0.140298
10,1.54872,0.140298
10,1.54872,0.140298
10,1.54872,0.140298
10,1.54872,0.140298
10,1.54872,0.140298
10,1.54872,0.140298
10,1.54872,0.140298
10,1.54872,0.140298
10,1.54872,0.140298
10,1.54872,0.140298
10,1.54872,0.140298
10,1.54872,0.140298
10,1.54872,0.140298
10,1.54872,0.140298
10,1.54872,0.140298
10,1.54872,0.140298
10,1.54872,0.140298
10,1.54872,0.140298
10,1.54872,0.140298
10,1.54872,0.140298
10,1.54872,0.140298
10,1.54872,0.140298
10,1.54872,0.140298
10,1.54872,0.140298
10,1.54872,0.140298
10,1.54872,0.140298
10,1.54872,0.140298
10,1.54872,0.140298
10,1.54872,0.140298
10,1.54872,0.140298
10,1.54872,0.140298
10,1.54872,0.140298
10,1.54872,0.140298
10,1.54872,0.140298
10,1.54872,0.140298
10,1.54872,0.140298
10,1.54872,0.140298
10,1.54872,0.140298
10,1.54872,0.140298
10,1.54872,0.140298
10,1.54872,0.140298
10,1.54872,0.140298
10,1.54872,0.140298
10,1.54872,0.140298
10,1.54872,0.140298
10,1.54872,0.140298
10,1.54872,0.140298
10,1.54872,0.140298
10,1.54872,0.140298
10,1.54872,0.140298
10,1.54872,0.140298
10,1.54872,0.140298
10,1.54872,0.140298
10,1.54872,0.140298
10,1.54872,0.140298
10,1.54872,0.140298
10,1.54872,0.140298
10,1.54872,0.140298
10,1.54872,0.140298
10,1.54872,0.140298
10,1.54872,0.140298
10,1.54872,0.140298
10,1.54872,0.140298
10,1.54872,0.140298
10,1.54872,0.140298
10,1.54872,0.140298
10,1.54872,0.140298
10,1.54872,0.140298
10,1.54872,0.140298
10,1.54872,0.140298
10,1.54872,0.140298
10,1.54872,0.140298
10,1.54872,0.140298
10,1.54872,0.140298
10,1.54872,0.140298
10,1.54872,0.140298
10,1.54872,0.140298
10,1.54872,0.140298
10,1.54872,0.140298
10,1.54872,0.140298
10,1.54872,0.140298
10,1.54872,0.140298
10,1.54872,0.140298
10,1.54872,0.140298
10,1.54872,0.140298
10,1.54872,0.140298
10,1.54872,0.140298
10,1.54872,0.140298
10,1.54872,0.140298
10,1.54872,0.140298
10,1.54872,0.140298
10,1.54872,0.140298
10,1.54872,0.140298
10,1.54872,0.140298
10,1.54872,0.140298
10,1.54872,0.140298
10,1.54872,0.140298
10,1.54872,0.140298
10,1.54872,0.140298
10,1.54872,0.140298
10,1.54872,0.140298
10,1.54872,0.140298
10,1.54872,0.140298
10,1.54872,0.140298
10,1.54872,0.140298
10,1.54872,0.140298
10,1.54872,0.140298
10,1.54872,0.140298
10,1.54872,0.140298
10,1.54872,0.140298
10,1.54872,0.140298
10,1.54872,0.140298
10,1.54872,0.140298
10,1.54872,0.140298
10,1.54872,0.140298
10,1.54872,0.140298
10,1.54872,0.140298
10,1.54872,0.140298
10,1.54872,0.140298
10,1.54872,0.140298
10,1.54872,0.140298
10,1.54872,0.140298
10,1.54872,0.140298
10,1.54872,0.140298
10,1.54872,0.140298
10,1.54872,0.140298
10,1.54872,0.140298
10,1.54872,0.140298
10,1.54872,0.140298
10,1.54872,0.140298
10,1.54872,0.140298
10,1.54872,0.140298
10,1.54872,0.140298
10,1.54872,0.140298
10,1.54872,0.140298
10,1.54872,0.140298
10,1.54872,0.140298
10,1.54872,0.140298
10,1.54872,0.140298
10,1.5485,0.140417
10,1.5473,0.141066
10,1.5473,0.141066
10,1.5473,0.141066
10,1.5473,0.141066
10,1.5473,0.141066
10,1.5473,0.141066
10,1.5473,0.141066
10,1.5473,0.141066
10,1.5473,0.141066
10,1.5473,0.141066
10,1.5473,0.141066
10,1.5473,0.141066
10,1.5473,0.141066
10,1.5473,0.141066
10,1.5473,0.141066
10,1.5473,0.141066
10,1.5473,0.141066
10,1.5473,0.141066
10,1.5473,0.141066
10,1.5473,0.141066
10,1.5473,0.141066
10,1.5473,0.141066
10,1.5473,0.141066
10,1.5473,0.141066
10,1.5473,0.141066
10,1.5473,0.141066
10,1.5473,0.141066
10,1.5473,0.141066
10,1.5473,0.141066
10,1.5473,0.141066
10,1.5473,0.141066
10,1.5473,0.141066
10,1.5473,0.141066
10,1.5473,0.141066
10,1.5473,0.141066
10,1.5473,0.141066
10,1.5473,0.141066
10,1.5473,0.141066
10,1.5473,0.141066
10,1.5473,0.141066
10,1.5473,0.141066
10,1.5473,0.141066
10,1.5473,0.141066
10,1.5473,0.141066
10,1.5473,0.141066
10,1.5473,0.141066
10,1.5473,0.141066
10,1.5473,0.141066
10,1.5473,0.141066
10,1.5473,0.141066
10,1.5473,0.141066
10,1.5473,0.141066
10,1.5473,0.141066
10,1.5473,0.141066
10,1.5473,0.141066
10,1.5473,0.141066
10,1.5473,0.141066
10,1.5473,0.141066
10,1.5473,0.141066
10,1.5473,0.141066
10,1.5473,0.141066
10,1.5473,0.141066
10,1.5473,0.141066
10,1.5473,0.141066
10,1.5473,0.141066
10,1.5473,0.141066
10,1.5473,0.141066
10,1.5473,0.141066
10,1.5473,0.141066
10,1.5473,0.141066
10,1.5473,0.141066
10,1.5473,0.141066
10,1.5473,0.141066
10,1.5473,0.141066
10,1.5473,0.141066
10,1.5473,0.141066
10,1.5473,0.141066
10,1.5473,0.141066
10,1.5473,0.141066
10,1.47717,0.131349
10,1.47612,0.131875
10,1.47612,0.131875
10,1.47612,0.131875
10,1.47612,0.131875
10,1.47612,0.131875
10,1.47612,0.131875
10,1.47612,0.131875
10,1.47612,0.131875
10,1.47612,0.131875
10,1.47612,0.131875
10,1.47612,0.131875
10,1.47612,0.131875
10,1.47612,0.131875
10,1.47612,0.131875
10,1.47612,0.131875
10,1.47612,0.131875
10,1.47612,0.131875
10,1.47612,0.131875
10,1.47612,0.131875
10,1.47612,0.131875
10,1.47612,0.131875
10,1.47612,0.131875
10,1.47612,0.131875
10,1.47612,0.131875
10,1.47612,0.131875
10,1.47612,0.131875
10,1.47612,0.131875
10,1.47612,0.131875
10,1.47612,0.131875
10,1.47612,0.131875
10,1.47612,0.131875
10,1.47612,0.131875
10,1.47612,0.131875
10,1.47612,0.131875
10,1.47612,0.131875
10,1.47612,0.131875
10,1.47612,0.131875
10,1.47612,0.131875
10,1.47612,0.131875
10,1.47612,0.131875
10,1.47612,0.131875
10,1.47612,0.131875
10,1.47612,0.131875
10,1.47612,0.131875
10,1.47612,0.131875
10,1.47612,0.131875
10,1.47612,0.131875
10,1.47612,0.131875
10,1.47612,0.131875
10,1.47612,0.131875
10,1.47612,0.131875
10,1.47612,0.131875
10,1.47612,0.131875
10,1.47612,0.131875
10,1.47612,0.131875
10,1.47612,0.131875
10,1.47612,0.131875
10,1.47612,0.131875
10,1.47612,0.131875
10,1.47612,0.131875
10,1.47612,0.131875
10,1.47612,0.131875
10,1.47612,0.131875
10,1.47612,0.131875
10,1.47612,0.131875
10,1.47612,0.131875
10,1.47612,0.131875
10,1.47612,0.131875
10,1.47612,0.131875
10,1.47612,0.131875
10,1.47612,0.131875
10,1.47612,0.131875
10,1.47612,0.131875
10,1.47612,0.131875
10,1.47612,0.131875
10,1.47612,0.131875
10,1.47612,0.131875
10,1.47612,0.131875
10,1.47612,0.131875
10,1.47612,0.131875
10,1.47612,0.131875
10,1.47612,0.131875
10,1.47612,0.131875
10,1.47612,0.131875
10,1.47612,0.131875
10,1.47612,0.131875
10,1.47612,0.131875
10,1.47612,0.131875
10,1.47612,0.131875
10,1.47612,0.131875
10,1.47612,0.131875
10,1.47612,0.131875
10,1.47612,0.131875
10,1.47612,0.131875
10,1.47612,0.131875
10,1.47612,0.131875
10,1.47612,0.131875
10,1.47612,0.131875
10,1.47612,0.131875
10,1.47612,0.131875
10,1.47612,0.131875
10,1.47612,0.131875
10,1.47612,0.131875
10,1.47612,0.131875
10,1.47612,0.131875
10,1.47612,0.131875
10,1.47612,0.131875
10,1.47612,0.131875
10,1.47612,0.131875
10,1.47612,0.131875
10,1.47612,0.131875
10,1.47612,0.131875
10,1.47612,0.131875
10,1.47612,0.131875
10,1.47612,0.131875
10,1.47612,0.131875
10,1.47612,0.131875
10,1.47612,0.131875
10,1.47612,0.131875
10,1.47612,0.131875
10,1.47612,0.131875
10,1.47612,0.131875
10,1.47612,0.131875
10,1.47612,0.131875
10,1.47612,0.131875
10,1.47612,0.131875
10,1.47612,0.131875
10,1.47612,0.131875
10,1.47612,0.131875
10,1.47612,0.131875
10,1.47612,0.131875
10,1.47612,0.131875
10,1.47612,0.131875
10,1.47612,0.131875
10,1.47612,0.131875
10,1.47612,0.131875
10,1.47612,0.131875
10,1.47612,0.131875
10,1.47612,0.131875
10,1.47612,0.131875
10,1.47612,0.131875
10,1.47612,0.131875
10,1.47612,0.131875
10,1.47612,0.131875
10,1.47612,0.131875
10,1.47612,0.131875
10,1.47612,0.131875
10,1.47612,0.131875
10,1.47612,0.131875
10,1.47612,0.131875
10,1.47612,0.131875
10,1.47612,0.131875
10,1.47612,0.131875
10,1.47612,0.131875
10,1.47612,0.131875
10,1.47612,0.131875
10,1.47612,0.131875
10,1.47612,0.131875
10,1.47612,0.131875
10,1.47612,0.131875
10,1.47612,0.131875
10,1.47612,0.131875
10,1.47612,0.131875
10,1.47612,0.131875
10,1.47612,0.131875
10,1.47612,0.131875
10,1.47612,0.131875
10,1.47612,0.131875
10,1.47612,0.131875
10,1.47612,0.131875
10,1.47612,0.131875
10,1.47612,0.131875
10,1.47612,0.131875
10,1.47612,0.131875
10,1.47612,0.131875
10,1.47612,0.131875
10,1.47612,0.131875
10,1.47612,0.131875
10,1.47612,0.131875
10,1.47612,0.131875
10,1.47612,0.131875
10,1.47612,0.131875
10,1.47612,0.131875
10,1.47612,0.131875
10,1.47612,0.131875
10,1.47612,0.131875
10,1.47612,0.131875
10,1.47612,0.131875
10,1.47612,0.131875
10,1.47612,0.131875
10,1.47612,0.131875
10,1.47612,0.131875
10,1.47612,0.131875
10,1.47612,0.131875
10,1.47612,0.131875
10,1.47612,0.131875
10,1.47612,0.131875
10,1.47612,0.131875
10,1.47612,0.131875
10,1.47612,0.131875
10,1.47612,0.131875
10,1.47612,0.131875
10,1.47612,0.131875
10,1.47612,0.131875
10,1.47612,0.131875
10,1.47612,0.131875
10,1.47612,0.131875
10,1.47612,0.131875
10,1.47612,0.131875
10,1.47612,0.131875
10,1.47612,0.131875
10,1.47612,0.131875
10,1.47612,0.131875
10,1.47612,0.131875
10,1.47612,0.131875
10,1.47612,0.131875
10,1.47612,0.131875
10,1.47612,0.131875
10,1.47612,0.131875
10,1.47612,0.131875
10,1.47612,0.131875
10,1.47612,0.131875
10,1.47612,0.131875
10,1.47612,0.131875
10,1.47612,0.131875
10,1.47612,0.131875
10,1.47612,0.131875
10,1.47612,0.131875
10,1.47612,0.131875
10,1.47612,0.131875
10,1.47612,0.131875
10,1.47612,0.131875
10,1.47612,0.131875
10,1.47612,0.131875
10,1.47612,0.131875
10,1.47612,0.131875
10,1.47612,0.131875
10,1.47612,0.131875
10,1.47612,0.131875
10,1.47612,0.131875
10,1.47612,0.131875
10,1.47612,0.131875
10,1.47612,0.131875
10,1.47612,0.131875
10,1.47612,0.131875
10,1.47612,0.131875
10,1.47612,0.131875
10,1.47612,0.131875
10,1.47612,0.131875
10,1.47612,0.131875
10,1.47612,0.131875
10,1.47612,0.131875
10,1.47612,0.131875
10,1.47612,0.131875
10,1.47612,0.131875
10,1.47612,0.131875
10,1.47612,0.131875
10,1.47612,0.131875
10,1.47612,0.131875
10,1.47612,0.131875
10,1.47612,0.131875
10,1.47612,0.131875
10,1.47612,0.131875
10,1.47612,0.131875
10,1.47612,0.131875
10,1.47612,0.131875
10,1.47612,0.131875
10,1.47612,0.131875
10,1.47612,0.131875
10,1.47612,0.131875
10,1.47612,0.131875
10,1.47612,0.131875
10,1.47612,0.131875
10,1.47612,0.131875
10,1.47612,0.131875
10,1.47612,0.131875
10,1.47612,0.131875
10,1.47612,0.131875
10,1.47612,0.131875
10,1.47612,0.131875
10,1.47612,0.131875
10,1.47612,0.131875
10,1.47612,0.131875
10,1.47612,0.131875
10,1.47612,0.131875
10,1.47612,0.131875
10,1.47612,0.131875
10,1.47612,0.131875
10,1.47612,0.131875
10,1.47612,0.131875
10,1.47612,0.131875
10,1.47612,0.131875
10,1.47612,0.131875
10,1.47612,0.131875
10,1.47612,0.131875
10,1.47612,0.131875
10,1.47612,0.131875
10,1.47612,0.131875
10,1.47612,0.131875
10,1.47612,0.131875
10,1.47612,0.131875
10,1.47612,0.131875
10,1.47612,0.131875
10,1.47612,0.131875
10,1.47612,0.131875
10,1.47612,0.131875
10,1.47612,0.131875
10,1.47612,0.131875
10,1.47612,0.131875
10,1.47612,0.131875
10,1.47612,0.131875
10,1.47612,0.131875
10,1.47612,0.131875
10,1.47612,0.131875
10,1.47612,0.131875
10,1.47612,0.131875
10,1.47612,0.131875
10,1.47612,0.131875
10,1.47612,0.131875
10,1.47612,0.131875
10,1.47612,0.131875
10,1.47612,0.131875
10,1.47612,0.131875
10,1.47612,0.131875
10,1.47612,0.131875
10,1.47612,0.131875
10,1.47612,0.131875
10,1.47612,0.131875
10,1.47612,0.131875
10,1.47612,0.131875
10,1.47612,0.131875
10,1.47612,0.131875
10,1.47612,0.131875
10,1.47612,0.131875
10,1.47612,0.131875
10,1.47612,0.131875
10,1.47612,0.131875
10,1.47612,0.131875
10,1.47612,0.131875
10,1.47612,0.131875
10,1.47612,0.131875
10,1.47612,0.131875
10,1.47612,0.131875
10,1.47612,0.131875
10,1.47612,0.131875
10,1.47612,0.131875
10,1.47612,0.131875
10,1.47612,0.131875
10,1.47612,0.131875
10,1.47612,0.131875
10,1.47612,0.131875
10,1.47612,0.131875
10,1.47612,0.131875
10,1.47612,0.131875
10,1.47612,0.131875
10,1.47612,0.131875
10,1.47612,0.131875
10,1.47612,0.131875
10,1.47612,0.131875
10,1.47167,0.12847
10,1.46417,0.123535
10,1.46417,0.123535
10,1.46417,0.123535
10,1.46417,0.123535
10,1.46417,0.123535
10,1.46417,0.123535
10,1.46417,0.123535
10,1.37797,0.0915179
10,1.37335,0.0935766
10,1.37335,0.0935766
10,1.37335,0.0935766
10,1.37335,0.0935766
10,1.37335,0.0935766
10,1.37335,0.0935766
10,1.37335,0.0935766
10,1.37335,0.0935766
10,1.37335,0.0935766
10,1.37335,0.0935766
10,1.37335,0.0935766
10,1.37335,0.0935766
10,1.37335,0.0935766
10,1.37335,0.0935766
10,1.37335,0.0935766
10,1.37335,0.0935766
10,1.37335,0.0935766
10,1.37335,0.0935766
10,1.37335,0.0935766
10,1.37335,0.0935766
10,1.37335,0.0935766
10,1.37335,0.0935766
10,1.37335,0.0935766
10,1.37335,0.0935766
10,1.37335,0.0935766
10,1.37335,0.0935766
10,1.37335,0.0935766
10,1.37335,0.0935766
10,1.37335,0.0935766
10,1.37335,0.0935766
10,1.37335,0.0935766
10,1.37335,0.0935766
10,1.37335,0.0935766
10,1.37335,0.0935766
10,1.37335,0.0935766
10,1.37335,0.0935766
10,1.37335,0.0935766
10,1.37335,0.0935766
10,1.37335,0.0935766
10,1.37335,0.0935766
10,1.37335,0.0935766
10,1.37335,0.0935766
10,1.37335,0.0935766
10,1.37335,0.0935766
10,1.37335,0.0935766
10,1.37335,0.0935766
10,1.37335,0.0935766
10,1.37335,0.0935766
10,1.37335,0.0935766
10,1.37335,0.0935766
10,1.37335,0.0935766
10,1.37335,0.0935766
10,1.37335,0.0935766
10,1.37335,0.0935766
10,1.37335,0.0935766
10,1.37335,0.0935766
10,1.37335,0.0935766
10,1.37335,0.0935766
10,1.37335,0.0935766
10,1.37335,0.0935766
10,1.37335,0.0935766
10,1.37335,0.0935766
10,1.37335,0.0935766
10,1.37335,0.0935766
10,1.37335,0.0935766
10,1.37335,0.0935766
10,1.37335,0.0935766
10,1.37335,0.0935766
10,1.37335,0.0935766
10,1.37335,0.0935766
10,1.37335,0.0935766
10,1.37335,0.0935766
10,1.37335,0.0935766
10,1.37335,0.0935766
10,1.37335,0.0935766
10,1.37335,0.0935766
10,1.37335,0.0935766
10,1.37335,0.0935766
10,1.37335,0.0935766
10,1.37335,0.0935766
10,1.37335,0.0935766
10,1.37335,0.0935766
10,1.37335,0.0935766
10,1.37335,0.0935766
10,1.37335,0.0935766
10,1.37335,0.0935766
10,1.37335,0.0935766
10,1.37335,0.0935766
10,1.37335,0.0935766
10,1.37335,0.0935766
10,1.37335,0.0935766
10,1.37335,0.0935766
10,1.37335,0.0935766
10,1.37335,0.0935766
10,1.37335,0.0935766
10,1.37335,0.0935766
10,1.37335,0.0935766
10,1.37335,0.0935766
10,1.37335,0.0935766
10,1.37335,0.0935766
10,1.37335,0.0935766
10,1.37335,0.0935766
10,1.37335,0.0935766
10,1.37335,0.0935766
10,1.37335,0.0935766
10,1.37335,0.0935766
10,1.37335,0.0935766
10,1.37335,0.0935766
10,1.37335,0.0935766
10,1.37335,0.0935766
10,1.37335,0.0935766
10,1.37172,0.0945016
10,1.36999,0.0955326
10,1.36999,0.0955326
10,1.36999,0.0955326
10,1.36999,0.0955326
10,1.36999,0.0955326
10,1.36999,0.0955326
10,1.36999,0.0955326
10,1.36999,0.0955326
10,1.36999,0.0955326
10,1.36999,0.0955326
10,1.36999,0.0955326
10,1.36999,0.0955326
10,1.36999,0.0955326
10,1.36999,0.0955326
10,1.36999,0.0955326
10,1.36999,0.0955326
10,1.36999,0.0955326
10,1.36999,0.0955326
10,1.36999,0.0955326
10,1.36999,0.0955326
10,1.36999,0.0955326
10,1.36999,0.0955326
10,1.36999,0.0955326
10,1.36999,0.0955326
10,1.36999,0.0955326
10,1.36999,0.0955326
10,1.36999,0.0955326
10,1.36999,0.0955326
10,1.36999,0.0955326
10,1.36999,0.0955326
10,1.36999,0.0955326
10,1.36999,0.0955326
10,1.36999,0.0955326
10,1.36999,0.0955326
10,1.36999,0.0955326
10,1.36999,0.0955326
10,1.36999,0.0955326
10,1.36999,0.0955326
10,1.36999,0.0955326
10,1.36999,0.0955326
10,1.36999,0.0955326
10,1.36999,0.0955326
10,1.36999,0.0955326
10,1.36999,0.0955326
10,1.36999,0.0955326
10,1.36999,0.0955326
10,1.36999,0.0955326
10,1.36999,0.0955326
10,1.36999,0.0955326
10,1.36999,0.0955326
10,1.36999,0.0955326
10,1.36999,0.0955326
10,1.36999,0.0955326
10,1.36999,0.0955326
10,1.36999,0.0955326
10,1.36999,0.0955326
10,1.36999,0.0955326
10,1.36999,0.0955326
10,1.36999,0.0955326
10,1.36999,0.0955326
10,1.36999,0.0955326
10,1.36999,0.0955326
10,1.36999,0.0955326
10,1.36999,0.0955326
10,1.36999,0.0955326
10,1.36999,0.0955326
10,1.36999,0.0955326
10,1.36999,0.0955326
10,1.36999,0.0955326
10,1.36999,0.0955326
10,1.36999,0.0955326
10,1.36999,0.0955326
10,1.36999,0.0955326
10,1.36999,0.0955326
10,1.36999,0.0955326
10,1.36999,0.0955326
10,1.36999,0.0955326
10,1.36999,0.0955326
10,1.36999,0.0955326
10,1.36999,0.0955326
10,1.36999,0.0955326
10,1.36999,0.0955326
10,1.36999,0.0955326
10,1.36999,0.0955326
10,1.36999,0.0955326
10,1.36999,0.0955326
10,1.36999,0.0955326
10,1.36999,0.0955326
10,1.36999,0.0955326
10,1.36999,0.0955326
10,1.36999,0.0955326
10,1.36999,0.0955326
10,1.36999,0.0955326
10,1.36999,0.0955326
10,1.36999,0.0955326
10,1.36999,0.0955326
10,1.36999,0.0955326
10,1.36999,0.0955326
10,1.36999,0.0955326
10,1.36999,0.0955326
10,1.36999,0.0955326
10,1.36999,0.0955326
10,1.36999,0.0955326
10,1.36999,0.0955326
10,1.36999,0.0955326
10,1.36999,0.0955326
10,1.36999,0.0955326
10,1.36999,0.0955326
10,1.36999,0.0955326
10,1.36999,0.0955326
10,1.36999,0.0955326
10,1.36999,0.0955326
10,1.36999,0.0955326
10,1.36999,0.0955326
10,1.36999,0.0955326
10,1.36999,0.0955326
10,1.36999,0.0955326
10,1.36999,0.0955326
10,1.36999,0.0955326
10,1.36999,0.0955326
10,1.36999,0.0955326
10,1.36999,0.0955326
10,1.36999,0.0955326
10,1.36999,0.0955326
10,1.36999,0.0955326
10,1.36999,0.0955326
10,1.36999,0.0955326
10,1.36999,0.0955326
10,1.36999,0.0955326
10,1.36999,0.0955326
10,1.36999,0.0955326
10,1.36999,0.0955326
10,1.36999,0.0955326
10,1.36999,0.0955326
10,1.36999,0.0955326
10,1.36999,0.0955326
10,1.36999,0.0955326
10,1.36999,0.0955326
10,1.36999,0.0955326
10,1.36999,0.0955326
10,1.36999,0.0955326
10,1.36999,0.0955326
10,1.36999,0.0955326
10,1.36999,0.0955326
10,1.36999,0.0955326
10,1.36999,0.0955326
10,1.36999,0.0955326
10,1.36999,0.0955326
10,1.36999,0.0955326
10,1.36999,0.0955326
10,1.36999,0.0955326
10,1.36999,0.0955326
10,1.36999,0.0955326
10,1.36999,0.0955326
10,1.36999,0.0955326
10,1.36999,0.0955326
10,1.36999,0.0955326
10,1.36999,0.0955326
10,1.36999,0.0955326
10,1.36999,0.0955326
10,1.36999,0.0955326
10,1.36999,0.0955326
10,1.36999,0.0955326
10,1.36999,0.0955326
10,1.36999,0.0955326
10,1.36999,0.0955326
10,1.36999,0.0955326
10,1.36999,0.0955326
10,1.36999,0.0955326
10,1.36999,0.0955326
10,1.36999,0.0955326
10,1.36999,0.0955326
10,1.36999,0.0955326
10,1.36999,0.0955326
10,1.36999,0.0955326
10,1.36999,0.0955326
10,1.36999,0.0955326
10,1.36999,0.0955326
10,1.36999,0.0955326
10,1.36999,0.0955326
10,1.36999,0.0955326
10,1.36999,0.0955326
10,1.36999,0.0955326
10,1.36999,0.0955326
10,1.36999,0.0955326
10,1.36999,0.0955326
10,1.36999,0.0955326
10,1.36999,0.0955326
10,1.36999,0.0955326
10,1.36999,0.0955326
10,1.36999,0.0955326
10,1.36999,0.0955326
10,1.36999,0.0955326
10,1.36999,0.0955326
10,1.36999,0.0955326
10,1.36999,0.0955326
10,1.36999,0.0955326
10,1.36999,0.0955326
10,1.36999,0.0955326
10,1.36999,0.0955326
10,1.36999,0.0955326
10,1.36999,0.0955326
10,1.36999,0.0955326
10,1.36999,0.0955326
10,1.36999,0.0955326
10,1.36999,0.0955326
10,1.36999,0.0955326
10,1.36999,0.0955326
10,1.36999,0.0955326
10,1.36999,0.0955326
10,1.36999,0.0955326
10,1.36999,0.0955326
10,1.36999,0.0955326
10,1.36999,0.0955326
10,1.36999,0.0955326
10,1.36999,0.0955326
10,1.36999,0.0955326
10,1.36999,0.0955326
10,1.36999,0.0955326
10,1.36999,0.0955326
10,1.36999,0.0955326
10,1.36999,0.0955326
10,1.36999,0.0955326
10,1.36999,0.0955326
10,1.36999,0.0955326
10,1.36999,0.0955326
10,1.36999,0.0955326
10,1.36999,0.0955326
10,1.36999,0.0955326
10,1.36999,0.0955326
10,1.36999,0.0955326
10,1.36999,0.0955326
10,1.36999,0.0955326
10,1.36999,0.0955326
10,1.36999,0.0955326
10,1.36999,0.0955326
10,1.36999,0.0955326
10,1.36999,0.0955326
10,1.36999,0.0955326
10,1.36999,0.0955326
10,1.36999,0.0955326
10,1.36999,0.0955326
10,1.36999,0.0955326
10,1.36999,0.0955326
10,1.36999,0.0955326
10,1.36999,0.0955326
10,1.36999,0.0955326
10,1.36999,0.0955326
10,1.36999,0.0955326
10,1.36999,0.0955326
10,1.36999,0.0955326
10,1.36499,0.0975679
10,1.36347,0.0982756
10,1.36347,0.0982756
10,1.36347,0.0982756
10,1.36347,0.0982756
10,1.36347,0.0982756
10,1.36347,0.0982756
10,1.36347,0.0982756
10,1.36347,0.0982756
10,1.36347,0.0982756
10,1.36347,0.0982756
10,1.36347,0.0982756
10,1.36347,0.0982756
10,1.36347,0.0982756
10,1.36347,0.0982756
10,1.36347,0.0982756
10,1.36347,0.0982756
10,1.36347,0.0982756
10,1.36347,0.0982756
10,1.36347,0.0982756
10,1.36347,0.0982756
10,1.36347,0.0982756
10,1.36347,0.0982756
10,1.36347,0.0982756
10,1.36347,0.0982756
10,1.36347,0.0982756
10,1.36347,0.0982756
10,1.36347,0.0982756
10,1.36347,0.0982756
10,1.36347,0.0982756
10,1.36347,0.0982756
10,1.36347,0.0982756
10,1.36347,0.0982756
10,1.36347,0.0982756
10,1.36347,0.0982756
10,1.36347,0.0982756
10,1.36347,0.0982756
10,1.36347,0.0982756
10,1.36347,0.0982756
10,1.36347,0.0982756
10,1.36347,0.0982756
10,1.36347,0.0982756
10,1.36347,0.0982756
10,1.36347,0.0982756
10,1.36347,0.0982756
10,1.36347,0.0982756
10,1.36347,0.0982756
10,1.36347,0.0982756
10,1.36347,0.0982756
10,1.36347,0.0982756
10,1.36347,0.0982756
10,1.36347,0.0982756
10,1.36347,0.0982756
10,1.36347,0.0982756
10,1.36347,0.0982756
10,1.36347,0.0982756
10,1.36347,0.0982756
10,1.36347,0.0982756
10,1.36347,0.0982756
10,1.36347,0.0982756
10,1.36347,0.0982756
10,1.36347,0.0982756
10,1.36347,0.0982756
10,1.36347,0.0982756
10,1.36347,0.0982756
10,1.36347,0.0982756
10,1.36347,0.0982756
10,1.36347,0.0982756
10,1.36347,0.0982756
10,1.36347,0.0982756
10,1.36347,0.0982756
10,1.36347,0.0982756
10,1.36347,0.0982756
10,1.36347,0.0982756
10,1.36347,0.0982756
10,1.36347,0.0982756
10,1.36347,0.0982756
10,1.36347,0.0982756
10,1.36347,0.0982756
10,1.36347,0.0982756
10,1.36347,0.0982756
10,1.36347,0.0982756
10,1.36347,0.0982756
10,1.36347,0.0982756
10,1.36347,0.0982756
10,1.36347,0.0982756
10,1.36347,0.0982756
10,1.36347,0.0982756
10,1.36347,0.0982756
10,1.36347,0.0982756
10,1.36347,0.0982756
10,1.36347,0.0982756
10,1.36347,0.0982756
10,1.36347,0.0982756
10,1.36347,0.0982756
10,1.36347,0.0982756
10,1.36347,0.0982756
10,1.36347,0.0982756
10,1.36347,0.0982756
10,1.36347,0.0982756
10,1.36347,0.0982756
10,1.36347,0.0982756
10,1.36347,0.0982756
10,1.36347,0.0982756
10,1.36347,0.0982756
10,1.36347,0.0982756
10,1.36347,0.0982756
10,1.36347,0.0982756
10,1.36347,0.0982756
10,1.36347,0.0982756
10,1.36347,0.0982756
10,1.36347,0.0982756
10,1.36347,0.0982756
10,1.36347,0.0982756
10,1.36347,0.0982756
10,1.36347,0.0982756
10,1.36347,0.0982756
10,1.36347,0.0982756
10,1.36347,0.0982756
10,1.36347,0.0982756
10,1.36347,0.0982756
10,1.36347,0.0982756
10,1.36347,0.0982756
10,1.36347,0.0982756
10,1.36347,0.0982756
10,1.36347,0.0982756
10,1.36347,0.0982756
10,1.36347,0.0982756
10,1.36347,0.0982756
10,1.36347,0.0982756
10,1.36347,0.0982756
10,1.36347,0.0982756
10,1.36347,0.0982756
10,1.36347,0.0982756
10,1.36347,0.0982756
10,1.36347,0.0982756
10,1.36347,0.0982756
10,1.36347,0.0982756
10,1.36347,0.0982756
10,1.36347,0.0982756
10,1.36347,0.0982756
10,1.36347,0.0982756
10,1.36347,0.0982756
10,1.36347,0.0982756
10,1.36347,0.0982756
10,1.36347,0.0982756
10,1.36347,0.0982756
10,1.36347,0.0982756
10,1.36347,0.0982756
10,1.36347,0.0982756
10,1.36347,0.0982756
10,1.36347,0.0982756
10,1.36347,0.0982756
10,1.36347,0.0982756
10,1.36347,0.0982756
10,1.36347,0.0982756
10,1.36347,0.0982756
10,1.36347,0.0982756
10,1.36347,0.0982756
10,1.36347,0.0982756
10,1.36347,0.0982756
10,1.36347,0.0982756
10,1.36347,0.0982756
10,1.36347,0.0982756
10,1.36347,0.0982756
10,1.36347,0.0982756
10,1.36347,0.0982756
10,1.36347,0.0982756
10,1.36347,0.0982756
10,1.36347,0.0982756
10,1.36347,0.0982756
10,1.36347,0.0982756
10,1.36347,0.0982756
10,1.36347,0.0982756
10,1.36347,0.0982756
10,1.36347,0.0982756
10,1.36347,0.0982756
10,1.36347,0.0982756
10,1.36347,0.0982756
10,1.36347,0.0982756
10,1.36347,0.0982756
10,1.36347,0.0982756
10,1.36347,0.0982756
10,1.36347,0.0982756
10,1.36347,0.0982756
10,1.36347,0.0982756
10,1.36347,0.0982756
10,1.36347,0.0982756
10,1.36347,0.0982756
10,1.36347,0.0982756
10,1.36347,0.0982756
10,1.36347,0.0982756
10,1.36347,0.0982756
10,1.36347,0.0982756
10,1.36347,0.0982756
10,1.36347,0.0982756
10,1.36347,0.0982756
10,1.36347,0.0982756
10,1.36347,0.0982756
10,1.36347,0.0982756
10,1.36347,0.0982756
10,1.36347,0.0982756
10,1.36347,0.0982756
10,1.36347,0.0982756
10,1.36347,0.0982756
10,1.36347,0.0982756
10,1.36347,0.0982756
10,1.36347,0.0982756
10,1.36347,0.0982756
10,1.36347,0.0982756
10,1.36347,0.0982756
10,1.36347,0.0982756
10,1.36347,0.0982756
10,1.36347,0.0982756
10,1.36347,0.0982756
10,1.36347,0.0982756
10,1.36347,0.0982756
10,1.36347,0.0982756
10,1.36347,0.0982756
10,1.36347,0.0982756
10,1.36347,0.0982756
10,1.36347,0.0982756
10,1.36347,0.0982756
10,1.36347,0.0982756
10,1.36347,0.0982756
10,1.36347,0.0982756
10,1.36347,0.0982756
10,1.36347,0.0982756
10,1.36306,0.0983531
10,1.36152,0.0986693
10,1.36152,0.0986693
10,1.36152,0.0986693
10,1.36152,0.0986693
10,1.36152,0.0986693
10,1.36152,0.0986693
10,1.36152,0.0986693
10,1.36152,0.0986693
10,1.36152,0.0986693
10,1.36152,0.0986693
10,1.36152,0.0986693
10,1.36152,0.0986693
10,1.36152,0.0986693
10,1.36152,0.0986693
10,1.36152,0.0986693
10,1.36152,0.0986693
10,1.36152,0.0986693
10,1.36152,0.0986693
10,1.36152,0.0986693
10,1.36152,0.0986693
10,1.36152,0.0986693
10,1.36152,0.0986693
10,1.36152,0.0986693
10,1.36152,0.0986693
10,1.36152,0.0986693
10,1.36152,0.0986693
10,1.36152,0.0986693
10,1.36152,0.0986693
10,1.36152,0.0986693
10,1.36152,0.0986693
10,1.36152,0.0986693
10,1.36152,0.0986693
10,1.36152,0.0986693
10,1.36152,0.0986693
10,1.36152,0.0986693
10,1.36152,0.0986693
10,1.36152,0.0986693
10,1.36152,0.0986693
10,1.36152,0.0986693
10,1.36152,0.0986693
10,1.36152,0.0986693
10,1.36152,0.0986693
10,1.36152,0.0986693
10,1.36152,0.0986693
10,1.36152,0.0986693
10,1.36152,0.0986693
10,1.36152,0.0986693
10,1.36152,0.0986693
10,1.36152,0.0986693
10,1.36152,0.0986693
10,1.36152,0.0986693
10,1.36152,0.0986693
10,1.36152,0.0986693
10,1.36152,0.0986693
10,1.36152,0.0986693
10,1.36152,0.0986693
10,1.36152,0.0986693
10,1.36152,0.0986693
10,1.36152,0.0986693
10,1.36152,0.0986693
10,1.36152,0.0986693
10,1.36152,0.0986693
10,1.36152,0.0986693
10,1.36152,0.0986693
10,1.36152,0.0986693
10,1.36152,0.0986693
10,1.36152,0.0986693
10,1.36152,0.0986693
10,1.36152,0.0986693
10,1.36152,0.0986693
10,1.36152,0.0986693
10,1.36152,0.0986693
10,1.36152,0.0986693
10,1.36152,0.0986693
10,1.36152,0.0986693
10,1.36152,0.0986693
10,1.36152,0.0986693
10,1.36152,0.0986693
10,1.36152,0.0986693
10,1.36152,0.0986693
10,1.36152,0.0986693
10,1.36152,0.0986693
10,1.36152,0.0986693
10,1.36152,0.0986693
10,1.36152,0.0986693
10,1.36152,0.0986693
10,1.36152,0.0986693
10,1.36152,0.0986693
10,1.36152,0.0986693
10,1.36152,0.0986693
10,1.36152,0.0986693
10,1.31938,0.081113
10,1.31938,0.081113
10,1.31938,0.081113
10,1.31938,0.081113
10,1.31938,0.081113
10,1.31938,0.081113
10,1.31938,0.081113
10,1.31938,0.081113
10,1.31938,0.081113
10,1.30742,0.0819522
10,1.30742,0.0819522
10,1.30742,0.0819522
10,1.30742,0.0819522
10,1.30742,0.0819522
10,1.30742,0.0819522
10,1.30742,0.0819522
10,1.30742,0.0819522
10,1.30742,0.0819522
10,1.30742,0.0819522
10,1.30742,0.0819522
10,1.30742,0.0819522
10,1.30742,0.0819522
10,1.30742,0.0819522
10,1.30742,0.0819522
10,1.30742,0.0819522
10,1.30742,0.0819522
10,1.30742,0.0819522
10,1.30742,0.0819522
10,1.30742,0.0819522
10,1.30742,0.0819522
10,1.30742,0.0819522
10,1.30742,0.0819522
10,1.30742,0.0819522
10,1.30742,0.0819522
10,1.30742,0.0819522
10,1.30742,0.0819522
10,1.30742,0.0819522
10,1.30742,0.0819522
10,1.30742,0.0819522
10,1.30742,0.0819522
10,1.30742,0.0819522
10,1.30742,0.0819522
10,1.30742,0.0819522
10,1.30742,0.0819522
10,1.30742,0.0819522
10,1.30742,0.0819522
10,1.30742,0.0819522
10,1.30742,0.0819522
10,1.30742,0.0819522
10,1.30742,0.0819522
10,1.30742,0.0819522
10,1.30742,0.0819522
10,1.30742,0.0819522
10,1.30742,0.0819522
10,1.30742,0.0819522
10,1.30742,0.0819522
10,1.30742,0.0819522
10,1.30742,0.0819522
10,1.30742,0.0819522
10,1.30742,0.0819522
10,1.30742,0.0819522
10,1.30742,0.0819522
10,1.30742,0.0819522
10,1.30742,0.0819522
10,1.30742,0.0819522
10,1.30742,0.0819522
10,1.30742,0.0819522
10,1.30742,0.0819522
10,1.30742,0.0819522
10,1.30742,0.0819522
10,1.30742,0.0819522
10,1.30742,0.0819522
10,1.30742,0.0819522
10,1.30742,0.0819522
10,1.30742,0.0819522
10,1.30742,0.0819522
10,1.30742,0.0819522
10,1.30742,0.0819522
10,1.30742,0.0819522
10,1.30742,0.0819522
10,1.30742,0.0819522
10,1.30742,0.0819522
10,1.30742,0.0819522
10,1.30742,0.0819522
10,1.30742,0.0819522
10,1.30742,0.0819522
10,1.30742,0.0819522
10,1.30742,0.0819522
10,1.30742,0.0819522
10,1.30742,0.0819522
10,1.30742,0.0819522
10,1.30742,0.0819522
10,1.30742,0.0819522
10,1.30742,0.0819522
10,1.30742,0.0819522
10,1.30742,0.0819522
10,1.30742,0.0819522
10,1.30742,0.0819522
10,1.30742,0.0819522
10,1.30742,0.0819522
10,1.30742,0.0819522
10,1.30742,0.0819522
10,1.30742,0.0819522
10,1.30742,0.0819522
10,1.30742,0.0819522
10,1.30742,0.0819522
10,1.30742,0.0819522
10,1.30742,0.0819522
10,1.30742,0.0819522
10,1.30742,0.0819522
10,1.30742,0.0819522
10,1.30742,0.0819522
10,1.30742,0.0819522
10,1.30742,0.0819522
10,1.30742,0.0819522
10,1.30742,0.0819522
10,1.30742,0.0819522
10,1.30742,0.0819522
10,1.30742,0.0819522
10,1.30742,0.0819522
10,1.30742,0.0819522
10,1.30742,0.0819522
10,1.30742,0.0819522
10,1.30742,0.0819522
10,1.30742,0.0819522
10,1.30742,0.0819522
10,1.30742,0.0819522
10,1.30742,0.0819522
10,1.30742,0.0819522
10,1.30742,0.0819522
10,1.30742,0.0819522
10,1.30742,0.0819522
10,1.30742,0.0819522
10,1.30742,0.0819522
10,1.30742,0.0819522
10,1.30742,0.0819522
10,1.30742,0.0819522
10,1.30742,0.0819522
10,1.30742,0.0819522
10,1.30742,0.0819522
10,1.30742,0.0819522
10,1.30742,0.0819522
10,1.30742,0.0819522
10,1.30742,0.0819522
10,1.30742,0.0819522
10,1.30742,0.0819522
10,1.30742,0.0819522
10,1.30742,0.0819522
10,1.30742,0.0819522
