Average solve time: 2.930213,,,,,opt homotopy class
cnt,mean,var,,1,17.0431
0,,,,2,
0,,,,3,55.9805
0,,,,4,17.2329
0,,,,5,8.82204
0,,,,6,9.2673
0,,,,7,9.79057
0,,,,8,35.5398
0,,,,9,
0,,,,10,53.6508
0,,,,average,25.91587625
0,,,,stdev,19.81791243
0,,,,,
0,,,,,
0,,,,,
0,,,,,
0,,,,,
0,,,,,
0,,,,,
0,,,,,
0,,,,,
0,,,,,
0,,,,,
0,,,,,
0,,,,,
0,,,,,
0,,,,,
0,,,,,
0,,,,,
0,,,,,
0,,,,,
0,,,,,
0,,,,,
0,,,,,
0,,,,,
0,,,,,
0,,,,,
0,,,,,
0,,,,,
0,,,,,
0,,,,,
0,,,,,
0,,,,,
0,,,,,
0,,,,,
0,,,,,
0,,,,,
0,,,,,
0,,,,,
0,,,,,
0,,,,,
0,,,,,
0,,,,,
0,,,,,
0,,,,,
0,,,,,
0,,,,,
0,,,,,
0,,,,,
0,,,,,
0,,,,,
0,,,,,
0,,,,,
0,,,,,
0,,,,,
0,,,,,
0,,,,,
0,,,,,
0,,,,,
0,,,,,
0,,,,,
0,,,,,
0,,,,,
0,,,,,
0,,,,,
0,,,,,
0,,,,,
0,,,,,
0,,,,,
0,,,,,
0,,,,,
0,,,,,
0,,,,,
0,,,,,
0,,,,,
0,,,,,
0,,,,,
0,,,,,
0,,,,,
0,,,,,
0,,,,,
0,,,,,
0,,,,,
0,,,,,
0,,,,,
0,,,,,
0,,,,,
0,,,,,
0,,,,,
0,,,,,
0,,,,,
0,,,,,
0,,,,,
0,,,,,
0,,,,,
0,,,,,
0,,,,,
0,,,,,
0,,,,,
0,,,,,
0,,,,,
0,,,,,
0,,,,,
0,,,,,
0,,,,,
0,,,,,
0,,,,,
0,,,,,
0,,,,,
0,,,,,
0,,,,,
0,,,,,
0,,,,,
0,,,,,
0,,,,,
0,,,,,
0,,,,,
0,,,,,
0,,,,,
0,,,,,
0,,,,,
0,,,,,
0,,,,,
0,,,,,
0,,,,,
0,,,,,
0,,,,,
0,,,,,
0,,,,,
0,,,,,
0,,,,,
0,,,,,
0,,,,,
0,,,,,
0,,,,,
0,,,,,
0,,,,,
0,,,,,
0,,,,,
0,,,,,
0,,,,,
0,,,,,
0,,,,,
0,,,,,
0,,,,,
0,,,,,
0,,,,,
0,,,,,
0,,,,,
0,,,,,
0,,,,,
0,,,,,
0,,,,,
0,,,,,
0,,,,,
0,,,,,
0,,,,,
0,,,,,
0,,,,,
0,,,,,
0,,,,,
0,,,,,
0,,,,,
0,,,,,
0,,,,,
0,,,,,
0,,,,,
0,,,,,
0,,,,,
0,,,,,
0,,,,,
0,,,,,
0,,,,,
0,,,,,
0,,,,,
0,,,,,
0,,,,,
0,,,,,
0,,,,,
0,,,,,
0,,,,,
0,,,,,
0,,,,,
0,,,,,
0,,,,,
0,,,,,
0,,,,,
0,,,,,
0,,,,,
0,,,,,
0,,,,,
0,,,,,
0,,,,,
0,,,,,
0,,,,,
0,,,,,
0,,,,,
0,,,,,
0,,,,,
0,,,,,
0,,,,,
0,,,,,
0,,,,,
0,,,,,
0,,,,,
0,,,,,
0,,,,,
0,,,,,
0,,,,,
0,,,,,
0,,,,,
0,,,,,
0,,,,,
0,,,,,
0,,,,,
0,,,,,
0,,,,,
0,,,,,
0,,,,,
0,,,,,
0,,,,,
0,,,,,
0,,,,,
0,,,,,
0,,,,,
0,,,,,
0,,,,,
0,,,,,
0,,,,,
0,,,,,
0,,,,,
0,,,,,
0,,,,,
0,,,,,
0,,,,,
0,,,,,
0,,,,,
0,,,,,
0,,,,,
0,,,,,
0,,,,,
0,,,,,
0,,,,,
0,,,,,
0,,,,,
0,,,,,
0,,,,,
0,,,,,
0,,,,,
0,,,,,
0,,,,,
0,,,,,
0,,,,,
0,,,,,
0,,,,,
0,,,,,
0,,,,,
0,,,,,
0,,,,,
0,,,,,
0,,,,,
0,,,,,
0,,,,,
0,,,,,
0,,,,,
0,,,,,
0,,,,,
0,,,,,
0,,,,,
0,,,,,
0,,,,,
0,,,,,
0,,,,,
0,,,,,
0,,,,,
0,,,,,
0,,,,,
0,,,,,
0,,,,,
0,,,,,
0,,,,,
0,,,,,
0,,,,,
0,,,,,
0,,,,,
0,,,,,
0,,,,,
0,,,,,
0,,,,,
0,,,,,
0,,,,,
0,,,,,
0,,,,,
0,,,,,
0,,,,,
0,,,,,
0,,,,,
0,,,,,
0,,,,,
0,,,,,
0,,,,,
0,,,,,
0,,,,,
0,,,,,
0,,,,,
0,,,,,
0,,,,,
0,,,,,
0,,,,,
0,,,,,
0,,,,,
0,,,,,
0,,,,,
0,,,,,
0,,,,,
0,,,,,
0,,,,,
0,,,,,
0,,,,,
0,,,,,
0,,,,,
0,,,,,
0,,,,,
0,,,,,
0,,,,,
0,,,,,
0,,,,,
0,,,,,
0,,,,,
0,,,,,
0,,,,,
0,,,,,
0,,,,,
0,,,,,
0,,,,,
0,,,,,
0,,,,,
0,,,,,
0,,,,,
0,,,,,
0,,,,,
0,,,,,
0,,,,,
0,,,,,
0,,,,,
0,,,,,
0,,,,,
0,,,,,
0,,,,,
0,,,,,
0,,,,,
0,,,,,
0,,,,,
0,,,,,
0,,,,,
0,,,,,
0,,,,,
0,,,,,
0,,,,,
0,,,,,
0,,,,,
0,,,,,
0,,,,,
0,,,,,
0,,,,,
0,,,,,
0,,,,,
0,,,,,
0,,,,,
0,,,,,
0,,,,,
0,,,,,
0,,,,,
0,,,,,
0,,,,,
0,,,,,
0,,,,,
0,,,,,
0,,,,,
0,,,,,
0,,,,,
0,,,,,
0,,,,,
0,,,,,
0,,,,,
0,,,,,
0,,,,,
0,,,,,
0,,,,,
0,,,,,
0,,,,,
0,,,,,
0,,,,,
0,,,,,
0,,,,,
0,,,,,
0,,,,,
0,,,,,
0,,,,,
0,,,,,
0,,,,,
0,,,,,
0,,,,,
0,,,,,
0,,,,,
0,,,,,
0,,,,,
0,,,,,
0,,,,,
0,,,,,
0,,,,,
0,,,,,
0,,,,,
0,,,,,
0,,,,,
0,,,,,
0,,,,,
0,,,,,
0,,,,,
0,,,,,
0,,,,,
0,,,,,
0,,,,,
0,,,,,
0,,,,,
0,,,,,
0,,,,,
0,,,,,
0,,,,,
0,,,,,
0,,,,,
0,,,,,
0,,,,,
0,,,,,
0,,,,,
0,,,,,
0,,,,,
0,,,,,
0,,,,,
0,,,,,
0,,,,,
0,,,,,
0,,,,,
0,,,,,
0,,,,,
0,,,,,
0,,,,,
0,,,,,
0,,,,,
0,,,,,
0,,,,,
0,,,,,
0,,,,,
0,,,,,
0,,,,,
0,,,,,
0,,,,,
0,,,,,
0,,,,,
0,,,,,
0,,,,,
0,,,,,
0,,,,,
0,,,,,
0,,,,,
0,,,,,
0,,,,,
0,,,,,
0,,,,,
0,,,,,
0,,,,,
0,,,,,
0,,,,,
0,,,,,
0,,,,,
0,,,,,
0,,,,,
0,,,,,
0,,,,,
0,,,,,
0,,,,,
0,,,,,
0,,,,,
0,,,,,
0,,,,,
0,,,,,
0,,,,,
0,,,,,
0,,,,,
0,,,,,
0,,,,,
0,,,,,
0,,,,,
0,,,,,
0,,,,,
0,,,,,
0,,,,,
0,,,,,
0,,,,,
0,,,,,
0,,,,,
0,,,,,
0,,,,,
0,,,,,
0,,,,,
0,,,,,
0,,,,,
0,,,,,
0,,,,,
0,,,,,
0,,,,,
0,,,,,
0,,,,,
0,,,,,
0,,,,,
0,,,,,
0,,,,,
0,,,,,
0,,,,,
0,,,,,
0,,,,,
0,,,,,
0,,,,,
0,,,,,
0,,,,,
0,,,,,
0,,,,,
0,,,,,
0,,,,,
0,,,,,
0,,,,,
0,,,,,
0,,,,,
0,,,,,
0,,,,,
0,,,,,
0,,,,,
0,,,,,
0,,,,,
0,,,,,
0,,,,,
0,,,,,
0,,,,,
0,,,,,
0,,,,,
0,,,,,
0,,,,,
0,,,,,
0,,,,,
0,,,,,
0,,,,,
0,,,,,
0,,,,,
0,,,,,
0,,,,,
0,,,,,
0,,,,,
0,,,,,
0,,,,,
0,,,,,
0,,,,,
0,,,,,
0,,,,,
0,,,,,
0,,,,,
0,,,,,
0,,,,,
0,,,,,
0,,,,,
0,,,,,
0,,,,,
0,,,,,
0,,,,,
0,,,,,
0,,,,,
0,,,,,
0,,,,,
0,,,,,
0,,,,,
0,,,,,
0,,,,,
0,,,,,
0,,,,,
0,,,,,
0,,,,,
0,,,,,
0,,,,,
0,,,,,
0,,,,,
0,,,,,
0,,,,,
0,,,,,
0,,,,,
0,,,,,
0,,,,,
0,,,,,
0,,,,,
0,,,,,
0,,,,,
0,,,,,
0,,,,,
0,,,,,
0,,,,,
0,,,,,
0,,,,,
0,,,,,
0,,,,,
0,,,,,
0,,,,,
0,,,,,
0,,,,,
0,,,,,
0,,,,,
0,,,,,
0,,,,,
0,,,,,
0,,,,,
0,,,,,
0,,,,,
0,,,,,
0,,,,,
0,,,,,
0,,,,,
0,,,,,
0,,,,,
0,,,,,
0,,,,,
0,,,,,
0,,,,,
0,,,,,
0,,,,,
0,,,,,
0,,,,,
0,,,,,
0,,,,,
0,,,,,
0,,,,,
0,,,,,
0,,,,,
0,,,,,
0,,,,,
0,,,,,
0,,,,,
0,,,,,
0,,,,,
0,,,,,
0,,,,,
0,,,,,
0,,,,,
0,,,,,
0,,,,,
0,,,,,
0,,,,,
0,,,,,
0,,,,,
0,,,,,
0,,,,,
0,,,,,
0,,,,,
0,,,,,
0,,,,,
0,,,,,
0,,,,,
0,,,,,
0,,,,,
0,,,,,
0,,,,,
0,,,,,
0,,,,,
0,,,,,
0,,,,,
0,,,,,
0,,,,,
0,,,,,
0,,,,,
0,,,,,
0,,,,,
0,,,,,
0,,,,,
0,,,,,
0,,,,,
0,,,,,
0,,,,,
0,,,,,
0,,,,,
0,,,,,
0,,,,,
0,,,,,
0,,,,,
0,,,,,
0,,,,,
0,,,,,
0,,,,,
0,,,,,
0,,,,,
0,,,,,
0,,,,,
0,,,,,
0,,,,,
0,,,,,
0,,,,,
0,,,,,
0,,,,,
0,,,,,
0,,,,,
0,,,,,
0,,,,,
0,,,,,
0,,,,,
0,,,,,
0,,,,,
0,,,,,
0,,,,,
0,,,,,
0,,,,,
0,,,,,
0,,,,,
0,,,,,
0,,,,,
0,,,,,
0,,,,,
0,,,,,
0,,,,,
0,,,,,
0,,,,,
0,,,,,
0,,,,,
0,,,,,
0,,,,,
0,,,,,
0,,,,,
0,,,,,
0,,,,,
0,,,,,
0,,,,,
0,,,,,
0,,,,,
0,,,,,
0,,,,,
0,,,,,
0,,,,,
0,,,,,
0,,,,,
0,,,,,
0,,,,,
0,,,,,
0,,,,,
0,,,,,
0,,,,,
0,,,,,
0,,,,,
0,,,,,
0,,,,,
0,,,,,
0,,,,,
0,,,,,
0,,,,,
0,,,,,
0,,,,,
0,,,,,
0,,,,,
0,,,,,
0,,,,,
0,,,,,
0,,,,,
0,,,,,
0,,,,,
0,,,,,
0,,,,,
0,,,,,
0,,,,,
0,,,,,
0,,,,,
0,,,,,
0,,,,,
0,,,,,
0,,,,,
0,,,,,
0,,,,,
0,,,,,
0,,,,,
0,,,,,
0,,,,,
0,,,,,
0,,,,,
0,,,,,
0,,,,,
0,,,,,
0,,,,,
0,,,,,
0,,,,,
0,,,,,
0,,,,,
0,,,,,
0,,,,,
0,,,,,
0,,,,,
0,,,,,
0,,,,,
0,,,,,
0,,,,,
0,,,,,
0,,,,,
0,,,,,
0,,,,,
0,,,,,
0,,,,,
0,,,,,
0,,,,,
0,,,,,
0,,,,,
0,,,,,
0,,,,,
0,,,,,
0,,,,,
0,,,,,
0,,,,,
0,,,,,
0,,,,,
0,,,,,
0,,,,,
0,,,,,
0,,,,,
0,,,,,
0,,,,,
0,,,,,
0,,,,,
0,,,,,
0,,,,,
0,,,,,
0,,,,,
0,,,,,
0,,,,,
0,,,,,
0,,,,,
0,,,,,
0,,,,,
0,,,,,
0,,,,,
0,,,,,
0,,,,,
0,,,,,
0,,,,,
0,,,,,
0,,,,,
0,,,,,
0,,,,,
0,,,,,
0,,,,,
0,,,,,
0,,,,,
0,,,,,
0,,,,,
0,,,,,
0,,,,,
0,,,,,
0,,,,,
0,,,,,
0,,,,,
0,,,,,
0,,,,,
0,,,,,
0,,,,,
0,,,,,
0,,,,,
0,,,,,
0,,,,,
0,,,,,
0,,,,,
0,,,,,
0,,,,,
0,,,,,
0,,,,,
0,,,,,
0,,,,,
0,,,,,
0,,,,,
0,,,,,
0,,,,,
0,,,,,
0,,,,,
0,,,,,
0,,,,,
0,,,,,
0,,,,,
0,,,,,
0,,,,,
0,,,,,
0,,,,,
0,,,,,
0,,,,,
0,,,,,
0,,,,,
0,,,,,
0,,,,,
0,,,,,
0,,,,,
0,,,,,
0,,,,,
0,,,,,
0,,,,,
0,,,,,
0,,,,,
0,,,,,
0,,,,,
0,,,,,
0,,,,,
0,,,,,
0,,,,,
0,,,,,
0,,,,,
0,,,,,
0,,,,,
0,,,,,
0,,,,,
0,,,,,
0,,,,,
0,,,,,
0,,,,,
0,,,,,
0,,,,,
0,,,,,
0,,,,,
0,,,,,
0,,,,,
0,,,,,
0,,,,,
0,,,,,
0,,,,,
0,,,,,
0,,,,,
0,,,,,
0,,,,,
0,,,,,
0,,,,,
0,,,,,
0,,,,,
0,,,,,
0,,,,,
0,,,,,
0,,,,,
0,,,,,
0,,,,,
0,,,,,
0,,,,,
0,,,,,
0,,,,,
0,,,,,
0,,,,,
0,,,,,
0,,,,,
0,,,,,
0,,,,,
0,,,,,
0,,,,,
0,,,,,
0,,,,,
0,,,,,
0,,,,,
0,,,,,
0,,,,,
0,,,,,
0,,,,,
0,,,,,
0,,,,,
0,,,,,
0,,,,,
0,,,,,
0,,,,,
0,,,,,
0,,,,,
0,,,,,
0,,,,,
0,,,,,
0,,,,,
0,,,,,
0,,,,,
0,,,,,
0,,,,,
0,,,,,
0,,,,,
0,,,,,
0,,,,,
0,,,,,
0,,,,,
0,,,,,
0,,,,,
0,,,,,
0,,,,,
0,,,,,
0,,,,,
0,,,,,
0,,,,,
0,,,,,
0,,,,,
0,,,,,
0,,,,,
0,,,,,
0,,,,,
0,,,,,
0,,,,,
0,,,,,
0,,,,,
0,,,,,
0,,,,,
0,,,,,
0,,,,,
0,,,,,
0,,,,,
0,,,,,
0,,,,,
0,,,,,
0,,,,,
0,,,,,
0,,,,,
0,,,,,
0,,,,,
0,,,,,
0,,,,,
0,,,,,
0,,,,,
0,,,,,
0,,,,,
0,,,,,
0,,,,,
0,,,,,
0,,,,,
0,,,,,
0,,,,,
0,,,,,
0,,,,,
0,,,,,
0,,,,,
0,,,,,
0,,,,,
0,,,,,
0,,,,,
0,,,,,
0,,,,,
0,,,,,
0,,,,,
0,,,,,
0,,,,,
0,,,,,
0,,,,,
0,,,,,
0,,,,,
0,,,,,
0,,,,,
0,,,,,
0,,,,,
0,,,,,
0,,,,,
0,,,,,
0,,,,,
0,,,,,
0,,,,,
0,,,,,
0,,,,,
0,,,,,
0,,,,,
0,,,,,
0,,,,,
0,,,,,
0,,,,,
0,,,,,
0,,,,,
0,,,,,
0,,,,,
0,,,,,
0,,,,,
0,,,,,
0,,,,,
0,,,,,
0,,,,,
0,,,,,
0,,,,,
0,,,,,
0,,,,,
0,,,,,
0,,,,,
0,,,,,
0,,,,,
0,,,,,
0,,,,,
0,,,,,
0,,,,,
0,,,,,
0,,,,,
0,,,,,
0,,,,,
0,,,,,
0,,,,,
0,,,,,
0,,,,,
0,,,,,
0,,,,,
0,,,,,
0,,,,,
0,,,,,
0,,,,,
0,,,,,
0,,,,,
0,,,,,
0,,,,,
0,,,,,
0,,,,,
0,,,,,
0,,,,,
0,,,,,
0,,,,,
0,,,,,
0,,,,,
0,,,,,
0,,,,,
0,,,,,
0,,,,,
0,,,,,
0,,,,,
0,,,,,
0,,,,,
0,,,,,
0,,,,,
0,,,,,
0,,,,,
0,,,,,
0,,,,,
0,,,,,
0,,,,,
0,,,,,
0,,,,,
1,2.19583,0,,,
1,1.80568,0,,,
1,1.80568,0,,,
1,1.80568,0,,,
1,1.80568,0,,,
1,1.80568,0,,,
1,1.80568,0,,,
1,1.80568,0,,,
1,1.80568,0,,,
1,1.80568,0,,,
1,1.80568,0,,,
1,1.80568,0,,,
1,1.80568,0,,,
1,1.80568,0,,,
1,1.80568,0,,,
1,1.80568,0,,,
1,1.80568,0,,,
1,1.80568,0,,,
1,1.80568,0,,,
1,1.80568,0,,,
1,1.80568,0,,,
1,1.80568,0,,,
1,1.80568,0,,,
1,1.80568,0,,,
1,1.80568,0,,,
1,1.80568,0,,,
1,1.80568,0,,,
1,1.80568,0,,,
1,1.80568,0,,,
1,1.80568,0,,,
1,1.80568,0,,,
1,1.80568,0,,,
1,1.80568,0,,,
1,1.80568,0,,,
1,1.80568,0,,,
1,1.80568,0,,,
1,1.80568,0,,,
1,1.80568,0,,,
1,1.80568,0,,,
1,1.80568,0,,,
1,1.80568,0,,,
1,1.80568,0,,,
1,1.80568,0,,,
1,1.80568,0,,,
1,1.80568,0,,,
1,1.80568,0,,,
1,1.80568,0,,,
1,1.80568,0,,,
1,1.80568,0,,,
1,1.80568,0,,,
1,1.80568,0,,,
1,1.80568,0,,,
1,1.80568,0,,,
1,1.80568,0,,,
1,1.80568,0,,,
1,1.80568,0,,,
1,1.80568,0,,,
1,1.80568,0,,,
1,1.80568,0,,,
1,1.80568,0,,,
1,1.80568,0,,,
1,1.80568,0,,,
1,1.80568,0,,,
1,1.80568,0,,,
1,1.80568,0,,,
1,1.80568,0,,,
1,1.80568,0,,,
1,1.80568,0,,,
1,1.80568,0,,,
1,1.80568,0,,,
1,1.80568,0,,,
1,1.80568,0,,,
1,1.80568,0,,,
1,1.80568,0,,,
1,1.80568,0,,,
1,1.80568,0,,,
1,1.80568,0,,,
1,1.80568,0,,,
1,1.80568,0,,,
1,1.80568,0,,,
1,1.80568,0,,,
1,1.80568,0,,,
1,1.80568,0,,,
1,1.80568,0,,,
1,1.80568,0,,,
1,1.80568,0,,,
1,1.80568,0,,,
1,1.80568,0,,,
1,1.80568,0,,,
1,1.80568,0,,,
1,1.80568,0,,,
1,1.80568,0,,,
1,1.80568,0,,,
1,1.80568,0,,,
1,1.80568,0,,,
1,1.80568,0,,,
1,1.80568,0,,,
1,1.80568,0,,,
1,1.80568,0,,,
1,1.80568,0,,,
2,2.38722,0.338189,,,
2,2.11095,0.0931898,,,
2,2.11095,0.0931898,,,
2,2.11095,0.0931898,,,
3,2.50812,0.37762,,,
3,1.94608,0.116491,,,
3,1.94608,0.116491,,,
3,1.94608,0.116491,,,
3,1.94608,0.116491,,,
3,1.94608,0.116491,,,
3,1.94608,0.116491,,,
3,1.94608,0.116491,,,
3,1.94608,0.116491,,,
3,1.94608,0.116491,,,
3,1.94608,0.116491,,,
3,1.94608,0.116491,,,
3,1.94608,0.116491,,,
3,1.94608,0.116491,,,
3,1.94608,0.116491,,,
3,1.94608,0.116491,,,
3,1.94608,0.116491,,,
3,1.94608,0.116491,,,
3,1.94608,0.116491,,,
3,1.94608,0.116491,,,
3,1.94608,0.116491,,,
3,1.94608,0.116491,,,
3,1.94608,0.116491,,,
3,1.94608,0.116491,,,
3,1.94608,0.116491,,,
3,1.94608,0.116491,,,
3,1.94608,0.116491,,,
3,1.94608,0.116491,,,
3,1.94608,0.116491,,,
3,1.94608,0.116491,,,
3,1.94608,0.116491,,,
3,1.94608,0.116491,,,
3,1.94608,0.116491,,,
3,1.94608,0.116491,,,
3,1.94608,0.116491,,,
3,1.94608,0.116491,,,
3,1.76263,0.0113042,,,
3,1.73914,0.00755753,,,
3,1.73914,0.00755753,,,
3,1.73914,0.00755753,,,
3,1.73914,0.00755753,,,
3,1.73914,0.00755753,,,
3,1.73914,0.00755753,,,
3,1.73914,0.00755753,,,
3,1.73914,0.00755753,,,
3,1.73914,0.00755753,,,
3,1.73914,0.00755753,,,
3,1.73914,0.00755753,,,
3,1.73914,0.00755753,,,
3,1.73914,0.00755753,,,
3,1.73914,0.00755753,,,
3,1.73914,0.00755753,,,
3,1.73914,0.00755753,,,
3,1.73914,0.00755753,,,
3,1.73914,0.00755753,,,
3,1.73914,0.00755753,,,
3,1.73914,0.00755753,,,
3,1.73914,0.00755753,,,
3,1.73914,0.00755753,,,
3,1.73914,0.00755753,,,
3,1.73914,0.00755753,,,
3,1.73914,0.00755753,,,
3,1.73914,0.00755753,,,
3,1.73914,0.00755753,,,
3,1.73914,0.00755753,,,
3,1.73914,0.00755753,,,
3,1.73914,0.00755753,,,
3,1.73914,0.00755753,,,
3,1.73914,0.00755753,,,
3,1.73914,0.00755753,,,
3,1.73914,0.00755753,,,
3,1.73914,0.00755753,,,
3,1.73914,0.00755753,,,
3,1.73914,0.00755753,,,
3,1.73914,0.00755753,,,
3,1.73914,0.00755753,,,
4,1.87508,0.0611113,,,
4,1.84166,0.0372023,,,
4,1.84166,0.0372023,,,
4,1.84166,0.0372023,,,
4,1.84166,0.0372023,,,
4,1.84166,0.0372023,,,
4,1.84166,0.0372023,,,
4,1.84166,0.0372023,,,
4,1.84166,0.0372023,,,
4,1.84166,0.0372023,,,
4,1.84166,0.0372023,,,
4,1.84166,0.0372023,,,
4,1.84166,0.0372023,,,
4,1.84166,0.0372023,,,
4,1.84166,0.0372023,,,
4,1.84166,0.0372023,,,
4,1.84166,0.0372023,,,
4,1.84166,0.0372023,,,
4,1.84166,0.0372023,,,
4,1.84166,0.0372023,,,
4,1.84006,0.0362212,,,
4,1.80961,0.0205652,,,
4,1.80961,0.0205652,,,
4,1.80961,0.0205652,,,
4,1.80961,0.0205652,,,
4,1.80961,0.0205652,,,
4,1.80961,0.0205652,,,
4,1.80961,0.0205652,,,
4,1.80961,0.0205652,,,
4,1.80961,0.0205652,,,
4,1.80961,0.0205652,,,
4,1.80961,0.0205652,,,
4,1.80961,0.0205652,,,
4,1.80961,0.0205652,,,
4,1.80961,0.0205652,,,
4,1.80961,0.0205652,,,
4,1.80961,0.0205652,,,
4,1.80961,0.0205652,,,
5,1.88869,0.0414696,,,
5,1.82377,0.0172549,,,
6,1.93467,0.075865,,,
6,1.85384,0.0188979,,,
6,1.85384,0.0188979,,,
6,1.85384,0.0188979,,,
6,1.85384,0.0188979,,,
6,1.85384,0.0188979,,,
6,1.85384,0.0188979,,,
6,1.85384,0.0188979,,,
6,1.85384,0.0188979,,,
6,1.85384,0.0188979,,,
6,1.85384,0.0188979,,,
6,1.85384,0.0188979,,,
6,1.85384,0.0188979,,,
6,1.85384,0.0188979,,,
6,1.85384,0.0188979,,,
6,1.85384,0.0188979,,,
6,1.85384,0.0188979,,,
6,1.85384,0.0188979,,,
6,1.85384,0.0188979,,,
6,1.85384,0.0188979,,,
6,1.85384,0.0188979,,,
6,1.85384,0.0188979,,,
6,1.85384,0.0188979,,,
6,1.85384,0.0188979,,,
6,1.85384,0.0188979,,,
6,1.85384,0.0188979,,,
6,1.85384,0.0188979,,,
6,1.85384,0.0188979,,,
6,1.85384,0.0188979,,,
6,1.85384,0.0188979,,,
6,1.85384,0.0188979,,,
6,1.85384,0.0188979,,,
6,1.85384,0.0188979,,,
6,1.85384,0.0188979,,,
6,1.85384,0.0188979,,,
6,1.85384,0.0188979,,,
6,1.85384,0.0188979,,,
6,1.85384,0.0188979,,,
6,1.85384,0.0188979,,,
6,1.85384,0.0188979,,,
7,1.92283,0.0447563,,,
7,1.81338,0.0260179,,,
7,1.81338,0.0260179,,,
7,1.81338,0.0260179,,,
7,1.81338,0.0260179,,,
7,1.81338,0.0260179,,,
7,1.81338,0.0260179,,,
7,1.81338,0.0260179,,,
7,1.81338,0.0260179,,,
7,1.81338,0.0260179,,,
7,1.81338,0.0260179,,,
7,1.81338,0.0260179,,,
7,1.81338,0.0260179,,,
7,1.81338,0.0260179,,,
7,1.81338,0.0260179,,,
7,1.81338,0.0260179,,,
7,1.81338,0.0260179,,,
7,1.81338,0.0260179,,,
7,1.81338,0.0260179,,,
7,1.81338,0.0260179,,,
7,1.81338,0.0260179,,,
7,1.81338,0.0260179,,,
7,1.81338,0.0260179,,,
7,1.81338,0.0260179,,,
7,1.81338,0.0260179,,,
7,1.81338,0.0260179,,,
7,1.81338,0.0260179,,,
7,1.81338,0.0260179,,,
7,1.81338,0.0260179,,,
7,1.81338,0.0260179,,,
7,1.81338,0.0260179,,,
7,1.81338,0.0260179,,,
7,1.81338,0.0260179,,,
7,1.81338,0.0260179,,,
7,1.81338,0.0260179,,,
7,1.81338,0.0260179,,,
7,1.81338,0.0260179,,,
7,1.81338,0.0260179,,,
7,1.81338,0.0260179,,,
7,1.81338,0.0260179,,,
7,1.81338,0.0260179,,,
7,1.81338,0.0260179,,,
7,1.81338,0.0260179,,,
7,1.81338,0.0260179,,,
7,1.81338,0.0260179,,,
7,1.81338,0.0260179,,,
7,1.81338,0.0260179,,,
7,1.81338,0.0260179,,,
7,1.81338,0.0260179,,,
7,1.81338,0.0260179,,,
7,1.81338,0.0260179,,,
7,1.81338,0.0260179,,,
7,1.81338,0.0260179,,,
7,1.81338,0.0260179,,,
7,1.81338,0.0260179,,,
7,1.81338,0.0260179,,,
7,1.81338,0.0260179,,,
7,1.81338,0.0260179,,,
7,1.81338,0.0260179,,,
7,1.81338,0.0260179,,,
7,1.81338,0.0260179,,,
7,1.81338,0.0260179,,,
7,1.81338,0.0260179,,,
7,1.81338,0.0260179,,,
7,1.81338,0.0260179,,,
7,1.81338,0.0260179,,,
7,1.81338,0.0260179,,,
7,1.81338,0.0260179,,,
7,1.81338,0.0260179,,,
7,1.81338,0.0260179,,,
7,1.81338,0.0260179,,,
7,1.81338,0.0260179,,,
7,1.81338,0.0260179,,,
7,1.81338,0.0260179,,,
7,1.81338,0.0260179,,,
7,1.81338,0.0260179,,,
7,1.81338,0.0260179,,,
7,1.81338,0.0260179,,,
7,1.81338,0.0260179,,,
7,1.81338,0.0260179,,,
7,1.81338,0.0260179,,,
7,1.81338,0.0260179,,,
7,1.81338,0.0260179,,,
7,1.81338,0.0260179,,,
7,1.81338,0.0260179,,,
7,1.81338,0.0260179,,,
7,1.81338,0.0260179,,,
7,1.81338,0.0260179,,,
7,1.81338,0.0260179,,,
7,1.81338,0.0260179,,,
7,1.81338,0.0260179,,,
7,1.81338,0.0260179,,,
7,1.81338,0.0260179,,,
7,1.81338,0.0260179,,,
7,1.81338,0.0260179,,,
7,1.81338,0.0260179,,,
7,1.81338,0.0260179,,,
7,1.81338,0.0260179,,,
7,1.81338,0.0260179,,,
7,1.81338,0.0260179,,,
8,1.90968,0.0876813,,,
8,1.67245,0.161795,,,
8,1.67245,0.161795,,,
8,1.67245,0.161795,,,
8,1.67245,0.161795,,,
8,1.67245,0.161795,,,
8,1.67245,0.161795,,,
8,1.67245,0.161795,,,
8,1.67245,0.161795,,,
8,1.67245,0.161795,,,
8,1.67245,0.161795,,,
8,1.67245,0.161795,,,
8,1.67245,0.161795,,,
8,1.67245,0.161795,,,
8,1.67245,0.161795,,,
8,1.67245,0.161795,,,
8,1.67245,0.161795,,,
8,1.67245,0.161795,,,
8,1.67245,0.161795,,,
8,1.67245,0.161795,,,
8,1.67159,0.161976,,,
8,1.66657,0.163236,,,
8,1.66657,0.163236,,,
8,1.66657,0.163236,,,
8,1.66657,0.163236,,,
8,1.66657,0.163236,,,
8,1.66657,0.163236,,,
8,1.66657,0.163236,,,
8,1.66135,0.173651,,,
8,1.66088,0.174619,,,
8,1.66088,0.174619,,,
8,1.66088,0.174619,,,
8,1.66088,0.174619,,,
8,1.66088,0.174619,,,
8,1.66088,0.174619,,,
8,1.66088,0.174619,,,
8,1.66088,0.174619,,,
8,1.66088,0.174619,,,
8,1.66088,0.174619,,,
8,1.66088,0.174619,,,
8,1.66088,0.174619,,,
8,1.66088,0.174619,,,
8,1.66088,0.174619,,,
8,1.66088,0.174619,,,
8,1.66088,0.174619,,,
8,1.66088,0.174619,,,
8,1.66088,0.174619,,,
8,1.66088,0.174619,,,
8,1.66088,0.174619,,,
8,1.66088,0.174619,,,
8,1.66088,0.174619,,,
8,1.66088,0.174619,,,
8,1.66088,0.174619,,,
8,1.66088,0.174619,,,
8,1.66088,0.174619,,,
8,1.66088,0.174619,,,
8,1.66088,0.174619,,,
8,1.66088,0.174619,,,
8,1.66088,0.174619,,,
8,1.66088,0.174619,,,
8,1.66088,0.174619,,,
8,1.66088,0.174619,,,
8,1.66088,0.174619,,,
8,1.66088,0.174619,,,
8,1.66088,0.174619,,,
8,1.66088,0.174619,,,
8,1.66088,0.174619,,,
8,1.66088,0.174619,,,
8,1.66088,0.174619,,,
8,1.66088,0.174619,,,
8,1.66088,0.174619,,,
8,1.66088,0.174619,,,
8,1.66088,0.174619,,,
8,1.66088,0.174619,,,
8,1.66088,0.174619,,,
8,1.66088,0.174619,,,
8,1.66088,0.174619,,,
8,1.66088,0.174619,,,
8,1.66088,0.174619,,,
8,1.66088,0.174619,,,
8,1.65434,0.172045,,,
8,1.64724,0.169933,,,
8,1.64724,0.169933,,,
8,1.64724,0.169933,,,
8,1.64724,0.169933,,,
8,1.64724,0.169933,,,
8,1.64724,0.169933,,,
8,1.64724,0.169933,,,
8,1.64724,0.169933,,,
8,1.64724,0.169933,,,
8,1.64724,0.169933,,,
8,1.64724,0.169933,,,
8,1.64724,0.169933,,,
8,1.64724,0.169933,,,
8,1.64724,0.169933,,,
8,1.64724,0.169933,,,
8,1.64724,0.169933,,,
8,1.64724,0.169933,,,
8,1.64724,0.169933,,,
8,1.64724,0.169933,,,
8,1.64721,0.170006,,,
8,1.64683,0.170772,,,
8,1.64683,0.170772,,,
8,1.64683,0.170772,,,
8,1.64683,0.170772,,,
8,1.64683,0.170772,,,
8,1.64683,0.170772,,,
8,1.64683,0.170772,,,
8,1.64683,0.170772,,,
8,1.64683,0.170772,,,
8,1.64683,0.170772,,,
8,1.64683,0.170772,,,
8,1.64683,0.170772,,,
8,1.64683,0.170772,,,
8,1.64683,0.170772,,,
8,1.64683,0.170772,,,
8,1.64683,0.170772,,,
8,1.64683,0.170772,,,
8,1.64683,0.170772,,,
8,1.64683,0.170772,,,
8,1.64683,0.170772,,,
8,1.64683,0.170772,,,
8,1.64683,0.170772,,,
8,1.64683,0.170772,,,
8,1.64683,0.170772,,,
8,1.64683,0.170772,,,
8,1.64683,0.170772,,,
8,1.64683,0.170772,,,
8,1.64683,0.170772,,,
8,1.64683,0.170772,,,
8,1.64683,0.170772,,,
8,1.64683,0.170772,,,
8,1.64683,0.170772,,,
8,1.64683,0.170772,,,
8,1.64683,0.170772,,,
8,1.64683,0.170772,,,
8,1.64683,0.170772,,,
8,1.64683,0.170772,,,
8,1.64683,0.170772,,,
8,1.64683,0.170772,,,
8,1.64683,0.170772,,,
8,1.64683,0.170772,,,
8,1.64683,0.170772,,,
8,1.64683,0.170772,,,
8,1.64683,0.170772,,,
8,1.64683,0.170772,,,
8,1.64683,0.170772,,,
8,1.64683,0.170772,,,
8,1.64683,0.170772,,,
8,1.64683,0.170772,,,
8,1.64683,0.170772,,,
8,1.64683,0.170772,,,
8,1.64683,0.170772,,,
8,1.64683,0.170772,,,
8,1.64683,0.170772,,,
8,1.64683,0.170772,,,
8,1.64683,0.170772,,,
8,1.64683,0.170772,,,
8,1.64683,0.170772,,,
8,1.64683,0.170772,,,
8,1.64683,0.170772,,,
8,1.64683,0.170772,,,
8,1.64683,0.170772,,,
8,1.64683,0.170772,,,
8,1.64683,0.170772,,,
8,1.64683,0.170772,,,
8,1.64683,0.170772,,,
8,1.64683,0.170772,,,
8,1.64683,0.170772,,,
8,1.64683,0.170772,,,
8,1.64683,0.170772,,,
8,1.64683,0.170772,,,
8,1.64683,0.170772,,,
8,1.64683,0.170772,,,
8,1.64683,0.170772,,,
8,1.64683,0.170772,,,
8,1.64683,0.170772,,,
8,1.64683,0.170772,,,
8,1.64683,0.170772,,,
8,1.64683,0.170772,,,
8,1.64604,0.170216,,,
8,1.59057,0.152722,,,
8,1.59057,0.152722,,,
8,1.59057,0.152722,,,
8,1.59057,0.152722,,,
8,1.59057,0.152722,,,
8,1.59057,0.152722,,,
8,1.59057,0.152722,,,
8,1.59057,0.152722,,,
8,1.59057,0.152722,,,
8,1.59057,0.152722,,,
8,1.59057,0.152722,,,
8,1.59057,0.152722,,,
8,1.59057,0.152722,,,
8,1.59057,0.152722,,,
8,1.59057,0.152722,,,
8,1.59057,0.152722,,,
8,1.59057,0.152722,,,
8,1.59057,0.152722,,,
8,1.59057,0.152722,,,
8,1.59057,0.152722,,,
8,1.59057,0.152722,,,
8,1.59057,0.152722,,,
8,1.59057,0.152722,,,
8,1.59057,0.152722,,,
8,1.59057,0.152722,,,
8,1.59057,0.152722,,,
8,1.59057,0.152722,,,
8,1.59057,0.152722,,,
8,1.59057,0.152722,,,
8,1.59057,0.152722,,,
8,1.59057,0.152722,,,
8,1.59057,0.152722,,,
8,1.59057,0.152722,,,
8,1.59057,0.152722,,,
8,1.59057,0.152722,,,
8,1.59057,0.152722,,,
8,1.59057,0.152722,,,
8,1.59057,0.152722,,,
8,1.59057,0.152722,,,
9,1.6361,0.152338,,,
9,1.60805,0.138198,,,
9,1.60805,0.138198,,,
9,1.60805,0.138198,,,
9,1.60805,0.138198,,,
9,1.60805,0.138198,,,
9,1.60805,0.138198,,,
9,1.60805,0.138198,,,
9,1.60805,0.138198,,,
9,1.60805,0.138198,,,
9,1.60805,0.138198,,,
9,1.60805,0.138198,,,
9,1.60805,0.138198,,,
9,1.60805,0.138198,,,
9,1.60805,0.138198,,,
9,1.60805,0.138198,,,
9,1.60805,0.138198,,,
9,1.60805,0.138198,,,
9,1.60805,0.138198,,,
9,1.60805,0.138198,,,
9,1.60805,0.138198,,,
9,1.60805,0.138198,,,
9,1.60805,0.138198,,,
9,1.60805,0.138198,,,
9,1.60805,0.138198,,,
9,1.60805,0.138198,,,
9,1.60805,0.138198,,,
9,1.60805,0.138198,,,
9,1.60805,0.138198,,,
9,1.60805,0.138198,,,
9,1.60805,0.138198,,,
9,1.60805,0.138198,,,
9,1.60805,0.138198,,,
9,1.60805,0.138198,,,
9,1.60805,0.138198,,,
9,1.60805,0.138198,,,
9,1.60805,0.138198,,,
9,1.60805,0.138198,,,
9,1.60805,0.138198,,,
9,1.60805,0.138198,,,
9,1.60805,0.138198,,,
9,1.60805,0.138198,,,
9,1.60805,0.138198,,,
9,1.60805,0.138198,,,
9,1.60805,0.138198,,,
9,1.60805,0.138198,,,
9,1.60805,0.138198,,,
9,1.60805,0.138198,,,
9,1.60805,0.138198,,,
9,1.60805,0.138198,,,
9,1.60805,0.138198,,,
9,1.60805,0.138198,,,
9,1.60805,0.138198,,,
9,1.60805,0.138198,,,
9,1.60805,0.138198,,,
9,1.60805,0.138198,,,
9,1.60805,0.138198,,,
9,1.60805,0.138198,,,
9,1.60805,0.138198,,,
9,1.60805,0.138198,,,
9,1.60805,0.138198,,,
9,1.60805,0.138198,,,
9,1.60805,0.138198,,,
9,1.60805,0.138198,,,
9,1.60805,0.138198,,,
9,1.60805,0.138198,,,
9,1.60805,0.138198,,,
9,1.60805,0.138198,,,
9,1.60805,0.138198,,,
9,1.60805,0.138198,,,
9,1.60805,0.138198,,,
9,1.60805,0.138198,,,
9,1.60805,0.138198,,,
9,1.60805,0.138198,,,
9,1.60805,0.138198,,,
9,1.60805,0.138198,,,
9,1.60805,0.138198,,,
9,1.60805,0.138198,,,
9,1.60805,0.138198,,,
9,1.60805,0.138198,,,
9,1.60805,0.138198,,,
9,1.60805,0.138198,,,
9,1.60805,0.138198,,,
9,1.60805,0.138198,,,
9,1.60805,0.138198,,,
9,1.60805,0.138198,,,
9,1.54385,0.153216,,,
9,1.53631,0.159309,,,
9,1.53631,0.159309,,,
9,1.53631,0.159309,,,
9,1.53631,0.159309,,,
9,1.53631,0.159309,,,
9,1.53631,0.159309,,,
9,1.53631,0.159309,,,
9,1.53631,0.159309,,,
9,1.53631,0.159309,,,
9,1.53631,0.159309,,,
9,1.53631,0.159309,,,
9,1.53631,0.159309,,,
9,1.53631,0.159309,,,
10,1.62693,0.217296,,,
10,1.6264,0.216431,,,
10,1.6264,0.216431,,,
10,1.6264,0.216431,,,
10,1.6264,0.216431,,,
10,1.6264,0.216431,,,
10,1.6264,0.216431,,,
10,1.6264,0.216431,,,
10,1.6264,0.216431,,,
10,1.6264,0.216431,,,
10,1.6264,0.216431,,,
10,1.6264,0.216431,,,
10,1.6264,0.216431,,,
10,1.6264,0.216431,,,
10,1.6264,0.216431,,,
10,1.6264,0.216431,,,
10,1.6264,0.216431,,,
10,1.6264,0.216431,,,
10,1.6264,0.216431,,,
10,1.6264,0.216431,,,
10,1.6264,0.216431,,,
10,1.6264,0.216431,,,
10,1.6264,0.216431,,,
10,1.6264,0.216431,,,
10,1.6264,0.216431,,,
10,1.6264,0.216431,,,
10,1.6264,0.216431,,,
10,1.6264,0.216431,,,
10,1.6264,0.216431,,,
10,1.6264,0.216431,,,
10,1.6264,0.216431,,,
10,1.6264,0.216431,,,
10,1.6264,0.216431,,,
10,1.6264,0.216431,,,
10,1.6264,0.216431,,,
10,1.6264,0.216431,,,
10,1.6264,0.216431,,,
10,1.6264,0.216431,,,
10,1.6264,0.216431,,,
10,1.6264,0.216431,,,
10,1.6264,0.216431,,,
10,1.6264,0.216431,,,
10,1.6264,0.216431,,,
10,1.6264,0.216431,,,
10,1.6264,0.216431,,,
10,1.6264,0.216431,,,
10,1.6264,0.216431,,,
10,1.6264,0.216431,,,
10,1.6264,0.216431,,,
10,1.6264,0.216431,,,
10,1.6264,0.216431,,,
10,1.6264,0.216431,,,
10,1.6264,0.216431,,,
10,1.6264,0.216431,,,
10,1.6264,0.216431,,,
10,1.6264,0.216431,,,
10,1.6264,0.216431,,,
10,1.6264,0.216431,,,
10,1.6264,0.216431,,,
10,1.6264,0.216431,,,
10,1.6264,0.216431,,,
10,1.6264,0.216431,,,
10,1.6264,0.216431,,,
10,1.6264,0.216431,,,
10,1.6264,0.216431,,,
10,1.6264,0.216431,,,
10,1.6264,0.216431,,,
10,1.6264,0.216431,,,
10,1.6264,0.216431,,,
10,1.6264,0.216431,,,
10,1.6264,0.216431,,,
10,1.6264,0.216431,,,
10,1.6264,0.216431,,,
10,1.6264,0.216431,,,
10,1.62308,0.215339,,,
10,1.61827,0.21411,,,
10,1.61827,0.21411,,,
10,1.61827,0.21411,,,
10,1.61827,0.21411,,,
10,1.61827,0.21411,,,
10,1.61827,0.21411,,,
10,1.61827,0.21411,,,
10,1.61827,0.21411,,,
10,1.61827,0.21411,,,
10,1.61827,0.21411,,,
10,1.61827,0.21411,,,
10,1.61827,0.21411,,,
10,1.61827,0.21411,,,
10,1.61827,0.21411,,,
10,1.61827,0.21411,,,
10,1.61827,0.21411,,,
10,1.61827,0.21411,,,
10,1.61827,0.21411,,,
10,1.61827,0.21411,,,
10,1.61827,0.21411,,,
10,1.61827,0.21411,,,
10,1.61827,0.21411,,,
10,1.61827,0.21411,,,
10,1.61827,0.21411,,,
10,1.61827,0.21411,,,
10,1.61827,0.21411,,,
10,1.61827,0.21411,,,
10,1.61827,0.21411,,,
10,1.61827,0.21411,,,
10,1.61827,0.21411,,,
10,1.61827,0.21411,,,
10,1.61827,0.21411,,,
10,1.61827,0.21411,,,
10,1.61827,0.21411,,,
10,1.61827,0.21411,,,
10,1.61827,0.21411,,,
10,1.61827,0.21411,,,
10,1.61827,0.21411,,,
10,1.61827,0.21411,,,
10,1.61827,0.21411,,,
10,1.61827,0.21411,,,
10,1.61827,0.21411,,,
10,1.61827,0.21411,,,
10,1.61827,0.21411,,,
10,1.61827,0.21411,,,
10,1.61827,0.21411,,,
10,1.61827,0.21411,,,
10,1.61827,0.21411,,,
10,1.61827,0.21411,,,
10,1.61827,0.21411,,,
10,1.61827,0.21411,,,
10,1.61827,0.21411,,,
10,1.61827,0.21411,,,
10,1.61827,0.21411,,,
10,1.61827,0.21411,,,
10,1.61827,0.21411,,,
10,1.61827,0.21411,,,
10,1.61827,0.21411,,,
10,1.61827,0.21411,,,
10,1.61827,0.21411,,,
10,1.61827,0.21411,,,
10,1.61827,0.21411,,,
10,1.61827,0.21411,,,
10,1.61827,0.21411,,,
10,1.61827,0.21411,,,
10,1.61827,0.21411,,,
10,1.61827,0.21411,,,
10,1.61827,0.21411,,,
10,1.61827,0.21411,,,
10,1.61827,0.21411,,,
10,1.61827,0.21411,,,
10,1.61827,0.21411,,,
10,1.61827,0.21411,,,
10,1.61827,0.21411,,,
10,1.61827,0.21411,,,
10,1.61827,0.21411,,,
10,1.61827,0.21411,,,
10,1.61827,0.21411,,,
10,1.61827,0.21411,,,
10,1.61827,0.21411,,,
10,1.61827,0.21411,,,
10,1.61827,0.21411,,,
10,1.61827,0.21411,,,
10,1.61827,0.21411,,,
10,1.61827,0.21411,,,
10,1.61827,0.21411,,,
10,1.61827,0.21411,,,
10,1.61827,0.21411,,,
10,1.61827,0.21411,,,
10,1.61827,0.21411,,,
10,1.61827,0.21411,,,
10,1.61827,0.21411,,,
10,1.61827,0.21411,,,
10,1.61827,0.21411,,,
10,1.61827,0.21411,,,
10,1.61827,0.21411,,,
10,1.61827,0.21411,,,
10,1.61827,0.21411,,,
10,1.61827,0.21411,,,
10,1.61827,0.21411,,,
10,1.61827,0.21411,,,
10,1.61827,0.21411,,,
10,1.61827,0.21411,,,
10,1.61827,0.21411,,,
10,1.61827,0.21411,,,
10,1.61827,0.21411,,,
10,1.61827,0.21411,,,
10,1.61827,0.21411,,,
10,1.61827,0.21411,,,
10,1.61827,0.21411,,,
10,1.61827,0.21411,,,
10,1.61827,0.21411,,,
10,1.61827,0.21411,,,
10,1.61827,0.21411,,,
10,1.61827,0.21411,,,
10,1.61827,0.21411,,,
10,1.61827,0.21411,,,
10,1.61827,0.21411,,,
10,1.61827,0.21411,,,
10,1.61827,0.21411,,,
10,1.61827,0.21411,,,
10,1.61827,0.21411,,,
10,1.61827,0.21411,,,
10,1.61827,0.21411,,,
10,1.61827,0.21411,,,
10,1.61827,0.21411,,,
10,1.61827,0.21411,,,
10,1.61827,0.21411,,,
10,1.61827,0.21411,,,
10,1.61827,0.21411,,,
10,1.61827,0.21411,,,
10,1.61827,0.21411,,,
10,1.61827,0.21411,,,
10,1.61827,0.21411,,,
10,1.61827,0.21411,,,
10,1.61827,0.21411,,,
10,1.61827,0.21411,,,
10,1.61827,0.21411,,,
10,1.61827,0.21411,,,
10,1.61827,0.21411,,,
10,1.61827,0.21411,,,
10,1.61827,0.21411,,,
10,1.61827,0.21411,,,
10,1.61827,0.21411,,,
10,1.61827,0.21411,,,
10,1.61827,0.21411,,,
10,1.61827,0.21411,,,
10,1.61827,0.21411,,,
10,1.61827,0.21411,,,
10,1.61827,0.21411,,,
10,1.61827,0.21411,,,
10,1.61827,0.21411,,,
10,1.61827,0.21411,,,
10,1.61827,0.21411,,,
10,1.61827,0.21411,,,
10,1.61827,0.21411,,,
10,1.61827,0.21411,,,
10,1.61827,0.21411,,,
10,1.61827,0.21411,,,
10,1.61827,0.21411,,,
10,1.61827,0.21411,,,
10,1.61827,0.21411,,,
10,1.61827,0.21411,,,
10,1.61827,0.21411,,,
10,1.61827,0.21411,,,
10,1.61827,0.21411,,,
10,1.61827,0.21411,,,
10,1.61827,0.21411,,,
10,1.61827,0.21411,,,
10,1.61827,0.21411,,,
10,1.61827,0.21411,,,
10,1.61827,0.21411,,,
10,1.61827,0.21411,,,
10,1.61827,0.21411,,,
10,1.61827,0.21411,,,
10,1.61827,0.21411,,,
10,1.61827,0.21411,,,
10,1.61827,0.21411,,,
10,1.61827,0.21411,,,
10,1.61827,0.21411,,,
10,1.61827,0.21411,,,
10,1.61827,0.21411,,,
10,1.61827,0.21411,,,
10,1.61827,0.21411,,,
10,1.61827,0.21411,,,
10,1.61827,0.21411,,,
10,1.61827,0.21411,,,
10,1.61827,0.21411,,,
10,1.61827,0.21411,,,
10,1.61827,0.21411,,,
10,1.61827,0.21411,,,
10,1.61827,0.21411,,,
10,1.61827,0.21411,,,
10,1.61827,0.21411,,,
10,1.61827,0.21411,,,
10,1.61827,0.21411,,,
10,1.61827,0.21411,,,
10,1.61827,0.21411,,,
10,1.61827,0.21411,,,
10,1.61827,0.21411,,,
10,1.61827,0.21411,,,
10,1.61827,0.21411,,,
10,1.61827,0.21411,,,
10,1.61827,0.21411,,,
10,1.61827,0.21411,,,
10,1.61827,0.21411,,,
10,1.61827,0.21411,,,
10,1.61827,0.21411,,,
10,1.61827,0.21411,,,
10,1.61827,0.21411,,,
10,1.61827,0.21411,,,
10,1.61827,0.21411,,,
10,1.61827,0.21411,,,
10,1.61827,0.21411,,,
10,1.61827,0.21411,,,
10,1.61827,0.21411,,,
10,1.61827,0.21411,,,
10,1.61827,0.21411,,,
10,1.61827,0.21411,,,
10,1.61827,0.21411,,,
10,1.61827,0.21411,,,
10,1.61827,0.21411,,,
10,1.61827,0.21411,,,
10,1.61827,0.21411,,,
10,1.61827,0.21411,,,
10,1.61827,0.21411,,,
10,1.61827,0.21411,,,
10,1.61827,0.21411,,,
10,1.61827,0.21411,,,
10,1.61827,0.21411,,,
10,1.61827,0.21411,,,
10,1.61827,0.21411,,,
10,1.61827,0.21411,,,
10,1.61827,0.21411,,,
10,1.61827,0.21411,,,
10,1.61827,0.21411,,,
10,1.61827,0.21411,,,
10,1.61827,0.21411,,,
10,1.61827,0.21411,,,
10,1.61827,0.21411,,,
10,1.61827,0.21411,,,
10,1.61827,0.21411,,,
10,1.61827,0.21411,,,
10,1.61827,0.21411,,,
10,1.61827,0.21411,,,
10,1.61827,0.21411,,,
10,1.61827,0.21411,,,
10,1.61827,0.21411,,,
10,1.61827,0.21411,,,
10,1.61827,0.21411,,,
10,1.61827,0.21411,,,
10,1.61827,0.21411,,,
10,1.61827,0.21411,,,
10,1.61827,0.21411,,,
10,1.61827,0.21411,,,
10,1.61827,0.21411,,,
10,1.61827,0.21411,,,
10,1.61827,0.21411,,,
10,1.61827,0.21411,,,
10,1.61827,0.21411,,,
10,1.61827,0.21411,,,
10,1.61827,0.21411,,,
10,1.61827,0.21411,,,
10,1.61827,0.21411,,,
10,1.61827,0.21411,,,
10,1.61827,0.21411,,,
10,1.61827,0.21411,,,
10,1.61827,0.21411,,,
10,1.61827,0.21411,,,
10,1.61827,0.21411,,,
10,1.61827,0.21411,,,
10,1.61827,0.21411,,,
10,1.61827,0.21411,,,
10,1.61827,0.21411,,,
10,1.61827,0.21411,,,
10,1.61827,0.21411,,,
10,1.61827,0.21411,,,
10,1.61827,0.21411,,,
10,1.61827,0.21411,,,
10,1.61827,0.21411,,,
10,1.61827,0.21411,,,
10,1.61827,0.21411,,,
10,1.61827,0.21411,,,
10,1.61827,0.21411,,,
10,1.61827,0.21411,,,
10,1.61827,0.21411,,,
10,1.61827,0.21411,,,
10,1.61827,0.21411,,,
10,1.61827,0.21411,,,
10,1.61827,0.21411,,,
10,1.61827,0.21411,,,
10,1.61827,0.21411,,,
10,1.61827,0.21411,,,
10,1.61827,0.21411,,,
10,1.61827,0.21411,,,
10,1.61827,0.21411,,,
10,1.61827,0.21411,,,
10,1.61827,0.21411,,,
10,1.61827,0.21411,,,
10,1.61827,0.21411,,,
10,1.61827,0.21411,,,
10,1.61827,0.21411,,,
10,1.61827,0.21411,,,
10,1.61827,0.21411,,,
10,1.61827,0.21411,,,
10,1.61827,0.21411,,,
10,1.61827,0.21411,,,
10,1.61827,0.21411,,,
10,1.61827,0.21411,,,
10,1.61827,0.21411,,,
10,1.61827,0.21411,,,
10,1.61827,0.21411,,,
10,1.61827,0.21411,,,
10,1.61827,0.21411,,,
10,1.61827,0.21411,,,
10,1.61827,0.21411,,,
10,1.61827,0.21411,,,
10,1.61827,0.21411,,,
10,1.61827,0.21411,,,
10,1.61827,0.21411,,,
10,1.61827,0.21411,,,
10,1.61827,0.21411,,,
10,1.61827,0.21411,,,
10,1.61827,0.21411,,,
10,1.61827,0.21411,,,
10,1.61827,0.21411,,,
10,1.61827,0.21411,,,
10,1.61827,0.21411,,,
10,1.61827,0.21411,,,
10,1.61827,0.21411,,,
10,1.61827,0.21411,,,
10,1.61827,0.21411,,,
10,1.61827,0.21411,,,
10,1.61827,0.21411,,,
10,1.61827,0.21411,,,
10,1.61827,0.21411,,,
10,1.61827,0.21411,,,
10,1.61827,0.21411,,,
10,1.61827,0.21411,,,
10,1.61827,0.21411,,,
10,1.61827,0.21411,,,
10,1.61827,0.21411,,,
10,1.61827,0.21411,,,
10,1.61827,0.21411,,,
10,1.61827,0.21411,,,
10,1.61827,0.21411,,,
10,1.61827,0.21411,,,
10,1.61827,0.21411,,,
10,1.61827,0.21411,,,
10,1.61827,0.21411,,,
10,1.61827,0.21411,,,
10,1.61827,0.21411,,,
10,1.61827,0.21411,,,
10,1.61827,0.21411,,,
10,1.61827,0.21411,,,
10,1.61827,0.21411,,,
10,1.61827,0.21411,,,
10,1.61827,0.21411,,,
10,1.61827,0.21411,,,
10,1.61827,0.21411,,,
10,1.61827,0.21411,,,
10,1.61827,0.21411,,,
10,1.61827,0.21411,,,
10,1.61827,0.21411,,,
10,1.61827,0.21411,,,
10,1.61827,0.21411,,,
10,1.61827,0.21411,,,
10,1.61827,0.21411,,,
10,1.61827,0.21411,,,
10,1.61827,0.21411,,,
10,1.61827,0.21411,,,
10,1.61827,0.21411,,,
10,1.61827,0.21411,,,
10,1.61827,0.21411,,,
10,1.61827,0.21411,,,
10,1.61827,0.21411,,,
10,1.61827,0.21411,,,
10,1.61827,0.21411,,,
10,1.61827,0.21411,,,
10,1.61827,0.21411,,,
10,1.61827,0.21411,,,
10,1.61827,0.21411,,,
10,1.61827,0.21411,,,
10,1.61827,0.21411,,,
10,1.61827,0.21411,,,
10,1.61827,0.21411,,,
10,1.61827,0.21411,,,
10,1.61827,0.21411,,,
10,1.61827,0.21411,,,
10,1.61827,0.21411,,,
10,1.61827,0.21411,,,
10,1.61827,0.21411,,,
10,1.61827,0.21411,,,
10,1.61827,0.21411,,,
10,1.61827,0.21411,,,
10,1.61827,0.21411,,,
10,1.61827,0.21411,,,
10,1.61827,0.21411,,,
10,1.61827,0.21411,,,
10,1.61827,0.21411,,,
10,1.61827,0.21411,,,
10,1.61827,0.21411,,,
10,1.61827,0.21411,,,
10,1.61827,0.21411,,,
10,1.61827,0.21411,,,
10,1.61827,0.21411,,,
10,1.61827,0.21411,,,
10,1.61827,0.21411,,,
10,1.61827,0.21411,,,
10,1.61827,0.21411,,,
10,1.61827,0.21411,,,
10,1.61827,0.21411,,,
10,1.61827,0.21411,,,
10,1.61827,0.21411,,,
10,1.61827,0.21411,,,
10,1.61827,0.21411,,,
10,1.61827,0.21411,,,
10,1.61827,0.21411,,,
10,1.61827,0.21411,,,
10,1.61827,0.21411,,,
10,1.61827,0.21411,,,
10,1.61827,0.21411,,,
10,1.61827,0.21411,,,
10,1.61827,0.21411,,,
10,1.61827,0.21411,,,
10,1.61827,0.21411,,,
10,1.61827,0.21411,,,
10,1.61827,0.21411,,,
10,1.61827,0.21411,,,
10,1.61827,0.21411,,,
10,1.61827,0.21411,,,
10,1.61827,0.21411,,,
10,1.61827,0.21411,,,
10,1.61827,0.21411,,,
10,1.61827,0.21411,,,
10,1.61827,0.21411,,,
10,1.61827,0.21411,,,
10,1.61827,0.21411,,,
10,1.61827,0.21411,,,
10,1.61827,0.21411,,,
10,1.61827,0.21411,,,
10,1.61827,0.21411,,,
10,1.61827,0.21411,,,
10,1.61827,0.21411,,,
10,1.61827,0.21411,,,
10,1.61827,0.21411,,,
10,1.61827,0.21411,,,
10,1.61827,0.21411,,,
10,1.61827,0.21411,,,
10,1.61827,0.21411,,,
10,1.61827,0.21411,,,
10,1.61827,0.21411,,,
10,1.61827,0.21411,,,
10,1.61827,0.21411,,,
10,1.61827,0.21411,,,
10,1.55239,0.253422,,,
10,1.54676,0.260412,,,
10,1.54676,0.260412,,,
10,1.54676,0.260412,,,
10,1.54676,0.260412,,,
10,1.54676,0.260412,,,
10,1.54676,0.260412,,,
10,1.508,0.260164,,,
10,1.50095,0.263025,,,
10,1.50095,0.263025,,,
10,1.50095,0.263025,,,
10,1.50095,0.263025,,,
10,1.50095,0.263025,,,
10,1.50095,0.263025,,,
10,1.50095,0.263025,,,
10,1.50095,0.263025,,,
10,1.50095,0.263025,,,
10,1.50095,0.263025,,,
10,1.50095,0.263025,,,
10,1.50095,0.263025,,,
10,1.50095,0.263025,,,
10,1.50095,0.263025,,,
10,1.50095,0.263025,,,
10,1.50095,0.263025,,,
10,1.50095,0.263025,,,
10,1.50095,0.263025,,,
10,1.50095,0.263025,,,
10,1.50095,0.263025,,,
10,1.50095,0.263025,,,
10,1.50095,0.263025,,,
10,1.50095,0.263025,,,
10,1.50095,0.263025,,,
10,1.50095,0.263025,,,
10,1.50095,0.263025,,,
10,1.50095,0.263025,,,
10,1.50095,0.263025,,,
10,1.50095,0.263025,,,
10,1.50095,0.263025,,,
10,1.50095,0.263025,,,
10,1.50095,0.263025,,,
10,1.50095,0.263025,,,
10,1.50095,0.263025,,,
10,1.50095,0.263025,,,
10,1.50095,0.263025,,,
10,1.50095,0.263025,,,
10,1.50095,0.263025,,,
10,1.50095,0.263025,,,
10,1.50095,0.263025,,,
10,1.50095,0.263025,,,
10,1.44661,0.287148,,,
10,1.43485,0.299366,,,
10,1.43485,0.299366,,,
10,1.43485,0.299366,,,
10,1.43485,0.299366,,,
10,1.43485,0.299366,,,
10,1.43485,0.299366,,,
10,1.43485,0.299366,,,
10,1.43485,0.299366,,,
10,1.43485,0.299366,,,
10,1.43485,0.299366,,,
10,1.43485,0.299366,,,
10,1.43485,0.299366,,,
10,1.43485,0.299366,,,
10,1.43485,0.299366,,,
10,1.43485,0.299366,,,
10,1.43485,0.299366,,,
10,1.43485,0.299366,,,
10,1.43485,0.299366,,,
10,1.43485,0.299366,,,
10,1.43485,0.299366,,,
10,1.43485,0.299366,,,
10,1.43485,0.299366,,,
10,1.43485,0.299366,,,
10,1.43485,0.299366,,,
10,1.43485,0.299366,,,
10,1.43485,0.299366,,,
10,1.43485,0.299366,,,
10,1.43485,0.299366,,,
10,1.43485,0.299366,,,
10,1.43485,0.299366,,,
10,1.43485,0.299366,,,
10,1.43485,0.299366,,,
10,1.43485,0.299366,,,
10,1.43485,0.299366,,,
10,1.43485,0.299366,,,
10,1.43485,0.299366,,,
10,1.43485,0.299366,,,
10,1.43485,0.299366,,,
10,1.43485,0.299366,,,
10,1.43485,0.299366,,,
10,1.43485,0.299366,,,
10,1.43485,0.299366,,,
10,1.43485,0.299366,,,
10,1.43485,0.299366,,,
10,1.43485,0.299366,,,
10,1.43485,0.299366,,,
10,1.43485,0.299366,,,
10,1.43485,0.299366,,,
10,1.43485,0.299366,,,
10,1.43485,0.299366,,,
10,1.43485,0.299366,,,
10,1.43485,0.299366,,,
10,1.43485,0.299366,,,
10,1.43485,0.299366,,,
10,1.43485,0.299366,,,
10,1.43485,0.299366,,,
10,1.43485,0.299366,,,
10,1.43485,0.299366,,,
10,1.43485,0.299366,,,
10,1.43485,0.299366,,,
10,1.43485,0.299366,,,
10,1.43485,0.299366,,,
10,1.43485,0.299366,,,
10,1.43485,0.299366,,,
10,1.43485,0.299366,,,
10,1.43485,0.299366,,,
10,1.43485,0.299366,,,
10,1.43485,0.299366,,,
10,1.43485,0.299366,,,
10,1.43485,0.299366,,,
10,1.43485,0.299366,,,
10,1.43485,0.299366,,,
10,1.43485,0.299366,,,
10,1.43485,0.299366,,,
10,1.43485,0.299366,,,
10,1.43485,0.299366,,,
10,1.43485,0.299366,,,
10,1.43485,0.299366,,,
10,1.43485,0.299366,,,
10,1.43485,0.299366,,,
10,1.43485,0.299366,,,
10,1.43485,0.299366,,,
10,1.43485,0.299366,,,
10,1.43485,0.299366,,,
10,1.43485,0.299366,,,
10,1.43485,0.299366,,,
10,1.43485,0.299366,,,
10,1.43485,0.299366,,,
10,1.43485,0.299366,,,
10,1.43485,0.299366,,,
10,1.43485,0.299366,,,
10,1.43485,0.299366,,,
10,1.43485,0.299366,,,
10,1.43485,0.299366,,,
10,1.43485,0.299366,,,
10,1.43485,0.299366,,,
10,1.43485,0.299366,,,
10,1.43485,0.299366,,,
10,1.43485,0.299366,,,
10,1.43485,0.299366,,,
10,1.43485,0.299366,,,
10,1.43485,0.299366,,,
10,1.43485,0.299366,,,
10,1.43485,0.299366,,,
10,1.43485,0.299366,,,
10,1.43485,0.299366,,,
10,1.43485,0.299366,,,
10,1.43485,0.299366,,,
10,1.43485,0.299366,,,
10,1.43485,0.299366,,,
10,1.43485,0.299366,,,
10,1.43485,0.299366,,,
10,1.43485,0.299366,,,
10,1.43485,0.299366,,,
10,1.43485,0.299366,,,
10,1.43485,0.299366,,,
10,1.43485,0.299366,,,
10,1.43485,0.299366,,,
10,1.43485,0.299366,,,
10,1.43485,0.299366,,,
10,1.43485,0.299366,,,
10,1.43485,0.299366,,,
10,1.43485,0.299366,,,
10,1.43485,0.299366,,,
10,1.43485,0.299366,,,
10,1.43485,0.299366,,,
10,1.43485,0.299366,,,
10,1.43485,0.299366,,,
10,1.43485,0.299366,,,
10,1.43485,0.299366,,,
10,1.43485,0.299366,,,
10,1.43485,0.299366,,,
10,1.43485,0.299366,,,
10,1.43485,0.299366,,,
10,1.43485,0.299366,,,
10,1.43485,0.299366,,,
10,1.43485,0.299366,,,
10,1.43485,0.299366,,,
10,1.43485,0.299366,,,
10,1.43485,0.299366,,,
10,1.43485,0.299366,,,
10,1.43485,0.299366,,,
10,1.43485,0.299366,,,
10,1.43485,0.299366,,,
10,1.43485,0.299366,,,
10,1.43485,0.299366,,,
10,1.43485,0.299366,,,
10,1.43485,0.299366,,,
10,1.43485,0.299366,,,
10,1.43485,0.299366,,,
10,1.43485,0.299366,,,
10,1.43485,0.299366,,,
10,1.43485,0.299366,,,
10,1.43485,0.299366,,,
10,1.43485,0.299366,,,
10,1.43485,0.299366,,,
10,1.43485,0.299366,,,
10,1.43485,0.299366,,,
10,1.43485,0.299366,,,
10,1.43485,0.299366,,,
10,1.43485,0.299366,,,
10,1.43485,0.299366,,,
10,1.43485,0.299366,,,
10,1.43485,0.299366,,,
10,1.43485,0.299366,,,
10,1.43485,0.299366,,,
10,1.43485,0.299366,,,
10,1.43485,0.299366,,,
10,1.43485,0.299366,,,
10,1.43485,0.299366,,,
10,1.43485,0.299366,,,
10,1.43485,0.299366,,,
10,1.43485,0.299366,,,
10,1.43485,0.299366,,,
10,1.43485,0.299366,,,
10,1.43485,0.299366,,,
10,1.43485,0.299366,,,
10,1.43485,0.299366,,,
10,1.43485,0.299366,,,
10,1.43485,0.299366,,,
10,1.43468,0.299562,,,
10,1.43454,0.299717,,,
10,1.43454,0.299717,,,
10,1.43454,0.299717,,,
10,1.43454,0.299717,,,
10,1.43454,0.299717,,,
10,1.43454,0.299717,,,
10,1.43454,0.299717,,,
10,1.43454,0.299717,,,
10,1.43454,0.299717,,,
10,1.43454,0.299717,,,
10,1.43454,0.299717,,,
10,1.43454,0.299717,,,
10,1.43454,0.299717,,,
10,1.43454,0.299717,,,
10,1.43454,0.299717,,,
10,1.43454,0.299717,,,
10,1.43454,0.299717,,,
10,1.43454,0.299717,,,
10,1.43454,0.299717,,,
10,1.43454,0.299717,,,
10,1.43454,0.299717,,,
10,1.43454,0.299717,,,
10,1.43454,0.299717,,,
10,1.43454,0.299717,,,
10,1.43454,0.299717,,,
10,1.43454,0.299717,,,
10,1.43454,0.299717,,,
10,1.43454,0.299717,,,
10,1.43454,0.299717,,,
10,1.43454,0.299717,,,
10,1.43454,0.299717,,,
10,1.43454,0.299717,,,
10,1.43454,0.299717,,,
10,1.43454,0.299717,,,
10,1.43454,0.299717,,,
10,1.43454,0.299717,,,
10,1.43454,0.299717,,,
10,1.43454,0.299717,,,
10,1.43454,0.299717,,,
10,1.43454,0.299717,,,
10,1.43454,0.299717,,,
10,1.43454,0.299717,,,
10,1.43454,0.299717,,,
10,1.43454,0.299717,,,
10,1.43454,0.299717,,,
10,1.43454,0.299717,,,
10,1.43454,0.299717,,,
10,1.43454,0.299717,,,
10,1.43454,0.299717,,,
10,1.43454,0.299717,,,
10,1.43454,0.299717,,,
10,1.43454,0.299717,,,
10,1.43454,0.299717,,,
10,1.43454,0.299717,,,
10,1.43454,0.299717,,,
10,1.43454,0.299717,,,
10,1.43454,0.299717,,,
10,1.43454,0.299717,,,
10,1.43454,0.299717,,,
10,1.43454,0.299717,,,
10,1.43454,0.299717,,,
10,1.43454,0.299717,,,
10,1.43454,0.299717,,,
10,1.43454,0.299717,,,
10,1.43454,0.299717,,,
10,1.43454,0.299717,,,
10,1.43454,0.299717,,,
10,1.43454,0.299717,,,
10,1.43454,0.299717,,,
10,1.43454,0.299717,,,
10,1.43454,0.299717,,,
10,1.43454,0.299717,,,
10,1.43454,0.299717,,,
10,1.43454,0.299717,,,
10,1.43454,0.299717,,,
10,1.43454,0.299717,,,
10,1.43454,0.299717,,,
10,1.43454,0.299717,,,
10,1.43454,0.299717,,,
10,1.43454,0.299717,,,
10,1.43454,0.299717,,,
10,1.43454,0.299717,,,
10,1.43454,0.299717,,,
10,1.43454,0.299717,,,
10,1.43454,0.299717,,,
10,1.43454,0.299717,,,
10,1.43454,0.299717,,,
10,1.43454,0.299717,,,
10,1.43454,0.299717,,,
10,1.43454,0.299717,,,
10,1.43454,0.299717,,,
10,1.43454,0.299717,,,
10,1.43454,0.299717,,,
10,1.43454,0.299717,,,
10,1.43454,0.299717,,,
10,1.43454,0.299717,,,
10,1.43454,0.299717,,,
10,1.43454,0.299717,,,
10,1.43454,0.299717,,,
10,1.43454,0.299717,,,
10,1.43454,0.299717,,,
10,1.43454,0.299717,,,
10,1.43454,0.299717,,,
10,1.43454,0.299717,,,
10,1.43454,0.299717,,,
10,1.43454,0.299717,,,
10,1.43454,0.299717,,,
10,1.43454,0.299717,,,
10,1.43454,0.299717,,,
10,1.43454,0.299717,,,
10,1.43454,0.299717,,,
10,1.43454,0.299717,,,
10,1.43454,0.299717,,,
10,1.43454,0.299717,,,
10,1.43454,0.299717,,,
10,1.43454,0.299717,,,
10,1.43454,0.299717,,,
10,1.43454,0.299717,,,
10,1.43454,0.299717,,,
10,1.43454,0.299717,,,
10,1.43454,0.299717,,,
10,1.43454,0.299717,,,
10,1.43454,0.299717,,,
10,1.43454,0.299717,,,
10,1.43454,0.299717,,,
10,1.43454,0.299717,,,
10,1.43454,0.299717,,,
10,1.43454,0.299717,,,
10,1.43454,0.299717,,,
10,1.43454,0.299717,,,
10,1.43454,0.299717,,,
10,1.43454,0.299717,,,
10,1.43454,0.299717,,,
10,1.43454,0.299717,,,
10,1.43454,0.299717,,,
10,1.43454,0.299717,,,
10,1.43454,0.299717,,,
10,1.43454,0.299717,,,
10,1.43454,0.299717,,,
10,1.43454,0.299717,,,
10,1.43454,0.299717,,,
10,1.43454,0.299717,,,
10,1.43454,0.299717,,,
10,1.43454,0.299717,,,
10,1.43454,0.299717,,,
10,1.43454,0.299717,,,
10,1.43454,0.299717,,,
10,1.43454,0.299717,,,
10,1.43454,0.299717,,,
10,1.43454,0.299717,,,
10,1.43454,0.299717,,,
10,1.43454,0.299717,,,
10,1.43454,0.299717,,,
10,1.43454,0.299717,,,
10,1.43454,0.299717,,,
10,1.43454,0.299717,,,
10,1.43454,0.299717,,,
10,1.43454,0.299717,,,
10,1.43454,0.299717,,,
10,1.43454,0.299717,,,
10,1.43454,0.299717,,,
10,1.43454,0.299717,,,
10,1.43454,0.299717,,,
10,1.43454,0.299717,,,
10,1.43454,0.299717,,,
10,1.43454,0.299717,,,
10,1.43454,0.299717,,,
10,1.43454,0.299717,,,
10,1.43454,0.299717,,,
10,1.43454,0.299717,,,
10,1.43454,0.299717,,,
10,1.43454,0.299717,,,
10,1.43454,0.299717,,,
10,1.43454,0.299717,,,
10,1.43454,0.299717,,,
10,1.43454,0.299717,,,
10,1.43454,0.299717,,,
10,1.43454,0.299717,,,
10,1.43454,0.299717,,,
10,1.43454,0.299717,,,
10,1.43454,0.299717,,,
10,1.43454,0.299717,,,
10,1.43454,0.299717,,,
10,1.43454,0.299717,,,
10,1.43454,0.299717,,,
10,1.43454,0.299717,,,
10,1.43454,0.299717,,,
10,1.43454,0.299717,,,
10,1.43454,0.299717,,,
10,1.43454,0.299717,,,
10,1.43454,0.299717,,,
10,1.43454,0.299717,,,
10,1.43454,0.299717,,,
10,1.43454,0.299717,,,
10,1.43454,0.299717,,,
10,1.43454,0.299717,,,
10,1.43454,0.299717,,,
10,1.43454,0.299717,,,
10,1.43454,0.299717,,,
10,1.43454,0.299717,,,
10,1.43454,0.299717,,,
10,1.43454,0.299717,,,
10,1.43454,0.299717,,,
10,1.43454,0.299717,,,
10,1.43454,0.299717,,,
10,1.43454,0.299717,,,
10,1.43454,0.299717,,,
10,1.43454,0.299717,,,
10,1.43454,0.299717,,,
10,1.43454,0.299717,,,
10,1.32445,0.188019,,,
10,1.31723,0.188316,,,
10,1.31723,0.188316,,,
10,1.31723,0.188316,,,
10,1.31723,0.188316,,,
10,1.31723,0.188316,,,
10,1.31723,0.188316,,,
10,1.31723,0.188316,,,
10,1.31723,0.188316,,,
10,1.31723,0.188316,,,
10,1.31723,0.188316,,,
10,1.31723,0.188316,,,
10,1.31723,0.188316,,,
10,1.31723,0.188316,,,
10,1.31723,0.188316,,,
10,1.31723,0.188316,,,
10,1.31723,0.188316,,,
10,1.31723,0.188316,,,
10,1.31723,0.188316,,,
10,1.31723,0.188316,,,
10,1.31723,0.188316,,,
10,1.31723,0.188316,,,
10,1.31723,0.188316,,,
10,1.31723,0.188316,,,
10,1.31723,0.188316,,,
10,1.31723,0.188316,,,
10,1.31723,0.188316,,,
10,1.31723,0.188316,,,
10,1.31723,0.188316,,,
10,1.31723,0.188316,,,
10,1.31723,0.188316,,,
10,1.31723,0.188316,,,
10,1.31723,0.188316,,,
10,1.31723,0.188316,,,
10,1.31723,0.188316,,,
10,1.31723,0.188316,,,
10,1.31723,0.188316,,,
10,1.31723,0.188316,,,
10,1.31723,0.188316,,,
10,1.31723,0.188316,,,
10,1.31723,0.188316,,,
10,1.31723,0.188316,,,
10,1.31723,0.188316,,,
10,1.31723,0.188316,,,
10,1.31723,0.188316,,,
10,1.31723,0.188316,,,
10,1.31723,0.188316,,,
10,1.31723,0.188316,,,
10,1.31723,0.188316,,,
10,1.31723,0.188316,,,
10,1.31723,0.188316,,,
10,1.31723,0.188316,,,
10,1.31723,0.188316,,,
10,1.31723,0.188316,,,
10,1.31723,0.188316,,,
10,1.31723,0.188316,,,
10,1.31723,0.188316,,,
10,1.31723,0.188316,,,
10,1.31723,0.188316,,,
10,1.31723,0.188316,,,
10,1.31723,0.188316,,,
10,1.31723,0.188316,,,
10,1.31723,0.188316,,,
10,1.31723,0.188316,,,
10,1.31723,0.188316,,,
10,1.31723,0.188316,,,
10,1.31723,0.188316,,,
10,1.31723,0.188316,,,
10,1.31723,0.188316,,,
10,1.31723,0.188316,,,
10,1.31723,0.188316,,,
10,1.31723,0.188316,,,
10,1.31723,0.188316,,,
10,1.31723,0.188316,,,
10,1.31723,0.188316,,,
10,1.31723,0.188316,,,
10,1.31723,0.188316,,,
10,1.31723,0.188316,,,
10,1.31723,0.188316,,,
10,1.31723,0.188316,,,
10,1.31723,0.188316,,,
10,1.31723,0.188316,,,
10,1.31723,0.188316,,,
10,1.31723,0.188316,,,
10,1.31723,0.188316,,,
10,1.31723,0.188316,,,
10,1.31723,0.188316,,,
10,1.31723,0.188316,,,
10,1.31723,0.188316,,,
10,1.31717,0.188364,,,
10,1.31621,0.189172,,,
10,1.31621,0.189172,,,
10,1.31621,0.189172,,,
10,1.31621,0.189172,,,
10,1.31621,0.189172,,,
10,1.31621,0.189172,,,
10,1.31621,0.189172,,,
10,1.31621,0.189172,,,
10,1.31621,0.189172,,,
10,1.31621,0.189172,,,
10,1.31621,0.189172,,,
10,1.31621,0.189172,,,
10,1.31621,0.189172,,,
10,1.31621,0.189172,,,
10,1.31621,0.189172,,,
10,1.31621,0.189172,,,
10,1.31621,0.189172,,,
10,1.31621,0.189172,,,
10,1.31621,0.189172,,,
10,1.31621,0.189172,,,
10,1.31621,0.189172,,,
10,1.31621,0.189172,,,
10,1.31621,0.189172,,,
10,1.31621,0.189172,,,
10,1.31621,0.189172,,,
10,1.31621,0.189172,,,
10,1.31621,0.189172,,,
10,1.31621,0.189172,,,
10,1.31621,0.189172,,,
10,1.31621,0.189172,,,
10,1.31621,0.189172,,,
10,1.31621,0.189172,,,
10,1.31621,0.189172,,,
10,1.31621,0.189172,,,
10,1.31621,0.189172,,,
10,1.31621,0.189172,,,
10,1.31621,0.189172,,,
10,1.31621,0.189172,,,
10,1.3141,0.189432,,,
10,1.27457,0.209117,,,
10,1.27457,0.209117,,,
10,1.27457,0.209117,,,
10,1.27457,0.209117,,,
10,1.27457,0.209117,,,
10,1.27457,0.209117,,,
10,1.27457,0.209117,,,
10,1.27457,0.209117,,,
10,1.27457,0.209117,,,
10,1.27457,0.209117,,,
10,1.27457,0.209117,,,
10,1.27457,0.209117,,,
10,1.27457,0.209117,,,
10,1.27457,0.209117,,,
10,1.27457,0.209117,,,
10,1.27457,0.209117,,,
10,1.27457,0.209117,,,
10,1.27457,0.209117,,,
10,1.27457,0.209117,,,
10,1.27457,0.209117,,,
10,1.27457,0.209117,,,
10,1.27457,0.209117,,,
10,1.27457,0.209117,,,
10,1.27457,0.209117,,,
10,1.27457,0.209117,,,
10,1.27457,0.209117,,,
10,1.27457,0.209117,,,
10,1.27457,0.209117,,,
10,1.27457,0.209117,,,
10,1.27457,0.209117,,,
10,1.27457,0.209117,,,
10,1.27457,0.209117,,,
10,1.27457,0.209117,,,
10,1.27457,0.209117,,,
10,1.27457,0.209117,,,
10,1.27457,0.209117,,,
10,1.27457,0.209117,,,
10,1.27457,0.209117,,,
10,1.27457,0.209117,,,
10,1.27457,0.209117,,,
10,1.27457,0.209117,,,
10,1.27457,0.209117,,,
10,1.27457,0.209117,,,
10,1.27457,0.209117,,,
10,1.27457,0.209117,,,
10,1.27457,0.209117,,,
10,1.27457,0.209117,,,
10,1.27457,0.209117,,,
10,1.27457,0.209117,,,
10,1.27457,0.209117,,,
10,1.27457,0.209117,,,
10,1.27457,0.209117,,,
10,1.27457,0.209117,,,
10,1.27457,0.209117,,,
10,1.27457,0.209117,,,
10,1.27457,0.209117,,,
10,1.27457,0.209117,,,
10,1.27457,0.209117,,,
10,1.27457,0.209117,,,
10,1.27457,0.209117,,,
10,1.27457,0.209117,,,
10,1.27457,0.209117,,,
10,1.27457,0.209117,,,
10,1.27457,0.209117,,,
10,1.27457,0.209117,,,
10,1.27457,0.209117,,,
10,1.27457,0.209117,,,
10,1.27457,0.209117,,,
10,1.27457,0.209117,,,
10,1.19689,0.147458,,,
10,1.1902,0.147227,,,
10,1.1902,0.147227,,,
10,1.1902,0.147227,,,
10,1.1902,0.147227,,,
10,1.1902,0.147227,,,
10,1.1902,0.147227,,,
10,1.1902,0.147227,,,
10,1.1902,0.147227,,,
10,1.1902,0.147227,,,
10,1.1902,0.147227,,,
10,1.1902,0.147227,,,
10,1.1902,0.147227,,,
10,1.1902,0.147227,,,
10,1.1902,0.147227,,,
10,1.1902,0.147227,,,
10,1.1902,0.147227,,,
10,1.1902,0.147227,,,
10,1.1902,0.147227,,,
10,1.1902,0.147227,,,
10,1.1902,0.147227,,,
10,1.1902,0.147227,,,
10,1.1902,0.147227,,,
10,1.1902,0.147227,,,
10,1.1902,0.147227,,,
10,1.1902,0.147227,,,
10,1.1902,0.147227,,,
10,1.1902,0.147227,,,
10,1.1902,0.147227,,,
10,1.1902,0.147227,,,
10,1.1902,0.147227,,,
10,1.1902,0.147227,,,
10,1.1902,0.147227,,,
10,1.1902,0.147227,,,
10,1.1902,0.147227,,,
10,1.1902,0.147227,,,
10,1.1902,0.147227,,,
10,1.1902,0.147227,,,
10,1.1902,0.147227,,,
10,1.1902,0.147227,,,
10,1.1902,0.147227,,,
10,1.1902,0.147227,,,
10,1.1902,0.147227,,,
10,1.1902,0.147227,,,
10,1.1902,0.147227,,,
10,1.1902,0.147227,,,
10,1.1902,0.147227,,,
10,1.1902,0.147227,,,
10,1.1902,0.147227,,,
10,1.1902,0.147227,,,
10,1.1902,0.147227,,,
10,1.1902,0.147227,,,
10,1.1902,0.147227,,,
10,1.1902,0.147227,,,
10,1.1902,0.147227,,,
10,1.1902,0.147227,,,
10,1.1902,0.147227,,,
10,1.1902,0.147227,,,
10,1.1902,0.147227,,,
10,1.1902,0.147227,,,
10,1.1902,0.147227,,,
10,1.1902,0.147227,,,
10,1.1902,0.147227,,,
10,1.1902,0.147227,,,
10,1.1902,0.147227,,,
10,1.1902,0.147227,,,
10,1.1902,0.147227,,,
10,1.1902,0.147227,,,
10,1.1902,0.147227,,,
10,1.1902,0.147227,,,
10,1.1902,0.147227,,,
10,1.1902,0.147227,,,
10,1.1902,0.147227,,,
10,1.1902,0.147227,,,
10,1.1902,0.147227,,,
10,1.1902,0.147227,,,
10,1.1902,0.147227,,,
10,1.1902,0.147227,,,
10,1.1902,0.147227,,,
10,1.1902,0.147227,,,
10,1.1902,0.147227,,,
10,1.1902,0.147227,,,
10,1.1902,0.147227,,,
10,1.1902,0.147227,,,
10,1.1902,0.147227,,,
10,1.1902,0.147227,,,
10,1.1902,0.147227,,,
10,1.1902,0.147227,,,
10,1.1902,0.147227,,,
10,1.1902,0.147227,,,
10,1.1902,0.147227,,,
10,1.1902,0.147227,,,
10,1.1902,0.147227,,,
10,1.1902,0.147227,,,
10,1.17722,0.146768,,,
10,1.17475,0.147024,,,
10,1.17475,0.147024,,,
10,1.17475,0.147024,,,
10,1.17475,0.147024,,,
10,1.17475,0.147024,,,
10,1.17475,0.147024,,,
10,1.17475,0.147024,,,
10,1.17475,0.147024,,,
10,1.17475,0.147024,,,
10,1.17475,0.147024,,,
10,1.17475,0.147024,,,
10,1.17475,0.147024,,,
10,1.17475,0.147024,,,
10,1.17475,0.147024,,,
10,1.17475,0.147024,,,
10,1.17475,0.147024,,,
10,1.17475,0.147024,,,
10,1.17475,0.147024,,,
10,1.17475,0.147024,,,
10,1.17475,0.147024,,,
10,1.17475,0.147024,,,
10,1.17475,0.147024,,,
10,1.17475,0.147024,,,
10,1.17475,0.147024,,,
10,1.17475,0.147024,,,
10,1.17475,0.147024,,,
10,1.17475,0.147024,,,
10,1.17475,0.147024,,,
10,1.17475,0.147024,,,
10,1.17475,0.147024,,,
10,1.17475,0.147024,,,
10,1.17475,0.147024,,,
10,1.17475,0.147024,,,
10,1.17475,0.147024,,,
10,1.17475,0.147024,,,
10,1.17475,0.147024,,,
10,1.17365,0.147174,,,
10,1.17143,0.147542,,,
10,1.17143,0.147542,,,
10,1.17143,0.147542,,,
10,1.17143,0.147542,,,
10,1.17143,0.147542,,,
10,1.17143,0.147542,,,
10,1.17143,0.147542,,,
10,1.17143,0.147542,,,
10,1.17143,0.147542,,,
10,1.17143,0.147542,,,
10,1.17143,0.147542,,,
10,1.17143,0.147542,,,
10,1.17143,0.147542,,,
10,1.17143,0.147542,,,
10,1.17143,0.147542,,,
10,1.17143,0.147542,,,
10,1.17143,0.147542,,,
10,1.17143,0.147542,,,
10,1.17143,0.147542,,,
10,1.17143,0.147542,,,
10,1.17143,0.147542,,,
10,1.17143,0.147542,,,
10,1.17143,0.147542,,,
10,1.17143,0.147542,,,
10,1.17143,0.147542,,,
10,1.17143,0.147542,,,
10,1.17143,0.147542,,,
10,1.17143,0.147542,,,
10,1.17143,0.147542,,,
10,1.17143,0.147542,,,
10,1.17143,0.147542,,,
10,1.17143,0.147542,,,
10,1.17143,0.147542,,,
10,1.17143,0.147542,,,
10,1.17143,0.147542,,,
10,1.17143,0.147542,,,
10,1.17143,0.147542,,,
10,1.17143,0.147542,,,
10,1.17143,0.147542,,,
10,1.17143,0.147542,,,
10,1.17143,0.147542,,,
10,1.17143,0.147542,,,
10,1.17143,0.147542,,,
10,1.17143,0.147542,,,
10,1.17143,0.147542,,,
10,1.17143,0.147542,,,
10,1.17143,0.147542,,,
10,1.17143,0.147542,,,
10,1.17143,0.147542,,,
10,1.17143,0.147542,,,
10,1.17143,0.147542,,,
10,1.17143,0.147542,,,
10,1.17143,0.147542,,,
10,1.17143,0.147542,,,
10,1.17143,0.147542,,,
10,1.17143,0.147542,,,
10,1.17143,0.147542,,,
10,1.17143,0.147542,,,
10,1.17143,0.147542,,,
10,1.17143,0.147542,,,
10,1.17143,0.147542,,,
10,1.17143,0.147542,,,
10,1.17143,0.147542,,,
10,1.17143,0.147542,,,
10,1.17143,0.147542,,,
10,1.17143,0.147542,,,
10,1.17143,0.147542,,,
10,1.17143,0.147542,,,
10,1.17143,0.147542,,,
10,1.17143,0.147542,,,
10,1.17143,0.147542,,,
10,1.17143,0.147542,,,
10,1.17143,0.147542,,,
10,1.17143,0.147542,,,
10,1.17143,0.147542,,,
10,1.17143,0.147542,,,
10,1.17143,0.147542,,,
10,1.17143,0.147542,,,
10,1.17143,0.147542,,,
10,1.17143,0.147542,,,
10,1.17143,0.147542,,,
10,1.17143,0.147542,,,
10,1.17143,0.147542,,,
10,1.17143,0.147542,,,
10,1.17143,0.147542,,,
10,1.17143,0.147542,,,
10,1.17143,0.147542,,,
10,1.17143,0.147542,,,
10,1.17143,0.147542,,,
10,1.17143,0.147542,,,
10,1.17143,0.147542,,,
10,1.17143,0.147542,,,
10,1.17143,0.147542,,,
10,1.17143,0.147542,,,
10,1.17143,0.147542,,,
10,1.17143,0.147542,,,
10,1.17143,0.147542,,,
10,1.17143,0.147542,,,
10,1.17143,0.147542,,,
10,1.17143,0.147542,,,
10,1.17143,0.147542,,,
10,1.17143,0.147542,,,
10,1.17143,0.147542,,,
10,1.17143,0.147542,,,
10,1.17143,0.147542,,,
10,1.17143,0.147542,,,
10,1.17143,0.147542,,,
10,1.17143,0.147542,,,
10,1.17143,0.147542,,,
10,1.17143,0.147542,,,
10,1.17143,0.147542,,,
10,1.17143,0.147542,,,
10,1.17143,0.147542,,,
10,1.17143,0.147542,,,
10,1.17143,0.147542,,,
10,1.17143,0.147542,,,
10,1.17143,0.147542,,,
10,1.17143,0.147542,,,
10,1.17143,0.147542,,,
10,1.17143,0.147542,,,
10,1.17143,0.147542,,,
10,1.17143,0.147542,,,
10,1.17143,0.147542,,,
10,1.17143,0.147542,,,
10,1.17143,0.147542,,,
10,1.17143,0.147542,,,
10,1.17143,0.147542,,,
10,1.17143,0.147542,,,
10,1.17143,0.147542,,,
10,1.17143,0.147542,,,
10,1.17143,0.147542,,,
10,1.17143,0.147542,,,
10,1.17143,0.147542,,,
10,1.17143,0.147542,,,
10,1.17143,0.147542,,,
10,1.17143,0.147542,,,
10,1.17143,0.147542,,,
10,1.17143,0.147542,,,
10,1.17143,0.147542,,,
10,1.17143,0.147542,,,
10,1.17143,0.147542,,,
10,1.17143,0.147542,,,
10,1.17143,0.147542,,,
10,1.17143,0.147542,,,
10,1.17143,0.147542,,,
10,1.17143,0.147542,,,
10,1.17143,0.147542,,,
10,1.17143,0.147542,,,
10,1.17143,0.147542,,,
10,1.17143,0.147542,,,
10,1.17143,0.147542,,,
10,1.17143,0.147542,,,
10,1.17143,0.147542,,,
10,1.17143,0.147542,,,
10,1.17143,0.147542,,,
10,1.17143,0.147542,,,
10,1.17143,0.147542,,,
10,1.17143,0.147542,,,
10,1.17143,0.147542,,,
10,1.17143,0.147542,,,
10,1.17143,0.147542,,,
10,1.17143,0.147542,,,
10,1.17143,0.147542,,,
10,1.17143,0.147542,,,
10,1.17143,0.147542,,,
10,1.17143,0.147542,,,
10,1.17143,0.147542,,,
10,1.17143,0.147542,,,
10,1.17143,0.147542,,,
10,1.17143,0.147542,,,
10,1.17143,0.147542,,,
10,1.17143,0.147542,,,
10,1.17143,0.147542,,,
10,1.17143,0.147542,,,
10,1.17143,0.147542,,,
10,1.17143,0.147542,,,
10,1.17143,0.147542,,,
10,1.17143,0.147542,,,
10,1.17143,0.147542,,,
10,1.17143,0.147542,,,
10,1.17143,0.147542,,,
10,1.17143,0.147542,,,
10,1.17143,0.147542,,,
10,1.17143,0.147542,,,
10,1.17143,0.147542,,,
10,1.17143,0.147542,,,
10,1.17143,0.147542,,,
10,1.17143,0.147542,,,
10,1.17143,0.147542,,,
10,1.17143,0.147542,,,
10,1.17143,0.147542,,,
10,1.17143,0.147542,,,
10,1.17143,0.147542,,,
10,1.17143,0.147542,,,
10,1.17143,0.147542,,,
10,1.17143,0.147542,,,
10,1.17143,0.147542,,,
10,1.17143,0.147542,,,
10,1.17143,0.147542,,,
10,1.17143,0.147542,,,
10,1.17143,0.147542,,,
10,1.17143,0.147542,,,
10,1.17143,0.147542,,,
10,1.17143,0.147542,,,
10,1.17143,0.147542,,,
10,1.17143,0.147542,,,
10,1.17143,0.147542,,,
10,1.17143,0.147542,,,
10,1.17143,0.147542,,,
10,1.17143,0.147542,,,
10,1.17143,0.147542,,,
10,1.17143,0.147542,,,
10,1.17143,0.147542,,,
10,1.17143,0.147542,,,
10,1.17143,0.147542,,,
10,1.17143,0.147542,,,
10,1.17143,0.147542,,,
10,1.17143,0.147542,,,
10,1.17143,0.147542,,,
10,1.17143,0.147542,,,
10,1.17143,0.147542,,,
10,1.17143,0.147542,,,
10,1.17143,0.147542,,,
10,1.17143,0.147542,,,
10,1.17143,0.147542,,,
10,1.17143,0.147542,,,
10,1.17143,0.147542,,,
10,1.17143,0.147542,,,
10,1.17143,0.147542,,,
10,1.17143,0.147542,,,
10,1.17143,0.147542,,,
10,1.17143,0.147542,,,
10,1.17143,0.147542,,,
10,1.17143,0.147542,,,
10,1.17143,0.147542,,,
10,1.17143,0.147542,,,
10,1.17143,0.147542,,,
10,1.17143,0.147542,,,
10,1.17143,0.147542,,,
10,1.17143,0.147542,,,
10,1.17143,0.147542,,,
10,1.17143,0.147542,,,
10,1.17143,0.147542,,,
10,1.17143,0.147542,,,
10,1.17143,0.147542,,,
10,1.17143,0.147542,,,
10,1.17143,0.147542,,,
10,1.17143,0.147542,,,
10,1.17143,0.147542,,,
10,1.17143,0.147542,,,
10,1.17143,0.147542,,,
10,1.17143,0.147542,,,
10,1.17143,0.147542,,,
10,1.17143,0.147542,,,
10,1.17143,0.147542,,,
10,1.17143,0.147542,,,
10,1.17143,0.147542,,,
10,1.17143,0.147542,,,
10,1.17143,0.147542,,,
10,1.17143,0.147542,,,
10,1.17143,0.147542,,,
10,1.17143,0.147542,,,
10,1.17143,0.147542,,,
10,1.17143,0.147542,,,
10,1.17143,0.147542,,,
10,1.17143,0.147542,,,
10,1.17143,0.147542,,,
10,1.17143,0.147542,,,
10,1.17143,0.147542,,,
10,1.17143,0.147542,,,
10,1.17143,0.147542,,,
10,1.17143,0.147542,,,
10,1.17143,0.147542,,,
10,1.17143,0.147542,,,
10,1.17143,0.147542,,,
10,1.17143,0.147542,,,
10,1.17143,0.147542,,,
10,1.17143,0.147542,,,
10,1.17143,0.147542,,,
10,1.17143,0.147542,,,
10,1.17143,0.147542,,,
10,1.17143,0.147542,,,
10,1.17143,0.147542,,,
10,1.17143,0.147542,,,
10,1.17143,0.147542,,,
10,1.17143,0.147542,,,
10,1.17143,0.147542,,,
10,1.17143,0.147542,,,
10,1.17143,0.147542,,,
10,1.17143,0.147542,,,
10,1.17143,0.147542,,,
10,1.17143,0.147542,,,
10,1.17143,0.147542,,,
10,1.17143,0.147542,,,
10,1.17143,0.147542,,,
10,1.17143,0.147542,,,
10,1.17143,0.147542,,,
10,1.17143,0.147542,,,
10,1.17143,0.147542,,,
10,1.17143,0.147542,,,
10,1.17143,0.147542,,,
10,1.17143,0.147542,,,
10,1.17143,0.147542,,,
10,1.17143,0.147542,,,
10,1.17143,0.147542,,,
10,1.17143,0.147542,,,
10,1.17143,0.147542,,,
10,1.17143,0.147542,,,
10,1.17143,0.147542,,,
10,1.17143,0.147542,,,
10,1.17143,0.147542,,,
10,1.17143,0.147542,,,
10,1.17143,0.147542,,,
10,1.17143,0.147542,,,
10,1.17143,0.147542,,,
10,1.17143,0.147542,,,
10,1.17143,0.147542,,,
10,1.17143,0.147542,,,
10,1.17143,0.147542,,,
10,1.17143,0.147542,,,
10,1.17143,0.147542,,,
10,1.17143,0.147542,,,
10,1.17143,0.147542,,,
10,1.17143,0.147542,,,
10,1.17143,0.147542,,,
10,1.17143,0.147542,,,
10,1.17143,0.147542,,,
10,1.17143,0.147542,,,
10,1.17143,0.147542,,,
10,1.17143,0.147542,,,
10,1.17143,0.147542,,,
10,1.17143,0.147542,,,
10,1.17143,0.147542,,,
10,1.17143,0.147542,,,
10,1.17143,0.147542,,,
10,1.17143,0.147542,,,
10,1.17143,0.147542,,,
10,1.17143,0.147542,,,
10,1.17143,0.147542,,,
10,1.17143,0.147542,,,
10,1.17143,0.147542,,,
10,1.17143,0.147542,,,
10,1.17143,0.147542,,,
10,1.17143,0.147542,,,
10,1.17143,0.147542,,,
10,1.17143,0.147542,,,
10,1.17143,0.147542,,,
10,1.17143,0.147542,,,
10,1.17143,0.147542,,,
10,1.17143,0.147542,,,
10,1.17143,0.147542,,,
10,1.17143,0.147542,,,
10,1.17143,0.147542,,,
10,1.17143,0.147542,,,
10,1.17143,0.147542,,,
10,1.17143,0.147542,,,
10,1.17143,0.147542,,,
10,1.17143,0.147542,,,
10,1.17143,0.147542,,,
10,1.16784,0.147615,,,
10,1.16382,0.147972,,,
10,1.16382,0.147972,,,
10,1.16382,0.147972,,,
10,1.16382,0.147972,,,
10,1.16382,0.147972,,,
10,1.16382,0.147972,,,
10,1.16117,0.148367,,,
10,1.15875,0.148839,,,
10,1.15875,0.148839,,,
10,1.15875,0.148839,,,
10,1.15875,0.148839,,,
10,1.15875,0.148839,,,
10,1.15875,0.148839,,,
10,1.15875,0.148839,,,
10,1.15875,0.148839,,,
10,1.15875,0.148839,,,
10,1.15875,0.148839,,,
10,1.15875,0.148839,,,
10,1.15875,0.148839,,,
10,1.15875,0.148839,,,
10,1.15875,0.148839,,,
10,1.15875,0.148839,,,
10,1.15875,0.148839,,,
10,1.15875,0.148839,,,
10,1.15875,0.148839,,,
10,1.15875,0.148839,,,
10,1.15875,0.148839,,,
10,1.15875,0.148839,,,
10,1.15875,0.148839,,,
10,1.15875,0.148839,,,
10,1.15875,0.148839,,,
10,1.15875,0.148839,,,
10,1.15875,0.148839,,,
10,1.15875,0.148839,,,
10,1.15875,0.148839,,,
10,1.15875,0.148839,,,
10,1.15875,0.148839,,,
10,1.15875,0.148839,,,
10,1.15875,0.148839,,,
10,1.15875,0.148839,,,
10,1.15875,0.148839,,,
10,1.15875,0.148839,,,
10,1.15875,0.148839,,,
10,1.15875,0.148839,,,
10,1.15875,0.148839,,,
10,1.15875,0.148839,,,
10,1.15875,0.148839,,,
10,1.15875,0.148839,,,
10,1.15875,0.148839,,,
10,1.15875,0.148839,,,
10,1.15875,0.148839,,,
10,1.15875,0.148839,,,
10,1.15875,0.148839,,,
10,1.15875,0.148839,,,
10,1.15875,0.148839,,,
10,1.15875,0.148839,,,
10,1.15875,0.148839,,,
10,1.15875,0.148839,,,
10,1.15875,0.148839,,,
10,1.15875,0.148839,,,
10,1.15875,0.148839,,,
10,1.15875,0.148839,,,
10,1.15875,0.148839,,,
10,1.15875,0.148839,,,
10,1.15875,0.148839,,,
10,1.15875,0.148839,,,
10,1.15875,0.148839,,,
10,1.15875,0.148839,,,
10,1.15875,0.148839,,,
10,1.15875,0.148839,,,
10,1.15875,0.148839,,,
10,1.15875,0.148839,,,
10,1.15875,0.148839,,,
10,1.15875,0.148839,,,
10,1.15875,0.148839,,,
10,1.15875,0.148839,,,
10,1.15875,0.148839,,,
10,1.15875,0.148839,,,
10,1.15875,0.148839,,,
10,1.15875,0.148839,,,
10,1.15875,0.148839,,,
10,1.15875,0.148839,,,
10,1.15875,0.148839,,,
10,1.15875,0.148839,,,
10,1.15875,0.148839,,,
10,1.15875,0.148839,,,
10,1.15875,0.148839,,,
10,1.15875,0.148839,,,
10,1.15875,0.148839,,,
10,1.15875,0.148839,,,
10,1.15875,0.148839,,,
10,1.15875,0.148839,,,
10,1.15875,0.148839,,,
10,1.15875,0.148839,,,
10,1.15875,0.148839,,,
10,1.15875,0.148839,,,
10,1.15875,0.148839,,,
10,1.15875,0.148839,,,
10,1.15875,0.148839,,,
10,1.15875,0.148839,,,
10,1.15875,0.148839,,,
10,1.15875,0.148839,,,
10,1.15875,0.148839,,,
10,1.15875,0.148839,,,
10,1.15875,0.148839,,,
10,1.15875,0.148839,,,
10,1.15875,0.148839,,,
10,1.15875,0.148839,,,
10,1.15875,0.148839,,,
10,1.15875,0.148839,,,
10,1.15875,0.148839,,,
10,1.15875,0.148839,,,
10,1.15875,0.148839,,,
10,1.15875,0.148839,,,
10,1.15875,0.148839,,,
10,1.15875,0.148839,,,
10,1.15875,0.148839,,,
10,1.15875,0.148839,,,
10,1.15875,0.148839,,,
10,1.15875,0.148839,,,
10,1.15875,0.148839,,,
10,1.15875,0.148839,,,
10,1.15875,0.148839,,,
10,1.15875,0.148839,,,
10,1.15875,0.148839,,,
10,1.15875,0.148839,,,
10,1.15875,0.148839,,,
10,1.15875,0.148839,,,
10,1.15875,0.148839,,,
10,1.15875,0.148839,,,
10,1.15875,0.148839,,,
10,1.15875,0.148839,,,
10,1.15875,0.148839,,,
10,1.15875,0.148839,,,
10,1.15875,0.148839,,,
10,1.15875,0.148839,,,
10,1.15875,0.148839,,,
10,1.15875,0.148839,,,
10,1.15875,0.148839,,,
10,1.15875,0.148839,,,
10,1.15875,0.148839,,,
10,1.15875,0.148839,,,
10,1.15875,0.148839,,,
10,1.15875,0.148839,,,
10,1.15875,0.148839,,,
10,1.15875,0.148839,,,
10,1.15875,0.148839,,,
10,1.15875,0.148839,,,
10,1.15875,0.148839,,,
10,1.15875,0.148839,,,
10,1.15875,0.148839,,,
10,1.15875,0.148839,,,
10,1.15875,0.148839,,,
10,1.15875,0.148839,,,
10,1.15875,0.148839,,,
10,1.15875,0.148839,,,
10,1.15875,0.148839,,,
10,1.15875,0.148839,,,
10,1.15875,0.148839,,,
10,1.15875,0.148839,,,
10,1.15875,0.148839,,,
10,1.15875,0.148839,,,
10,1.15875,0.148839,,,
10,1.15875,0.148839,,,
10,1.15875,0.148839,,,
10,1.15875,0.148839,,,
10,1.15875,0.148839,,,
10,1.15875,0.148839,,,
10,1.15875,0.148839,,,
10,1.15875,0.148839,,,
10,1.15875,0.148839,,,
10,1.15875,0.148839,,,
10,1.15875,0.148839,,,
10,1.15875,0.148839,,,
10,1.15875,0.148839,,,
10,1.15875,0.148839,,,
10,1.15875,0.148839,,,
10,1.15875,0.148839,,,
10,1.15875,0.148839,,,
10,1.15875,0.148839,,,
10,1.15875,0.148839,,,
10,1.15875,0.148839,,,
10,1.15875,0.148839,,,
10,1.15875,0.148839,,,
10,1.15875,0.148839,,,
10,1.15875,0.148839,,,
10,1.15875,0.148839,,,
10,1.15875,0.148839,,,
10,1.15875,0.148839,,,
10,1.15875,0.148839,,,
10,1.15875,0.148839,,,
10,1.15875,0.148839,,,
10,1.15875,0.148839,,,
10,1.15875,0.148839,,,
10,1.15875,0.148839,,,
10,1.15875,0.148839,,,
10,1.15875,0.148839,,,
10,1.15875,0.148839,,,
10,1.15875,0.148839,,,
10,1.15875,0.148839,,,
10,1.15875,0.148839,,,
10,1.15875,0.148839,,,
10,1.15875,0.148839,,,
10,1.15875,0.148839,,,
10,1.15875,0.148839,,,
10,1.15875,0.148839,,,
10,1.15875,0.148839,,,
10,1.15752,0.149614,,,
10,1.15725,0.149792,,,
10,1.15725,0.149792,,,
10,1.15725,0.149792,,,
10,1.15725,0.149792,,,
10,1.15725,0.149792,,,
10,1.15725,0.149792,,,
10,1.15725,0.149792,,,
10,1.15725,0.149792,,,
10,1.15725,0.149792,,,
10,1.15725,0.149792,,,
10,1.15725,0.149792,,,
10,1.15725,0.149792,,,
10,1.15725,0.149792,,,
10,1.15725,0.149792,,,
10,1.15725,0.149792,,,
10,1.15725,0.149792,,,
10,1.15725,0.149792,,,
10,1.15725,0.149792,,,
10,1.15725,0.149792,,,
10,1.15725,0.149792,,,
10,1.15725,0.149792,,,
10,1.15725,0.149792,,,
10,1.15725,0.149792,,,
10,1.15725,0.149792,,,
10,1.15725,0.149792,,,
10,1.15725,0.149792,,,
10,1.15725,0.149792,,,
10,1.15725,0.149792,,,
10,1.15725,0.149792,,,
10,1.15725,0.149792,,,
10,1.15725,0.149792,,,
10,1.15725,0.149792,,,
10,1.15725,0.149792,,,
10,1.15725,0.149792,,,
10,1.15725,0.149792,,,
10,1.15725,0.149792,,,
10,1.15725,0.149792,,,
10,1.15725,0.149792,,,
10,1.15725,0.149792,,,
10,1.15725,0.149792,,,
10,1.15725,0.149792,,,
10,1.15725,0.149792,,,
10,1.15725,0.149792,,,
10,1.15725,0.149792,,,
10,1.15725,0.149792,,,
10,1.15725,0.149792,,,
10,1.15725,0.149792,,,
10,1.15725,0.149792,,,
10,1.15725,0.149792,,,
10,1.15725,0.149792,,,
10,1.15725,0.149792,,,
10,1.15725,0.149792,,,
10,1.15725,0.149792,,,
10,1.15725,0.149792,,,
10,1.15725,0.149792,,,
10,1.15725,0.149792,,,
10,1.15725,0.149792,,,
10,1.15725,0.149792,,,
10,1.15725,0.149792,,,
10,1.15725,0.149792,,,
10,1.15725,0.149792,,,
10,1.15725,0.149792,,,
10,1.15725,0.149792,,,
10,1.15725,0.149792,,,
10,1.15725,0.149792,,,
10,1.15725,0.149792,,,
10,1.15725,0.149792,,,
10,1.15725,0.149792,,,
10,1.15725,0.149792,,,
10,1.15725,0.149792,,,
10,1.15725,0.149792,,,
10,1.15725,0.149792,,,
10,1.15725,0.149792,,,
10,1.15725,0.149792,,,
10,1.15725,0.149792,,,
10,1.15725,0.149792,,,
10,1.15725,0.149792,,,
10,1.15725,0.149792,,,
10,1.15725,0.149792,,,
10,1.15725,0.149792,,,
10,1.15725,0.149792,,,
10,1.15725,0.149792,,,
10,1.15725,0.149792,,,
10,1.15725,0.149792,,,
10,1.15725,0.149792,,,
10,1.15725,0.149792,,,
10,1.15725,0.149792,,,
10,1.15725,0.149792,,,
10,1.15725,0.149792,,,
10,1.15725,0.149792,,,
10,1.15585,0.149963,,,
10,1.1515,0.150723,,,
10,1.1515,0.150723,,,
10,1.1515,0.150723,,,
10,1.1515,0.150723,,,
10,1.1515,0.150723,,,
10,1.1515,0.150723,,,
10,1.1515,0.150723,,,
10,1.1515,0.150723,,,
10,1.1515,0.150723,,,
10,1.1515,0.150723,,,
10,1.1515,0.150723,,,
10,1.1515,0.150723,,,
10,1.1515,0.150723,,,
10,1.1515,0.150723,,,
10,1.1515,0.150723,,,
10,1.1515,0.150723,,,
10,1.1515,0.150723,,,
10,1.1515,0.150723,,,
10,1.1515,0.150723,,,
10,1.1515,0.150723,,,
10,1.1515,0.150723,,,
10,1.1515,0.150723,,,
10,1.1515,0.150723,,,
10,1.1515,0.150723,,,
10,1.1515,0.150723,,,
10,1.1515,0.150723,,,
10,1.1515,0.150723,,,
10,1.1515,0.150723,,,
10,1.1515,0.150723,,,
10,1.1515,0.150723,,,
10,1.1515,0.150723,,,
10,1.1515,0.150723,,,
10,1.1515,0.150723,,,
10,1.1515,0.150723,,,
10,1.1515,0.150723,,,
10,1.1515,0.150723,,,
10,1.1515,0.150723,,,
10,1.1515,0.150723,,,
10,1.1515,0.150723,,,
10,1.1515,0.150723,,,
10,1.1515,0.150723,,,
10,1.1515,0.150723,,,
10,1.1515,0.150723,,,
10,1.1515,0.150723,,,
10,1.1515,0.150723,,,
10,1.1515,0.150723,,,
10,1.1515,0.150723,,,
10,1.1515,0.150723,,,
10,1.1515,0.150723,,,
10,1.1515,0.150723,,,
10,1.1515,0.150723,,,
10,1.1515,0.150723,,,
10,1.1515,0.150723,,,
10,1.1515,0.150723,,,
10,1.1515,0.150723,,,
10,1.1515,0.150723,,,
10,1.1515,0.150723,,,
10,1.1515,0.150723,,,
10,1.1515,0.150723,,,
10,1.1515,0.150723,,,
10,1.14932,0.151082,,,
10,1.14927,0.151092,,,
10,1.14927,0.151092,,,
10,1.14927,0.151092,,,
10,1.14927,0.151092,,,
10,1.14927,0.151092,,,
10,1.14927,0.151092,,,
10,1.14927,0.151092,,,
10,1.14927,0.151092,,,
10,1.14927,0.151092,,,
10,1.14927,0.151092,,,
10,1.14927,0.151092,,,
10,1.14927,0.151092,,,
10,1.14927,0.151092,,,
10,1.14927,0.151092,,,
10,1.14927,0.151092,,,
10,1.14927,0.151092,,,
10,1.14927,0.151092,,,
10,1.14927,0.151092,,,
10,1.14927,0.151092,,,
10,1.14927,0.151092,,,
10,1.14927,0.151092,,,
10,1.14927,0.151092,,,
10,1.14927,0.151092,,,
10,1.14927,0.151092,,,
10,1.14927,0.151092,,,
10,1.14927,0.151092,,,
10,1.14927,0.151092,,,
10,1.14927,0.151092,,,
10,1.14927,0.151092,,,
10,1.14927,0.151092,,,
10,1.14927,0.151092,,,
10,1.14927,0.151092,,,
10,1.14927,0.151092,,,
10,1.14927,0.151092,,,
10,1.14927,0.151092,,,
10,1.14927,0.151092,,,
10,1.14927,0.151092,,,
10,1.14927,0.151092,,,
10,1.14927,0.151092,,,
10,1.14927,0.151092,,,
10,1.14927,0.151092,,,
10,1.14927,0.151092,,,
10,1.14927,0.151092,,,
10,1.14927,0.151092,,,
10,1.14927,0.151092,,,
10,1.14927,0.151092,,,
10,1.14927,0.151092,,,
10,1.14927,0.151092,,,
10,1.14927,0.151092,,,
10,1.14927,0.151092,,,
10,1.14927,0.151092,,,
10,1.14927,0.151092,,,
10,1.14927,0.151092,,,
10,1.14927,0.151092,,,
10,1.14927,0.151092,,,
10,1.14927,0.151092,,,
10,1.14927,0.151092,,,
10,1.14927,0.151092,,,
10,1.14927,0.151092,,,
10,1.14927,0.151092,,,
10,1.14927,0.151092,,,
10,1.14927,0.151092,,,
10,1.14927,0.151092,,,
10,1.14927,0.151092,,,
10,1.14927,0.151092,,,
10,1.14927,0.151092,,,
10,1.14927,0.151092,,,
10,1.14927,0.151092,,,
10,1.14927,0.151092,,,
10,1.14927,0.151092,,,
10,1.14927,0.151092,,,
10,1.14927,0.151092,,,
10,1.14927,0.151092,,,
10,1.14927,0.151092,,,
10,1.14927,0.151092,,,
10,1.14927,0.151092,,,
10,1.14927,0.151092,,,
10,1.14927,0.151092,,,
10,1.14927,0.151092,,,
10,1.14927,0.151092,,,
10,1.14927,0.151092,,,
10,1.14927,0.151092,,,
10,1.14927,0.151092,,,
10,1.14927,0.151092,,,
10,1.14927,0.151092,,,
10,1.14927,0.151092,,,
10,1.14927,0.151092,,,
10,1.14927,0.151092,,,
10,1.14927,0.151092,,,
10,1.14927,0.151092,,,
10,1.14927,0.151092,,,
10,1.14927,0.151092,,,
10,1.14927,0.151092,,,
10,1.14927,0.151092,,,
10,1.14927,0.151092,,,
10,1.14927,0.151092,,,
10,1.14927,0.151092,,,
10,1.14927,0.151092,,,
10,1.14927,0.151092,,,
10,1.14927,0.151092,,,
10,1.14927,0.151092,,,
10,1.14927,0.151092,,,
10,1.14927,0.151092,,,
10,1.14927,0.151092,,,
10,1.14927,0.151092,,,
10,1.14927,0.151092,,,
10,1.14927,0.151092,,,
10,1.14927,0.151092,,,
10,1.14927,0.151092,,,
10,1.14927,0.151092,,,
10,1.14927,0.151092,,,
10,1.14927,0.151092,,,
10,1.14927,0.151092,,,
10,1.14927,0.151092,,,
10,1.14927,0.151092,,,
10,1.14927,0.151092,,,
10,1.14927,0.151092,,,
10,1.14927,0.151092,,,
10,1.14927,0.151092,,,
10,1.14927,0.151092,,,
10,1.14927,0.151092,,,
10,1.14927,0.151092,,,
10,1.14927,0.151092,,,
10,1.14927,0.151092,,,
10,1.14927,0.151092,,,
10,1.14927,0.151092,,,
10,1.14927,0.151092,,,
10,1.14927,0.151092,,,
10,1.14927,0.151092,,,
10,1.14927,0.151092,,,
10,1.14927,0.151092,,,
10,1.14927,0.151092,,,
10,1.14927,0.151092,,,
10,1.14927,0.151092,,,
10,1.14927,0.151092,,,
10,1.14927,0.151092,,,
10,1.14927,0.151092,,,
10,1.14927,0.151092,,,
10,1.14927,0.151092,,,
10,1.14927,0.151092,,,
10,1.14927,0.151092,,,
10,1.14927,0.151092,,,
10,1.14927,0.151092,,,
10,1.14927,0.151092,,,
10,1.14927,0.151092,,,
10,1.14927,0.151092,,,
10,1.14927,0.151092,,,
10,1.14927,0.151092,,,
10,1.14927,0.151092,,,
10,1.14927,0.151092,,,
10,1.14927,0.151092,,,
10,1.14927,0.151092,,,
10,1.14927,0.151092,,,
10,1.14927,0.151092,,,
10,1.14927,0.151092,,,
10,1.14927,0.151092,,,
10,1.14927,0.151092,,,
10,1.14927,0.151092,,,
10,1.14927,0.151092,,,
10,1.14927,0.151092,,,
10,1.14927,0.151092,,,
10,1.14927,0.151092,,,
10,1.14927,0.151092,,,
10,1.14927,0.151092,,,
10,1.14927,0.151092,,,
10,1.14927,0.151092,,,
10,1.14927,0.151092,,,
10,1.14927,0.151092,,,
10,1.14927,0.151092,,,
10,1.14927,0.151092,,,
10,1.14927,0.151092,,,
10,1.14927,0.151092,,,
10,1.14927,0.151092,,,
10,1.14927,0.151092,,,
10,1.14927,0.151092,,,
10,1.14927,0.151092,,,
10,1.14927,0.151092,,,
10,1.14927,0.151092,,,
10,1.14927,0.151092,,,
10,1.14893,0.151163,,,
10,1.14747,0.151497,,,
10,1.14747,0.151497,,,
10,1.14747,0.151497,,,
10,1.14747,0.151497,,,
10,1.14747,0.151497,,,
10,1.14747,0.151497,,,
10,1.14747,0.151497,,,
10,1.14747,0.151497,,,
10,1.14747,0.151497,,,
10,1.14747,0.151497,,,
10,1.14747,0.151497,,,
10,1.14747,0.151497,,,
10,1.14747,0.151497,,,
10,1.14747,0.151497,,,
10,1.14747,0.151497,,,
10,1.14747,0.151497,,,
10,1.14747,0.151497,,,
10,1.14747,0.151497,,,
10,1.14747,0.151497,,,
10,1.14747,0.151497,,,
10,1.14747,0.151497,,,
10,1.14747,0.151497,,,
10,1.14747,0.151497,,,
10,1.14747,0.151497,,,
10,1.14747,0.151497,,,
10,1.14747,0.151497,,,
10,1.14747,0.151497,,,
10,1.14747,0.151497,,,
10,1.14747,0.151497,,,
10,1.14747,0.151497,,,
10,1.14747,0.151497,,,
10,1.14747,0.151497,,,
10,1.14747,0.151497,,,
10,1.14747,0.151497,,,
10,1.14747,0.151497,,,
10,1.14747,0.151497,,,
10,1.14747,0.151497,,,
10,1.14747,0.151497,,,
10,1.14747,0.151497,,,
10,1.14747,0.151497,,,
10,1.14747,0.151497,,,
10,1.14747,0.151497,,,
10,1.14747,0.151497,,,
10,1.14747,0.151497,,,
10,1.14747,0.151497,,,
10,1.14747,0.151497,,,
10,1.14747,0.151497,,,
10,1.14747,0.151497,,,
10,1.14747,0.151497,,,
10,1.14747,0.151497,,,
10,1.14747,0.151497,,,
10,1.14747,0.151497,,,
10,1.14747,0.151497,,,
10,1.14747,0.151497,,,
10,1.14747,0.151497,,,
10,1.14747,0.151497,,,
10,1.14747,0.151497,,,
10,1.14747,0.151497,,,
10,1.14747,0.151497,,,
10,1.14747,0.151497,,,
10,1.14747,0.151497,,,
10,1.14747,0.151497,,,
10,1.14747,0.151497,,,
10,1.14747,0.151497,,,
10,1.14747,0.151497,,,
10,1.14747,0.151497,,,
10,1.14747,0.151497,,,
10,1.14747,0.151497,,,
10,1.14747,0.151497,,,
10,1.14747,0.151497,,,
10,1.14747,0.151497,,,
10,1.14747,0.151497,,,
10,1.14747,0.151497,,,
10,1.14747,0.151497,,,
10,1.14747,0.151497,,,
10,1.14747,0.151497,,,
10,1.14747,0.151497,,,
10,1.14747,0.151497,,,
10,1.14747,0.151497,,,
10,1.14747,0.151497,,,
10,1.14747,0.151497,,,
10,1.14747,0.151497,,,
10,1.14747,0.151497,,,
10,1.14747,0.151497,,,
10,1.14747,0.151497,,,
10,1.14747,0.151497,,,
10,1.14747,0.151497,,,
10,1.14747,0.151497,,,
10,1.14747,0.151497,,,
10,1.14747,0.151497,,,
10,1.14747,0.151497,,,
10,1.14747,0.151497,,,
10,1.14747,0.151497,,,
10,1.14747,0.151497,,,
10,1.14747,0.151497,,,
10,1.14747,0.151497,,,
10,1.14747,0.151497,,,
10,1.14747,0.151497,,,
10,1.14747,0.151497,,,
10,1.14747,0.151497,,,
10,1.14747,0.151497,,,
10,1.14747,0.151497,,,
10,1.14747,0.151497,,,
10,1.14747,0.151497,,,
10,1.14747,0.151497,,,
10,1.14747,0.151497,,,
10,1.14747,0.151497,,,
10,1.14747,0.151497,,,
10,1.14747,0.151497,,,
10,1.14747,0.151497,,,
10,1.14747,0.151497,,,
10,1.14747,0.151497,,,
10,1.14747,0.151497,,,
10,1.14747,0.151497,,,
10,1.14747,0.151497,,,
10,1.14747,0.151497,,,
10,1.14747,0.151497,,,
10,1.14747,0.151497,,,
10,1.14747,0.151497,,,
10,1.14747,0.151497,,,
10,1.14747,0.151497,,,
10,1.14747,0.151497,,,
10,1.14747,0.151497,,,
10,1.14747,0.151497,,,
10,1.14747,0.151497,,,
10,1.14747,0.151497,,,
10,1.14747,0.151497,,,
10,1.14747,0.151497,,,
10,1.14747,0.151497,,,
10,1.14747,0.151497,,,
10,1.14747,0.151497,,,
10,1.14747,0.151497,,,
10,1.14747,0.151497,,,
10,1.14747,0.151497,,,
10,1.14747,0.151497,,,
10,1.14747,0.151497,,,
10,1.14747,0.151497,,,
10,1.14747,0.151497,,,
10,1.14747,0.151497,,,
10,1.14747,0.151497,,,
10,1.14747,0.151497,,,
10,1.14747,0.151497,,,
10,1.14747,0.151497,,,
10,1.14747,0.151497,,,
10,1.14747,0.151497,,,
10,1.14747,0.151497,,,
10,1.14747,0.151497,,,
10,1.14747,0.151497,,,
10,1.14747,0.151497,,,
10,1.14747,0.151497,,,
10,1.14747,0.151497,,,
10,1.14747,0.151497,,,
10,1.14747,0.151497,,,
10,1.14747,0.151497,,,
10,1.14747,0.151497,,,
10,1.14747,0.151497,,,
10,1.14747,0.151497,,,
10,1.14747,0.151497,,,
10,1.14747,0.151497,,,
10,1.14747,0.151497,,,
10,1.14747,0.151497,,,
10,1.14747,0.151497,,,
10,1.14747,0.151497,,,
10,1.14747,0.151497,,,
10,1.14747,0.151497,,,
10,1.14747,0.151497,,,
10,1.14747,0.151497,,,
10,1.14747,0.151497,,,
10,1.14747,0.151497,,,
10,1.14747,0.151497,,,
10,1.14747,0.151497,,,
10,1.14747,0.151497,,,
10,1.14747,0.151497,,,
10,1.14747,0.151497,,,
10,1.14747,0.151497,,,
10,1.14747,0.151497,,,
10,1.14747,0.151497,,,
10,1.14747,0.151497,,,
10,1.14747,0.151497,,,
10,1.14747,0.151497,,,
10,1.14747,0.151497,,,
10,1.14747,0.151497,,,
10,1.14747,0.151497,,,
10,1.14747,0.151497,,,
10,1.14747,0.151497,,,
10,1.14747,0.151497,,,
10,1.14747,0.151497,,,
10,1.14747,0.151497,,,
10,1.14747,0.151497,,,
10,1.14747,0.151497,,,
10,1.14747,0.151497,,,
10,1.14747,0.151497,,,
10,1.14747,0.151497,,,
10,1.14747,0.151497,,,
10,1.14747,0.151497,,,
10,1.14747,0.151497,,,
10,1.14747,0.151497,,,
10,1.14747,0.151497,,,
10,1.14747,0.151497,,,
10,1.14747,0.151497,,,
10,1.14747,0.151497,,,
10,1.14747,0.151497,,,
10,1.14747,0.151497,,,
10,1.14747,0.151497,,,
10,1.14747,0.151497,,,
10,1.14747,0.151497,,,
10,1.14747,0.151497,,,
10,1.14747,0.151497,,,
10,1.14747,0.151497,,,
10,1.14747,0.151497,,,
10,1.14747,0.151497,,,
10,1.14747,0.151497,,,
10,1.14747,0.151497,,,
10,1.14747,0.151497,,,
10,1.14747,0.151497,,,
10,1.14747,0.151497,,,
10,1.14747,0.151497,,,
10,1.14747,0.151497,,,
10,1.14747,0.151497,,,
10,1.14747,0.151497,,,
10,1.14747,0.151497,,,
10,1.14747,0.151497,,,
10,1.14747,0.151497,,,
10,1.14747,0.151497,,,
10,1.14747,0.151497,,,
10,1.14747,0.151497,,,
10,1.14747,0.151497,,,
10,1.14747,0.151497,,,
10,1.14747,0.151497,,,
10,1.14747,0.151497,,,
10,1.14747,0.151497,,,
10,1.14747,0.151497,,,
10,1.14747,0.151497,,,
10,1.14747,0.151497,,,
10,1.14747,0.151497,,,
10,1.14747,0.151497,,,
10,1.14747,0.151497,,,
10,1.14747,0.151497,,,
10,1.14747,0.151497,,,
10,1.14682,0.150659,,,
10,1.14599,0.1496,,,
10,1.14599,0.1496,,,
10,1.14599,0.1496,,,
10,1.14599,0.1496,,,
10,1.14599,0.1496,,,
10,1.14599,0.1496,,,
10,1.14599,0.1496,,,
10,1.14599,0.1496,,,
10,1.14599,0.1496,,,
10,1.14599,0.1496,,,
10,1.14599,0.1496,,,
10,1.14599,0.1496,,,
10,1.14599,0.1496,,,
10,1.14599,0.1496,,,
10,1.14599,0.1496,,,
10,1.14599,0.1496,,,
10,1.14599,0.1496,,,
10,1.14599,0.1496,,,
10,1.14599,0.1496,,,
10,1.14495,0.149796,,,
10,1.1434,0.150125,,,
10,1.1434,0.150125,,,
10,1.1434,0.150125,,,
10,1.1434,0.150125,,,
10,1.1434,0.150125,,,
10,1.1434,0.150125,,,
10,1.1434,0.150125,,,
10,1.1434,0.150125,,,
10,1.1434,0.150125,,,
10,1.1434,0.150125,,,
10,1.1434,0.150125,,,
10,1.1434,0.150125,,,
10,1.1434,0.150125,,,
10,1.1434,0.150125,,,
10,1.1434,0.150125,,,
10,1.1434,0.150125,,,
10,1.1434,0.150125,,,
10,1.1434,0.150125,,,
10,1.1434,0.150125,,,
10,1.1434,0.150125,,,
10,1.1434,0.150125,,,
10,1.1434,0.150125,,,
10,1.1434,0.150125,,,
10,1.1434,0.150125,,,
10,1.1434,0.150125,,,
10,1.1434,0.150125,,,
10,1.1434,0.150125,,,
10,1.1434,0.150125,,,
10,1.1434,0.150125,,,
10,1.1434,0.150125,,,
10,1.1434,0.150125,,,
10,1.1434,0.150125,,,
10,1.1434,0.150125,,,
10,1.1434,0.150125,,,
10,1.1434,0.150125,,,
10,1.1434,0.150125,,,
10,1.1434,0.150125,,,
10,1.1434,0.150125,,,
10,1.1434,0.150125,,,
10,1.1434,0.150125,,,
10,1.1434,0.150125,,,
10,1.1434,0.150125,,,
10,1.1434,0.150125,,,
10,1.1434,0.150125,,,
10,1.1434,0.150125,,,
10,1.1434,0.150125,,,
10,1.1434,0.150125,,,
10,1.1434,0.150125,,,
10,1.1434,0.150125,,,
10,1.1434,0.150125,,,
10,1.1434,0.150125,,,
10,1.1434,0.150125,,,
10,1.1434,0.150125,,,
10,1.1434,0.150125,,,
10,1.1434,0.150125,,,
10,1.1434,0.150125,,,
10,1.1434,0.150125,,,
10,1.1434,0.150125,,,
10,1.1434,0.150125,,,
10,1.1434,0.150125,,,
10,1.1434,0.150125,,,
10,1.1434,0.150125,,,
10,1.1434,0.150125,,,
10,1.1434,0.150125,,,
10,1.1434,0.150125,,,
10,1.1434,0.150125,,,
10,1.1434,0.150125,,,
10,1.1434,0.150125,,,
10,1.1434,0.150125,,,
10,1.1434,0.150125,,,
10,1.1434,0.150125,,,
10,1.1434,0.150125,,,
10,1.1434,0.150125,,,
10,1.1434,0.150125,,,
10,1.1434,0.150125,,,
10,1.1434,0.150125,,,
10,1.1434,0.150125,,,
10,1.1434,0.150125,,,
10,1.1434,0.150125,,,
10,1.14323,0.150167,,,
10,1.14317,0.15018,,,
10,1.14317,0.15018,,,
10,1.14317,0.15018,,,
10,1.14317,0.15018,,,
10,1.14317,0.15018,,,
10,1.14317,0.15018,,,
10,1.14317,0.15018,,,
10,1.14317,0.15018,,,
10,1.14317,0.15018,,,
10,1.14317,0.15018,,,
10,1.14317,0.15018,,,
10,1.14317,0.15018,,,
10,1.14317,0.15018,,,
10,1.14317,0.15018,,,
10,1.14317,0.15018,,,
10,1.14317,0.15018,,,
10,1.14317,0.15018,,,
10,1.14317,0.15018,,,
10,1.14317,0.15018,,,
10,1.14317,0.15018,,,
10,1.14317,0.15018,,,
10,1.14317,0.15018,,,
10,1.14317,0.15018,,,
10,1.14317,0.15018,,,
10,1.14317,0.15018,,,
10,1.14317,0.15018,,,
10,1.14317,0.15018,,,
10,1.14317,0.15018,,,
10,1.14317,0.15018,,,
10,1.14317,0.15018,,,
10,1.14317,0.15018,,,
10,1.14317,0.15018,,,
10,1.14317,0.15018,,,
10,1.14317,0.15018,,,
10,1.14317,0.15018,,,
10,1.14317,0.15018,,,
10,1.14317,0.15018,,,
10,1.14317,0.15018,,,
10,1.14317,0.15018,,,
10,1.14317,0.15018,,,
10,1.14317,0.15018,,,
10,1.14317,0.15018,,,
10,1.14317,0.15018,,,
10,1.14317,0.15018,,,
10,1.14317,0.15018,,,
10,1.14317,0.15018,,,
10,1.14317,0.15018,,,
10,1.14317,0.15018,,,
10,1.14317,0.15018,,,
10,1.14317,0.15018,,,
10,1.14317,0.15018,,,
10,1.14317,0.15018,,,
10,1.14317,0.15018,,,
10,1.14317,0.15018,,,
10,1.14317,0.15018,,,
10,1.14317,0.15018,,,
10,1.14317,0.15018,,,
10,1.14317,0.15018,,,
10,1.14317,0.15018,,,
10,1.14317,0.15018,,,
10,1.14317,0.15018,,,
10,1.14317,0.15018,,,
10,1.14317,0.15018,,,
10,1.14317,0.15018,,,
10,1.14317,0.15018,,,
10,1.14317,0.15018,,,
10,1.14317,0.15018,,,
10,1.14317,0.15018,,,
10,1.14317,0.15018,,,
10,1.14317,0.15018,,,
10,1.14317,0.15018,,,
10,1.14317,0.15018,,,
10,1.14317,0.15018,,,
10,1.14317,0.15018,,,
10,1.14317,0.15018,,,
10,1.14317,0.15018,,,
10,1.14317,0.15018,,,
10,1.14317,0.15018,,,
10,1.14317,0.15018,,,
10,1.14317,0.15018,,,
10,1.14317,0.15018,,,
10,1.14317,0.15018,,,
10,1.14317,0.15018,,,
10,1.14317,0.15018,,,
10,1.14317,0.15018,,,
10,1.14317,0.15018,,,
10,1.14317,0.15018,,,
10,1.14317,0.15018,,,
10,1.14317,0.15018,,,
10,1.14317,0.15018,,,
10,1.14317,0.15018,,,
10,1.14317,0.15018,,,
10,1.14317,0.15018,,,
10,1.14317,0.15018,,,
10,1.14317,0.15018,,,
10,1.14317,0.15018,,,
10,1.07997,0.105556,,,
10,1.07391,0.105054,,,
10,1.07391,0.105054,,,
10,1.07391,0.105054,,,
10,1.07391,0.105054,,,
10,1.07391,0.105054,,,
10,1.07391,0.105054,,,
10,1.07391,0.105054,,,
10,1.07391,0.105054,,,
10,1.07391,0.105054,,,
10,1.07391,0.105054,,,
10,1.07391,0.105054,,,
10,1.07391,0.105054,,,
10,1.07391,0.105054,,,
10,1.07391,0.105054,,,
10,1.07391,0.105054,,,
10,1.07391,0.105054,,,
10,1.07391,0.105054,,,
10,1.07391,0.105054,,,
10,1.07391,0.105054,,,
10,1.07391,0.105054,,,
10,1.07391,0.105054,,,
10,1.07391,0.105054,,,
10,1.07391,0.105054,,,
10,1.07391,0.105054,,,
10,1.07391,0.105054,,,
10,1.07391,0.105054,,,
10,1.07391,0.105054,,,
10,1.07391,0.105054,,,
10,1.07391,0.105054,,,
10,1.07391,0.105054,,,
10,1.07391,0.105054,,,
10,1.07391,0.105054,,,
10,1.07391,0.105054,,,
10,1.07391,0.105054,,,
10,1.07391,0.105054,,,
10,1.07391,0.105054,,,
10,1.07391,0.105054,,,
10,1.07391,0.105054,,,
10,1.07391,0.105054,,,
10,1.07391,0.105054,,,
10,1.07391,0.105054,,,
10,1.07391,0.105054,,,
10,1.07391,0.105054,,,
10,1.07391,0.105054,,,
10,1.07391,0.105054,,,
10,1.07391,0.105054,,,
10,1.07391,0.105054,,,
10,1.07391,0.105054,,,
10,1.07391,0.105054,,,
10,1.07391,0.105054,,,
10,1.07391,0.105054,,,
10,1.07391,0.105054,,,
10,1.07391,0.105054,,,
10,1.07391,0.105054,,,
10,1.07391,0.105054,,,
10,1.07391,0.105054,,,
10,1.07391,0.105054,,,
10,1.07391,0.105054,,,
10,1.07391,0.105054,,,
10,1.07391,0.105054,,,
10,1.07391,0.105054,,,
10,1.07391,0.105054,,,
10,1.07391,0.105054,,,
10,1.07391,0.105054,,,
10,1.07391,0.105054,,,
10,1.07391,0.105054,,,
10,1.07391,0.105054,,,
10,1.07391,0.105054,,,
10,1.07391,0.105054,,,
10,1.07391,0.105054,,,
10,1.07391,0.105054,,,
10,1.07391,0.105054,,,
10,1.07391,0.105054,,,
10,1.07391,0.105054,,,
10,1.07391,0.105054,,,
10,1.07391,0.105054,,,
10,1.07391,0.105054,,,
10,1.07391,0.105054,,,
10,1.07391,0.105054,,,
10,1.07391,0.105054,,,
10,1.07391,0.105054,,,
10,1.07391,0.105054,,,
10,1.07391,0.105054,,,
10,1.07391,0.105054,,,
10,1.07391,0.105054,,,
10,1.07391,0.105054,,,
10,1.07391,0.105054,,,
10,1.07391,0.105054,,,
10,1.07391,0.105054,,,
10,1.07391,0.105054,,,
10,1.07391,0.105054,,,
10,1.07391,0.105054,,,
10,1.07391,0.105054,,,
10,1.07391,0.105054,,,
10,1.07391,0.105054,,,
10,1.07391,0.105054,,,
10,1.07391,0.105054,,,
10,1.07391,0.105054,,,
10,1.07391,0.105054,,,
10,1.07391,0.105054,,,
10,1.07391,0.105054,,,
10,1.07391,0.105054,,,
10,1.07391,0.105054,,,
10,1.07391,0.105054,,,
10,1.07391,0.105054,,,
10,1.07391,0.105054,,,
10,1.07391,0.105054,,,
10,1.07391,0.105054,,,
10,1.07391,0.105054,,,
10,1.07391,0.105054,,,
10,1.07391,0.105054,,,
10,1.07391,0.105054,,,
10,1.07391,0.105054,,,
10,1.07391,0.105054,,,
10,1.07391,0.105054,,,
10,1.07391,0.105054,,,
10,1.07391,0.105054,,,
10,1.07391,0.105054,,,
10,1.07391,0.105054,,,
10,1.07391,0.105054,,,
10,1.07391,0.105054,,,
10,1.07391,0.105054,,,
10,1.07391,0.105054,,,
10,1.07391,0.105054,,,
10,1.07391,0.105054,,,
10,1.07391,0.105054,,,
10,1.07391,0.105054,,,
10,1.07391,0.105054,,,
10,1.07391,0.105054,,,
10,1.07391,0.105054,,,
10,1.07391,0.105054,,,
10,1.07391,0.105054,,,
10,1.07391,0.105054,,,
10,1.07391,0.105054,,,
10,1.07391,0.105054,,,
10,1.07391,0.105054,,,
10,1.07391,0.105054,,,
10,1.07391,0.105054,,,
10,1.07228,0.105154,,,
10,1.07037,0.105332,,,
10,1.07037,0.105332,,,
10,1.07037,0.105332,,,
10,1.07037,0.105332,,,
10,1.07037,0.105332,,,
10,1.07037,0.105332,,,
10,1.07037,0.105332,,,
10,1.07037,0.105332,,,
10,1.07037,0.105332,,,
10,1.07037,0.105332,,,
10,1.07037,0.105332,,,
10,1.07037,0.105332,,,
10,1.07037,0.105332,,,
10,1.07037,0.105332,,,
10,1.07037,0.105332,,,
10,1.07037,0.105332,,,
10,1.07037,0.105332,,,
10,1.07037,0.105332,,,
10,1.07037,0.105332,,,
10,1.07037,0.105332,,,
10,1.07037,0.105332,,,
10,1.07037,0.105332,,,
10,1.07037,0.105332,,,
10,1.07037,0.105332,,,
10,1.07037,0.105332,,,
10,1.07037,0.105332,,,
10,1.07037,0.105332,,,
10,1.07037,0.105332,,,
10,1.07037,0.105332,,,
10,1.07037,0.105332,,,
10,1.07037,0.105332,,,
10,1.07037,0.105332,,,
10,1.07037,0.105332,,,
10,1.07037,0.105332,,,
10,1.07037,0.105332,,,
10,1.07037,0.105332,,,
10,1.07037,0.105332,,,
10,1.07037,0.105332,,,
10,1.07037,0.105332,,,
10,1.07037,0.105332,,,
10,1.07037,0.105332,,,
10,1.07037,0.105332,,,
10,1.07037,0.105332,,,
10,1.07037,0.105332,,,
10,1.07037,0.105332,,,
10,1.07037,0.105332,,,
10,1.07037,0.105332,,,
10,1.07037,0.105332,,,
10,1.07037,0.105332,,,
10,1.07037,0.105332,,,
10,1.07037,0.105332,,,
10,1.07037,0.105332,,,
10,1.07037,0.105332,,,
10,1.07037,0.105332,,,
10,1.07037,0.105332,,,
10,1.07037,0.105332,,,
10,1.07037,0.105332,,,
10,1.07037,0.105332,,,
10,1.07037,0.105332,,,
10,1.07037,0.105332,,,
10,1.07037,0.105332,,,
10,1.07037,0.105332,,,
10,1.07037,0.105332,,,
10,1.07037,0.105332,,,
10,1.07037,0.105332,,,
10,1.07037,0.105332,,,
10,1.07037,0.105332,,,
10,1.07037,0.105332,,,
10,1.07037,0.105332,,,
10,1.07037,0.105332,,,
10,1.07037,0.105332,,,
10,1.07037,0.105332,,,
10,1.07037,0.105332,,,
10,1.07037,0.105332,,,
10,1.07037,0.105332,,,
10,1.07037,0.105332,,,
10,1.07037,0.105332,,,
10,1.07037,0.105332,,,
10,1.07037,0.105332,,,
10,1.07037,0.105332,,,
10,1.07037,0.105332,,,
10,1.07037,0.105332,,,
10,1.07037,0.105332,,,
10,1.07037,0.105332,,,
10,1.07037,0.105332,,,
10,1.07037,0.105332,,,
10,1.07037,0.105332,,,
10,1.07037,0.105332,,,
10,1.07037,0.105332,,,
10,1.07037,0.105332,,,
10,1.07037,0.105332,,,
10,1.07037,0.105332,,,
10,1.07037,0.105332,,,
10,1.07037,0.105332,,,
10,1.0041,0.0519469,,,
10,1.00118,0.0514135,,,
10,1.00118,0.0514135,,,
10,1.00118,0.0514135,,,
10,1.00118,0.0514135,,,
10,1.00118,0.0514135,,,
10,1.00118,0.0514135,,,
10,1.00118,0.0514135,,,
10,1.00118,0.0514135,,,
10,1.00118,0.0514135,,,
10,1.00118,0.0514135,,,
10,1.00118,0.0514135,,,
10,1.00118,0.0514135,,,
10,1.00118,0.0514135,,,
10,1.00118,0.0514135,,,
10,1.00118,0.0514135,,,
10,1.00118,0.0514135,,,
10,1.00118,0.0514135,,,
10,1.00118,0.0514135,,,
10,1.00118,0.0514135,,,
10,1.00118,0.0514135,,,
10,1.00118,0.0514135,,,
10,1.00118,0.0514135,,,
10,1.00118,0.0514135,,,
10,1.00118,0.0514135,,,
10,1.00118,0.0514135,,,
10,1.00118,0.0514135,,,
10,1.00118,0.0514135,,,
10,1.00118,0.0514135,,,
10,1.00118,0.0514135,,,
10,1.00118,0.0514135,,,
10,1.00118,0.0514135,,,
10,1.00118,0.0514135,,,
10,1.00118,0.0514135,,,
10,1.00118,0.0514135,,,
10,1.00118,0.0514135,,,
10,1.00118,0.0514135,,,
10,1.00118,0.0514135,,,
10,1.00118,0.0514135,,,
10,1.00118,0.0514135,,,
10,1.00118,0.0514135,,,
10,1.00118,0.0514135,,,
10,1.00118,0.0514135,,,
10,1.00118,0.0514135,,,
10,1.00118,0.0514135,,,
10,1.00118,0.0514135,,,
10,1.00118,0.0514135,,,
10,1.00118,0.0514135,,,
10,1.00118,0.0514135,,,
10,1.00084,0.0513613,,,
10,0.997324,0.0509441,,,
10,0.997324,0.0509441,,,
10,0.997324,0.0509441,,,
10,0.997324,0.0509441,,,
10,0.997324,0.0509441,,,
10,0.997324,0.0509441,,,
10,0.997324,0.0509441,,,
10,0.997324,0.0509441,,,
10,0.997324,0.0509441,,,
10,0.997324,0.0509441,,,
10,0.997324,0.0509441,,,
10,0.997324,0.0509441,,,
10,0.997324,0.0509441,,,
10,0.997324,0.0509441,,,
10,0.997324,0.0509441,,,
10,0.997324,0.0509441,,,
10,0.997324,0.0509441,,,
10,0.997324,0.0509441,,,
10,0.997324,0.0509441,,,
10,0.997324,0.0509441,,,
10,0.997324,0.0509441,,,
10,0.997324,0.0509441,,,
10,0.997324,0.0509441,,,
10,0.997324,0.0509441,,,
10,0.997324,0.0509441,,,
10,0.997324,0.0509441,,,
10,0.997324,0.0509441,,,
10,0.997324,0.0509441,,,
10,0.997324,0.0509441,,,
10,0.997324,0.0509441,,,
10,0.997324,0.0509441,,,
10,0.997324,0.0509441,,,
10,0.997324,0.0509441,,,
10,0.997324,0.0509441,,,
10,0.997324,0.0509441,,,
10,0.997324,0.0509441,,,
10,0.997324,0.0509441,,,
10,0.997324,0.0509441,,,
10,0.997324,0.0509441,,,
10,0.997324,0.0509441,,,
10,0.997324,0.0509441,,,
10,0.997324,0.0509441,,,
10,0.997324,0.0509441,,,
10,0.997324,0.0509441,,,
10,0.997324,0.0509441,,,
10,0.997324,0.0509441,,,
10,0.997324,0.0509441,,,
10,0.997324,0.0509441,,,
10,0.997324,0.0509441,,,
10,0.997324,0.0509441,,,
10,0.997324,0.0509441,,,
10,0.997324,0.0509441,,,
10,0.997324,0.0509441,,,
10,0.997324,0.0509441,,,
10,0.997324,0.0509441,,,
10,0.997324,0.0509441,,,
10,0.997324,0.0509441,,,
10,0.997324,0.0509441,,,
10,0.997324,0.0509441,,,
10,0.997324,0.0509441,,,
10,0.997324,0.0509441,,,
10,0.997324,0.0509441,,,
10,0.997324,0.0509441,,,
10,0.997324,0.0509441,,,
10,0.997324,0.0509441,,,
10,0.997324,0.0509441,,,
10,0.997324,0.0509441,,,
10,0.997324,0.0509441,,,
10,0.997324,0.0509441,,,
10,0.997324,0.0509441,,,
10,0.997324,0.0509441,,,
10,0.997324,0.0509441,,,
10,0.997324,0.0509441,,,
10,0.997324,0.0509441,,,
10,0.997324,0.0509441,,,
10,0.997324,0.0509441,,,
10,0.997324,0.0509441,,,
10,0.997324,0.0509441,,,
10,0.997324,0.0509441,,,
10,0.997324,0.0509441,,,
10,0.997324,0.0509441,,,
10,0.997324,0.0509441,,,
10,0.997324,0.0509441,,,
10,0.997324,0.0509441,,,
10,0.997324,0.0509441,,,
10,0.997324,0.0509441,,,
10,0.997324,0.0509441,,,
10,0.997324,0.0509441,,,
10,0.997324,0.0509441,,,
10,0.997324,0.0509441,,,
10,0.997324,0.0509441,,,
10,0.997324,0.0509441,,,
10,0.997324,0.0509441,,,
10,0.997324,0.0509441,,,
10,0.997324,0.0509441,,,
10,0.997324,0.0509441,,,
10,0.997324,0.0509441,,,
10,0.997324,0.0509441,,,
10,0.997324,0.0509441,,,
10,0.997324,0.0509441,,,
10,0.997324,0.0509441,,,
10,0.997324,0.0509441,,,
10,0.997324,0.0509441,,,
10,0.997324,0.0509441,,,
10,0.997324,0.0509441,,,
10,0.997324,0.0509441,,,
10,0.997324,0.0509441,,,
10,0.997324,0.0509441,,,
10,0.997324,0.0509441,,,
10,0.997324,0.0509441,,,
10,0.997324,0.0509441,,,
10,0.997324,0.0509441,,,
10,0.997324,0.0509441,,,
10,0.997324,0.0509441,,,
10,0.997324,0.0509441,,,
10,0.997324,0.0509441,,,
10,0.997324,0.0509441,,,
10,0.997324,0.0509441,,,
10,0.997324,0.0509441,,,
10,0.997324,0.0509441,,,
10,0.997324,0.0509441,,,
10,0.997324,0.0509441,,,
10,0.997324,0.0509441,,,
10,0.997324,0.0509441,,,
10,0.997324,0.0509441,,,
10,0.997324,0.0509441,,,
10,0.997324,0.0509441,,,
10,0.997324,0.0509441,,,
10,0.997324,0.0509441,,,
10,0.997324,0.0509441,,,
10,0.997324,0.0509441,,,
10,0.997324,0.0509441,,,
10,0.997324,0.0509441,,,
10,0.997324,0.0509441,,,
10,0.997324,0.0509441,,,
10,0.997324,0.0509441,,,
10,0.997324,0.0509441,,,
10,0.997324,0.0509441,,,
10,0.997324,0.0509441,,,
10,0.997324,0.0509441,,,
10,0.997324,0.0509441,,,
10,0.997324,0.0509441,,,
10,0.997324,0.0509441,,,
10,0.997324,0.0509441,,,
10,0.997324,0.0509441,,,
10,0.997324,0.0509441,,,
10,0.997324,0.0509441,,,
10,0.997324,0.0509441,,,
10,0.997324,0.0509441,,,
10,0.997324,0.0509441,,,
10,0.997324,0.0509441,,,
10,0.997324,0.0509441,,,
10,0.997324,0.0509441,,,
10,0.997324,0.0509441,,,
10,0.997324,0.0509441,,,
10,0.997324,0.0509441,,,
10,0.997324,0.0509441,,,
10,0.997324,0.0509441,,,
10,0.997324,0.0509441,,,
10,0.997324,0.0509441,,,
10,0.997324,0.0509441,,,
10,0.997324,0.0509441,,,
10,0.997324,0.0509441,,,
10,0.997324,0.0509441,,,
10,0.997324,0.0509441,,,
10,0.997324,0.0509441,,,
10,0.997324,0.0509441,,,
10,0.997324,0.0509441,,,
10,0.997324,0.0509441,,,
10,0.997324,0.0509441,,,
10,0.997324,0.0509441,,,
10,0.997324,0.0509441,,,
10,0.997324,0.0509441,,,
10,0.997324,0.0509441,,,
10,0.997324,0.0509441,,,
10,0.997324,0.0509441,,,
10,0.997324,0.0509441,,,
10,0.997324,0.0509441,,,
10,0.997324,0.0509441,,,
10,0.997324,0.0509441,,,
10,0.997324,0.0509441,,,
10,0.997324,0.0509441,,,
10,0.997324,0.0509441,,,
10,0.997324,0.0509441,,,
10,0.997324,0.0509441,,,
10,0.997324,0.0509441,,,
10,0.997324,0.0509441,,,
10,0.997324,0.0509441,,,
10,0.997324,0.0509441,,,
10,0.997324,0.0509441,,,
10,0.997324,0.0509441,,,
10,0.997324,0.0509441,,,
10,0.997324,0.0509441,,,
10,0.997324,0.0509441,,,
10,0.997324,0.0509441,,,
10,0.997324,0.0509441,,,
10,0.997324,0.0509441,,,
10,0.997324,0.0509441,,,
10,0.997324,0.0509441,,,
10,0.997272,0.0509423,,,
10,0.996505,0.0509208,,,
10,0.996505,0.0509208,,,
10,0.996505,0.0509208,,,
10,0.996505,0.0509208,,,
10,0.996505,0.0509208,,,
10,0.996505,0.0509208,,,
10,0.996505,0.0509208,,,
10,0.996505,0.0509208,,,
10,0.996505,0.0509208,,,
10,0.996505,0.0509208,,,
10,0.996505,0.0509208,,,
10,0.996505,0.0509208,,,
10,0.996505,0.0509208,,,
10,0.996505,0.0509208,,,
10,0.996505,0.0509208,,,
10,0.996505,0.0509208,,,
10,0.996505,0.0509208,,,
10,0.996505,0.0509208,,,
10,0.996505,0.0509208,,,
10,0.996505,0.0509208,,,
10,0.996505,0.0509208,,,
10,0.996505,0.0509208,,,
10,0.996505,0.0509208,,,
10,0.996505,0.0509208,,,
10,0.996505,0.0509208,,,
10,0.996505,0.0509208,,,
10,0.996505,0.0509208,,,
10,0.996505,0.0509208,,,
10,0.996505,0.0509208,,,
10,0.996505,0.0509208,,,
10,0.996505,0.0509208,,,
10,0.996505,0.0509208,,,
10,0.996505,0.0509208,,,
10,0.996505,0.0509208,,,
10,0.996505,0.0509208,,,
10,0.996505,0.0509208,,,
10,0.996505,0.0509208,,,
10,0.996505,0.0509208,,,
10,0.996505,0.0509208,,,
10,0.996505,0.0509208,,,
10,0.996505,0.0509208,,,
10,0.996505,0.0509208,,,
10,0.996505,0.0509208,,,
10,0.996505,0.0509208,,,
10,0.996505,0.0509208,,,
10,0.996505,0.0509208,,,
10,0.996505,0.0509208,,,
10,0.996505,0.0509208,,,
10,0.996505,0.0509208,,,
10,0.996505,0.0509208,,,
10,0.996505,0.0509208,,,
10,0.996505,0.0509208,,,
10,0.996505,0.0509208,,,
10,0.996505,0.0509208,,,
10,0.996505,0.0509208,,,
10,0.996505,0.0509208,,,
10,0.996505,0.0509208,,,
10,0.996505,0.0509208,,,
10,0.996505,0.0509208,,,
10,0.996504,0.0509208,,,
