trial,plan iters,plan time,best cost,numComponents,numIters,numMilestones
0,1,1.5398e-05,inf,2,1,2
0,2382,0.100067,1.73077,2,2382,241
0,3909,0.200584,1.72417,2,3909,232
0,5106,0.301668,1.7143,2,5106,239
0,6358,0.403057,1.63284,2,6358,91
0,7317,0.504831,1.60626,2,7317,173
0,8207,0.606716,1.59033,2,8207,168
0,9110,0.708929,1.58634,2,9110,189
0,10107,0.8113,1.586,2,10107,241
0,10850,0.914137,1.58598,2,10850,278
0,11684,1.01716,1.58544,2,11684,217
0,12335,1.12038,1.58483,2,12335,217
0,13071,1.2238,1.58379,2,13071,169
0,13869,1.32774,1.58256,2,13869,266
0,14384,1.43177,1.58203,2,14384,286
0,14873,1.5359,1.58192,2,14873,286
0,15509,1.64016,1.58136,2,15509,167
0,15994,1.7448,1.58121,2,15994,167
0,16743,1.84951,1.58117,2,16743,309
0,17151,1.95437,1.58042,2,17151,309
0,17658,2.05957,1.58033,2,17658,151
0,18032,2.16482,1.58031,2,18032,151
0,18422,2.27049,1.58028,2,18422,151
0,19113,2.3762,1.58028,2,19113,359
0,19475,2.48235,1.58027,2,19475,359
0,19836,2.58863,1.58023,2,19836,359
0,20427,2.69499,1.58023,2,20427,254
0,20806,2.80159,1.58021,2,20806,254
0,21176,2.90832,1.58021,2,21176,254
0,21702,3.01519,1.58021,2,21702,209
0,22008,3.12256,1.58021,2,22008,209
0,22330,3.23003,1.58021,2,22330,209
0,22814,3.33754,1.58021,2,22814,174
0,23117,3.44536,1.58021,2,23117,174
0,23418,3.55329,1.5802,2,23418,174
0,23951,3.66141,1.5802,2,23951,240
0,24247,3.76993,1.5802,2,24247,240
0,24536,3.87846,1.57799,2,24536,240
0,24835,3.9875,1.57674,2,24835,240
0,25255,4.09636,1.57674,2,25255,158
0,25510,4.20555,1.57674,2,25510,158
0,25750,4.31474,1.5766,2,25750,158
0,26029,4.42454,1.5766,2,26029,158
0,26687,4.53426,1.5766,2,26687,370
0,26988,4.64448,1.5766,2,26988,370
0,27283,4.75472,1.57659,2,27283,370
0,27835,4.86511,1.57658,2,27835,280
0,28107,4.97559,1.57658,2,28107,280
0,28363,5.08629,1.57512,2,28363,280
0,28629,5.19717,1.57512,2,28629,280
0,29113,5.30882,1.57508,2,29113,221
0,29366,5.42013,1.57507,2,29366,221
0,29635,5.53157,1.57483,2,29635,221
0,29884,5.64337,1.57482,2,29884,221
0,30360,5.75519,1.5748,2,30360,219
0,30631,5.86749,1.5748,2,30631,219
0,30872,5.97995,1.5748,2,30872,219
0,31134,6.09239,1.57478,2,31134,219
0,31500,6.2051,1.57478,2,31500,112
0,31765,6.31815,1.57478,2,31765,112
0,32031,6.43129,1.57478,2,32031,112
0,32276,6.54477,1.57478,2,32276,112
0,32795,6.65808,1.5747,2,32795,276
0,33028,6.77156,1.5747,2,33028,276
0,33277,6.88542,1.57466,2,33277,276
0,33530,6.99983,1.57451,2,33530,276
0,33869,7.1138,1.57451,2,33869,95
0,34103,7.22853,1.57451,2,34103,95
0,34328,7.34309,1.57451,2,34328,95
0,34575,7.45795,1.57451,2,34575,95
0,34857,7.57219,1.57451,2,34857,13
0,35335,7.68779,1.57451,2,35335,235
0,35601,7.80332,1.57451,2,35601,235
0,35866,7.91872,1.57451,2,35866,235
0,36459,8.03381,1.57451,2,36459,317
0,36735,8.14994,1.57451,2,36735,340
0,36998,8.26603,1.57451,2,36998,340
0,37256,8.38223,1.57448,2,37256,340
0,37858,8.49802,1.57439,2,37858,320
0,38128,8.61528,1.57439,2,38128,349
0,38383,8.73215,1.57439,2,38383,349
0,38629,8.84916,1.57439,2,38629,349
0,38882,8.96615,1.57439,2,38882,349
0,39170,9.08328,1.57236,2,39170,30
0,39435,9.20074,1.57233,2,39435,30
0,39701,9.31834,1.57231,2,39701,30
0,40019,9.43617,1.57137,2,40019,46
0,40283,9.55396,1.57132,2,40283,46
0,40551,9.67202,1.57132,2,40551,46
0,40813,9.79009,1.57131,2,40813,46
0,41329,9.90816,1.57131,2,41329,253
1,1,6.159e-06,inf,2,1,2
1,2902,0.100088,1.6963,2,2902,263
1,4571,0.200599,1.67687,2,4571,303
1,5996,0.301406,1.60183,2,5996,290
1,7199,0.402544,1.56833,2,7199,232
1,8246,0.503949,1.55995,2,8246,209
1,9185,0.605525,1.55791,2,9185,149
1,9940,0.707333,1.55602,2,9940,149
1,10838,0.809309,1.55491,2,10838,205
1,11711,0.911548,1.55315,2,11711,178
1,12379,1.01386,1.5527,2,12379,178
1,13193,1.11655,1.55193,2,13193,284
1,13773,1.21932,1.55107,2,13773,284
1,14510,1.32241,1.55028,2,14510,248
1,15033,1.42568,1.54995,2,15033,248
1,15657,1.52917,1.5461,2,15657,129
1,16146,1.63265,1.54609,2,16146,129
1,16792,1.73635,1.54602,2,16792,171
1,17267,1.8402,1.54368,2,17267,171
1,17809,1.94414,1.54324,2,17809,78
1,18259,2.04823,1.54298,2,18259,78
1,18852,2.1525,1.54298,2,18852,166
1,19295,2.25698,1.54298,2,19295,166
1,19740,2.36168,1.54291,2,19740,166
1,20277,2.46638,1.54271,2,20277,131
1,20703,2.57136,1.54271,2,20703,131
1,21277,2.67639,1.54271,2,21277,163
1,21688,2.78142,1.54271,2,21688,163
1,22225,2.8864,1.54269,2,22225,150
1,22615,2.99215,1.54269,2,22615,154
1,22994,3.09774,1.54266,2,22994,154
1,23559,3.20341,1.54266,2,23559,207
1,23923,3.30922,1.54266,2,23923,207
1,24292,3.41539,1.54265,2,24292,207
1,24896,3.52166,1.54265,2,24896,261
1,25244,3.62811,1.54225,2,25244,261
1,25584,3.73461,1.54224,2,25584,261
1,26385,3.84129,1.54103,2,26385,514
1,26719,3.94827,1.54103,2,26719,514
1,27050,4.05523,1.54103,2,27050,514
1,27517,4.16228,1.54103,2,27517,142
1,27838,4.26969,1.54103,2,27838,142
1,28155,4.37722,1.54103,2,28155,142
1,28579,4.48475,1.54103,2,28579,106
1,28882,4.59231,1.54103,2,28882,106
1,29189,4.70023,1.54103,2,29189,106
1,29486,4.80853,1.54103,2,29486,106
1,30166,4.91633,1.54103,2,30166,397
1,30444,5.02468,1.54103,2,30444,397
1,30727,5.1332,1.54102,2,30727,397
1,31012,5.24172,1.54102,2,31012,397
1,31451,5.3504,1.54102,2,31451,152
1,31736,5.4595,1.54102,2,31736,152
1,32019,5.56875,1.54101,2,32019,152
1,32457,5.67817,1.54101,2,32457,157
1,32731,5.78773,1.54101,2,32731,157
1,33008,5.89718,1.54101,2,33008,157
1,33286,6.00673,1.54093,2,33286,157
1,33817,6.11664,1.54093,2,33817,264
1,34078,6.22659,1.54093,2,34078,264
1,34347,6.33682,1.54093,2,34347,264
1,34618,6.44693,1.54093,2,34618,264
1,35145,6.55714,1.54093,2,35145,259
1,35408,6.66772,1.54093,2,35408,259
1,35664,6.77818,1.54093,2,35664,259
1,35920,6.88885,1.54093,2,35920,259
1,36355,6.99998,1.54093,2,36355,192
1,36600,7.1109,1.54092,2,36600,192
1,36852,7.22221,1.54092,2,36852,192
1,37099,7.33334,1.54092,2,37099,192
1,37549,7.44451,1.54045,2,37549,204
1,37798,7.556,1.54045,2,37798,204
1,38044,7.66764,1.54045,2,38044,204
1,38293,7.77935,1.54045,2,38293,204
1,38656,7.89125,1.54045,2,38656,119
1,38898,8.00336,1.54045,2,38898,119
1,39131,8.11532,1.54044,2,39131,119
1,39371,8.22749,1.54044,2,39371,119
1,39908,8.3397,1.54044,2,39908,293
1,40137,8.45239,1.54044,2,40137,293
1,40369,8.56515,1.54044,2,40369,293
1,40602,8.67776,1.54044,2,40602,293
1,40879,8.78992,1.54044,2,40879,52
1,41313,8.90339,1.54044,2,41313,264
1,41538,9.01651,1.54044,2,41538,264
1,41762,9.12994,1.54044,2,41762,264
1,41984,9.24364,1.54044,2,41984,264
1,42500,9.35729,1.54044,2,42500,300
1,42723,9.47098,1.54044,2,42723,300
1,42944,9.5847,1.54044,2,42944,300
1,43168,9.69838,1.54044,2,43168,300
1,43391,9.81225,1.54044,2,43391,300
1,43878,9.92638,1.5403,2,43878,264
2,1,6.544e-06,inf,2,1,2
2,2915,0.100068,1.64512,2,2915,141
2,4757,0.200488,1.61944,2,4757,49
2,6321,0.301371,1.6149,2,6321,236
2,7552,0.402476,1.61201,2,7552,150
2,8712,0.503862,1.60858,2,8712,251
2,9570,0.605371,1.60823,2,9570,251
2,10464,0.707098,1.60811,2,10464,111
2,11555,0.809128,1.60795,2,11555,427
2,12331,0.911383,1.6079,2,12331,88
2,12967,1.01378,1.60779,2,12967,88
2,13883,1.1165,1.60738,2,13883,411
2,14448,1.21928,1.60736,2,14448,411
2,15155,1.32229,1.60734,2,15155,175
2,15692,1.42555,1.60733,2,15692,175
2,16480,1.52887,1.60732,2,16480,298
2,16984,1.63243,1.60729,2,16984,298
2,17652,1.73619,1.60729,2,17652,185
2,18116,1.84004,1.60729,2,18116,185
2,18864,1.944,1.60728,2,18864,296
2,19295,2.04822,1.60539,2,19295,296
2,19730,2.15253,1.60521,2,19730,296
2,20316,2.257,1.60521,2,20316,170
2,20728,2.36162,1.6032,2,20728,170
2,21282,2.46642,1.60285,2,21282,145
2,21704,2.57119,1.60277,2,21704,145
2,22116,2.6762,1.60275,2,22116,145
2,22838,2.78129,1.60275,2,22838,376
2,23224,2.8865,1.60275,2,23224,376
2,23598,2.99223,1.60275,2,23598,2
2,24158,3.09736,1.60275,2,24158,216
2,24511,3.2032,1.60269,2,24511,216
2,24961,3.30897,1.60233,2,24961,100
2,25301,3.41495,1.60194,2,25301,100
2,25647,3.52096,1.60193,2,25647,100
2,26126,3.62728,1.60193,2,26126,129
2,26470,3.73369,1.60175,2,26470,129
2,26814,3.8403,1.60174,2,26814,129
2,27405,3.94682,1.60098,2,27405,249
2,27734,4.05343,1.59374,2,27734,249
2,28069,4.16043,1.59199,2,28069,249
2,28588,4.26699,1.59186,2,28588,193
2,28955,4.3744,1.59186,2,28955,239
2,29271,4.48168,1.59186,2,29271,239
2,29589,4.58922,1.5901,2,29589,239
2,30088,4.6966,1.5822,2,30088,198
2,30396,4.80437,1.58194,2,30396,198
2,30673,4.91217,1.58186,2,30673,198
2,31119,5.01987,1.58185,2,31119,161
2,31420,5.12785,1.58049,2,31420,161
2,31718,5.23588,1.57979,2,31718,161
2,32012,5.34428,1.57979,2,32012,161
2,32627,5.45287,1.57979,2,32627,342
2,32917,5.5614,1.57976,2,32917,342
2,33212,5.67036,1.57976,2,33212,342
2,33726,5.7794,1.57923,2,33726,224
2,34006,5.88865,1.57923,2,34006,224
2,34282,5.99808,1.57923,2,34282,224
2,34558,6.10742,1.57639,2,34558,224
2,35214,6.21704,1.57513,2,35214,392
2,35475,6.3268,1.57455,2,35475,392
2,35736,6.43634,1.57455,2,35736,392
2,35999,6.54625,1.57453,2,35999,392
2,36396,6.65649,1.56993,2,36396,138
2,36649,6.7664,1.56743,2,36649,138
2,36899,6.87659,1.56743,2,36899,138
2,37151,6.98698,1.56661,2,37151,138
2,37572,7.09756,1.56661,2,37572,161
2,37818,7.20818,1.56661,2,37818,161
2,38070,7.31898,1.56659,2,38070,161
2,38316,7.42983,1.56639,2,38316,161
2,38740,7.54087,1.56633,2,38740,175
2,38979,7.65201,1.56633,2,38979,175
2,39222,7.7633,1.56633,2,39222,175
2,39459,7.87481,1.56633,2,39459,175
2,40039,7.9865,1.56633,2,40039,350
2,40272,8.09837,1.56633,2,40272,350
2,40498,8.20991,1.56633,2,40498,350
2,40733,8.32161,1.56633,2,40733,350
2,40969,8.4334,1.56633,2,40969,350
2,41382,8.5457,1.56632,2,41382,182
2,41610,8.65794,1.5663,2,41610,182
2,41845,8.77036,1.56628,2,41845,182
2,42072,8.88292,1.56628,2,42072,182
2,42499,8.9957,1.56461,2,42499,198
2,42721,9.10843,1.56461,2,42721,198
2,42939,9.2214,1.56351,2,42939,198
2,43157,9.3344,1.56351,2,43157,198
2,43378,9.44742,1.56351,2,43378,198
2,43957,9.56077,1.56322,2,43957,363
2,44171,9.67426,1.56322,2,44171,363
2,44381,9.78766,1.56322,2,44381,363
2,44600,9.90105,1.56322,2,44600,363
3,1,2.5792e-05,inf,2,1,3
3,2752,0.100106,1.66739,2,2752,172
3,4365,0.200597,1.65494,2,4365,124
3,5745,0.30135,1.65239,2,5745,233
3,6961,0.402378,1.65227,2,6961,330
3,8118,0.503652,1.65074,2,8118,248
3,9159,0.605229,1.65058,2,9159,233
3,10071,0.706891,1.64969,2,10071,85
3,10869,0.80908,1.6495,2,10869,162
3,11771,0.91123,1.64949,2,11771,246
3,12424,1.01368,1.64946,2,12424,246
3,13212,1.11623,1.64904,2,13212,226
3,14053,1.21898,1.64904,2,14053,323
3,14564,1.32191,1.64903,2,14564,323
3,15177,1.42505,1.64903,2,15177,98
3,15666,1.52841,1.64899,2,15666,98
3,16255,1.63184,1.64892,2,16255,92
3,16763,1.73544,1.64892,2,16763,116
3,17240,1.83921,1.64884,2,17240,116
3,17909,1.94319,1.64883,2,17909,232
3,18358,2.04727,1.64883,2,18358,232
3,18854,2.15158,1.64883,2,18854,60
3,19279,2.25604,1.64883,2,19279,60
3,19809,2.36049,1.64883,2,19809,114
3,20220,2.46522,1.64883,2,20220,114
3,20631,2.57004,1.64883,2,20631,114
3,21205,2.67495,1.64882,2,21205,191
3,21583,2.78002,1.64882,2,21583,191
3,22034,2.88523,1.64683,2,22034,61
3,22425,2.99059,1.64475,2,22425,61
3,22775,3.09619,1.63953,2,22775,61
3,23236,3.20184,1.63735,2,23236,81
3,23603,3.30768,1.63641,2,23603,81
3,23965,3.41362,1.63641,2,23965,81
3,24619,3.51991,1.6362,2,24619,319
3,24962,3.62632,1.6362,2,24962,319
3,25302,3.73292,1.63606,2,25302,319
3,25797,3.83957,1.63571,2,25797,173
3,26120,3.94618,1.63535,2,26120,173
3,26432,4.05285,1.63535,2,26432,173
3,26878,4.15986,1.63186,2,26878,125
3,27195,4.26678,1.62641,2,27195,125
3,27506,4.37384,1.62641,2,27506,125
3,28005,4.48086,1.62511,2,28005,193
3,28398,4.58877,1.62484,2,28398,300
3,28703,4.6964,1.62484,2,28703,300
3,28997,4.80431,1.62462,2,28997,300
3,29531,4.91222,1.62355,2,29531,260
3,29816,5.02018,1.62336,2,29816,260
3,30107,5.12834,1.62336,2,30107,260
3,30394,5.23647,1.6206,2,30394,260
3,30793,5.34484,1.6206,2,30793,125
3,31075,5.45325,1.61931,2,31075,125
3,31348,5.56203,1.6193,2,31348,125
3,31772,5.67072,1.6193,2,31772,150
3,32041,5.77935,1.6193,2,32041,150
3,32315,5.88836,1.6184,2,32315,150
3,32591,5.99747,1.6184,2,32591,150
3,33130,6.1068,1.61838,2,33130,264
3,33398,6.21613,1.61838,2,33398,264
3,33671,6.32569,1.61832,2,33671,264
3,33938,6.43529,1.61831,2,33938,264
3,34501,6.54486,1.61824,2,34501,311
3,34756,6.65458,1.61824,2,34756,311
3,35000,6.76453,1.61824,2,35000,311
3,35255,6.87448,1.61783,2,35255,311
3,35688,6.98464,1.61783,2,35688,175
3,35933,7.09475,1.61783,2,35933,175
3,36176,7.20508,1.61783,2,36176,175
3,36421,7.31546,1.6174,2,36421,175
3,36920,7.42623,1.6174,2,36920,249
3,37153,7.53707,1.61739,2,37153,249
3,37382,7.6481,1.61739,2,37382,249
3,37619,7.75925,1.61739,2,37619,249
3,37966,7.87034,1.61739,2,37966,104
3,38195,7.98151,1.61737,2,38195,104
3,38432,8.0928,1.61737,2,38432,104
3,38664,8.20441,1.61737,2,38664,104
3,38905,8.31619,1.61737,2,38905,104
3,39343,8.42806,1.61725,2,39343,208
3,39570,8.53976,1.61725,2,39570,208
3,39795,8.65149,1.61721,2,39795,208
3,40015,8.76346,1.61721,2,40015,208
3,40429,8.87537,1.61716,2,40429,175
3,40652,8.98784,1.61716,2,40652,175
3,40875,9.09996,1.61716,2,40875,175
3,41103,9.21248,1.61714,2,41103,175
3,41323,9.32505,1.61518,2,41323,175
3,41730,9.43786,1.61518,2,41730,186
3,41957,9.551,1.61517,2,41957,186
3,42174,9.66408,1.61517,2,42174,186
3,42395,9.77717,1.61517,2,42395,186
3,42875,9.89044,1.61503,2,42875,266
4,1,2.0403e-05,inf,2,1,3
4,2662,0.100288,1.53753,2,2662,184
4,4461,0.200799,1.51716,2,4461,165
4,5773,0.301629,1.51625,2,5773,258
4,6883,0.402689,1.51137,2,6883,210
4,7914,0.504001,1.50867,2,7914,180
4,8862,0.605444,1.50002,2,8862,161
4,9694,0.707338,1.49915,2,9694,213
4,10570,0.809334,1.49892,2,10570,135
4,11544,0.911565,1.49751,2,11544,320
4,12267,1.014,1.49743,2,12267,320
4,13203,1.11663,1.49699,2,13203,280
4,14102,1.21939,1.49698,2,14102,271
4,14680,1.32252,1.49698,2,14680,271
4,15383,1.42574,1.49696,2,15383,177
4,15889,1.52917,1.49696,2,15889,177
4,16723,1.63276,1.4948,2,16723,402
4,17207,1.73652,1.49477,2,17207,402
4,17792,1.84022,1.49477,2,17792,113
4,18481,1.94459,1.49477,2,18481,414
4,18919,2.04894,1.49476,2,18919,414
4,19521,2.15346,1.49476,2,19521,163
4,19945,2.2581,1.49409,2,19945,163
4,20598,2.36294,1.49409,2,20598,242
4,20991,2.46796,1.49409,2,20991,242
4,21389,2.57312,1.49404,2,21389,242
4,21972,2.67843,1.49404,2,21972,203
4,22350,2.78377,1.49404,2,22350,203
4,22716,2.88933,1.49404,2,22716,203
4,23221,2.99494,1.4934,2,23221,144
4,23583,3.10079,1.4933,2,23583,144
4,23946,3.20696,1.4933,2,23946,144
4,24512,3.3132,1.49308,2,24512,224
4,24849,3.41943,1.49296,2,24849,224
4,25185,3.5258,1.49295,2,25185,224
4,25815,3.6324,1.49292,2,25815,316
4,26132,3.73907,1.49288,2,26132,316
4,26444,3.84594,1.49288,2,26444,316
4,26962,3.95309,1.49288,2,26962,216
4,27264,4.06021,1.49288,2,27264,216
4,27569,4.16757,1.49288,2,27569,216
4,28039,4.27501,1.49287,2,28039,162
4,28344,4.38273,1.49285,2,28344,162
4,28638,4.49053,1.49285,2,28638,162
4,28940,4.59848,1.49285,2,28940,162
4,29506,4.70663,1.49285,2,29506,254
4,29808,4.81485,1.49285,2,29808,254
4,30104,4.92326,1.49285,2,30104,254
4,30590,5.0321,1.49284,2,30590,183
4,30886,5.14101,1.49284,2,30886,183
4,31184,5.25023,1.49284,2,31184,183
4,31476,5.35928,1.49283,2,31476,183
4,32042,5.46856,1.49283,2,32042,287
4,32323,5.57823,1.49283,2,32323,287
4,32602,5.68801,1.49283,2,32602,287
4,33065,5.79792,1.49266,2,33065,187
4,33333,5.90804,1.49266,2,33333,187
4,33602,6.01799,1.49266,2,33602,187
4,33867,6.1282,1.49266,2,33867,187
4,34319,6.23864,1.49266,2,34319,185
4,34581,6.34918,1.49266,2,34581,185
4,34836,6.45977,1.49266,2,34836,185
4,35096,6.57044,1.49266,2,35096,185
4,35471,6.68156,1.49266,2,35471,102
4,35729,6.7927,1.49266,2,35729,102
4,35989,6.90389,1.49266,2,35989,102
4,36249,7.01529,1.49266,2,36249,102
4,36656,7.1268,1.49239,2,36656,148
4,36906,7.23839,1.49239,2,36906,148
4,37158,7.3502,1.49239,2,37158,148
4,37402,7.46189,1.49239,2,37402,148
4,37871,7.57394,1.49239,2,37871,216
4,38103,7.68592,1.49238,2,38103,216
4,38336,7.79815,1.49238,2,38336,216
4,38575,7.91034,1.49238,2,38575,216
4,38954,8.02267,1.49238,2,38954,140
4,39199,8.13543,1.49238,2,39199,140
4,39446,8.24805,1.49238,2,39446,140
4,39689,8.36115,1.49238,2,39689,140
4,40082,8.4736,1.49238,2,40082,148
4,40332,8.58731,1.49238,2,40332,165
4,40568,8.70056,1.49238,2,40568,165
4,40795,8.81383,1.49238,2,40795,165
4,41025,8.92729,1.49238,2,41025,165
4,41488,9.0411,1.49237,2,41488,217
4,41722,9.15482,1.4923,2,41722,217
4,41955,9.2687,1.4923,2,41955,217
4,42187,9.38264,1.4923,2,42187,217
4,42579,9.49711,1.4923,2,42579,146
4,42804,9.61169,1.4923,2,42804,146
4,43025,9.72619,1.4923,2,43025,146
4,43250,9.84091,1.4923,2,43250,146
4,43473,9.95576,1.4923,2,43473,146
5,1,1.9632e-05,inf,2,1,3
5,2743,0.100084,1.6895,2,2743,190
5,4439,0.200596,1.67102,2,4439,79
5,5931,0.301286,1.66625,2,5931,61
5,7286,0.402378,1.66587,2,7286,283
5,8216,0.503679,1.6587,2,8216,283
5,9255,0.605245,1.6578,2,9255,342
5,10246,0.706934,1.64315,2,10246,246
5,11196,0.808883,1.6427,2,11196,270
5,11851,0.911153,1.63896,2,11851,270
5,12675,1.01342,1.61766,2,12675,210
5,13240,1.116,1.58327,2,13240,210
5,13929,1.21868,1.57687,2,13929,146
5,14501,1.32155,1.57341,2,14501,146
5,15399,1.4247,1.56687,2,15399,460
5,15897,1.52797,1.56537,2,15897,460
5,16625,1.6315,1.56375,2,16625,249
5,17097,1.73516,1.56325,2,17097,249
5,17718,1.83894,1.56177,2,17718,160
5,18186,1.94291,1.56162,2,18186,160
5,18874,2.047,1.56107,2,18874,240
5,19314,2.15123,1.56086,2,19314,240
5,19751,2.25556,1.56079,2,19751,240
5,20439,2.36016,1.56029,2,20439,287
5,20870,2.46494,1.55932,2,20870,287
5,21451,2.56978,1.5586,2,21451,156
5,21862,2.67474,1.55825,2,21862,156
5,22267,2.77993,1.55737,2,22267,156
5,22840,2.88527,1.54308,2,22840,197
5,23233,2.99058,1.53503,2,23233,197
5,23770,3.09596,1.53371,2,23770,137
5,24154,3.20155,1.53311,2,24154,137
5,24520,3.30749,1.53276,2,24520,137
5,25094,3.41338,1.53273,2,25094,208
5,25452,3.51951,1.53272,2,25452,208
5,25801,3.62573,1.53233,2,25801,208
5,26337,3.73207,1.53233,2,26337,186
5,26683,3.8386,1.53196,2,26683,186
5,27040,3.94508,1.53196,2,27040,186
5,27630,4.05191,1.53196,2,27630,249
5,27958,4.15888,1.53179,2,27958,249
5,28293,4.26594,1.53178,2,28293,249
5,28781,4.37311,1.53154,2,28781,157
5,29111,4.48048,1.53152,2,29111,157
5,29431,4.58795,1.52608,2,29431,157
5,29944,4.69561,1.52608,2,29944,196
5,30257,4.80336,1.52605,2,30257,196
5,30563,4.91107,1.52604,2,30563,196
5,31127,5.01881,1.52604,2,31127,239
5,31442,5.12679,1.52518,2,31442,239
5,31761,5.23483,1.5243,2,31761,239
5,32226,5.34266,1.52364,2,32226,156
5,32535,5.45142,1.52362,2,32535,168
5,32833,5.56005,1.52339,2,32833,168
5,33139,5.66866,1.52339,2,33139,168
5,33605,5.77752,1.52339,2,33605,177
5,33888,5.88631,1.52339,2,33888,177
5,34171,5.99525,1.52339,2,34171,177
5,34662,6.10392,1.52334,2,34662,200
5,35009,6.21368,1.52334,2,35009,269
5,35284,6.32318,1.52334,2,35284,269
5,35551,6.4329,1.52334,2,35551,269
5,36166,6.54271,1.52334,2,36166,336
5,36426,6.65264,1.52334,2,36426,336
5,36686,6.76274,1.52334,2,36686,336
5,36940,6.87266,1.52334,2,36940,336
5,37449,6.98318,1.52334,2,37449,250
5,37705,7.09368,1.52334,2,37705,250
5,37952,7.20437,1.52334,2,37952,250
5,38204,7.31509,1.52333,2,38204,250
5,38727,7.4259,1.52328,2,38727,256
5,38975,7.53659,1.52328,2,38975,256
5,39221,7.64738,1.52321,2,39221,256
5,39465,7.75863,1.52317,2,39465,256
5,39895,7.86958,1.52317,2,39895,178
5,40186,7.98124,1.52317,2,40186,235
5,40424,8.09272,1.52287,2,40424,235
5,40663,8.20454,1.52287,2,40663,235
5,40906,8.3161,1.52287,2,40906,235
5,41285,8.42792,1.52287,2,41285,139
5,41522,8.54008,1.52287,2,41522,139
5,41757,8.65237,1.52285,2,41757,139
5,41992,8.76464,1.52285,2,41992,139
5,42563,8.87705,1.52276,2,42563,338
5,42795,8.98935,1.5224,2,42795,338
5,43028,9.10181,1.52119,2,43028,338
5,43254,9.21482,1.52119,2,43254,338
5,43659,9.3271,1.52088,2,43659,167
5,43913,9.44076,1.52088,2,43913,202
5,44144,9.55409,1.52088,2,44144,202
5,44368,9.66724,1.52088,2,44368,202
5,44592,9.78083,1.52088,2,44592,202
5,45013,9.89452,1.52081,2,45013,187
6,1,6.544e-06,inf,2,1,2
6,2781,0.100033,1.616,2,2781,140
6,4372,0.200516,1.59943,2,4372,27
6,5838,0.301341,1.59288,2,5838,202
6,6965,0.40242,1.58525,2,6965,123
6,7922,0.503835,1.5851,2,7922,124
6,8921,0.605414,1.58502,2,8921,301
6,9658,0.707269,1.58497,2,9658,301
6,10469,0.80932,1.58434,2,10469,151
6,11277,0.911683,1.58433,2,11277,217
6,11871,1.01408,1.58433,2,11871,217
6,12579,1.11681,1.58432,2,12579,133
6,13184,1.21962,1.55551,2,13184,133
6,13918,1.32258,1.53196,2,13918,127
6,14631,1.42573,1.51942,2,14631,132
6,15186,1.52892,1.51909,2,15186,132
6,15916,1.63238,1.507,2,15916,199
6,16430,1.73622,1.50611,2,16430,199
6,17239,1.83986,1.50119,2,17239,347
6,17727,1.94378,1.50079,2,17727,347
6,18324,2.04784,1.50029,2,18324,107
6,18797,2.15227,1.49883,2,18797,145
6,19242,2.25679,1.49882,2,19242,145
6,19892,2.36135,1.49882,2,19892,257
6,20300,2.46619,1.49882,2,20300,257
6,20956,2.57124,1.49882,2,20956,246
6,21358,2.67639,1.49725,2,21358,246
6,21763,2.78173,1.49725,2,21763,246
6,22310,2.88719,1.49336,2,22310,165
6,22684,2.99268,1.49255,2,22684,165
6,23048,3.09846,1.49217,2,23048,165
6,23626,3.20419,1.49217,2,23626,231
6,23991,3.31032,1.49217,2,23991,231
6,24352,3.41637,1.49205,2,24352,231
6,24809,3.52252,1.49197,2,24809,112
6,25161,3.62898,1.49197,2,25161,112
6,25649,3.73537,1.49197,2,25649,139
6,25983,3.84191,1.49197,2,25983,139
6,26328,3.94875,1.49197,2,26328,139
6,26855,4.05527,1.49196,2,26855,179
6,27331,4.16269,1.49196,2,27331,351
6,27653,4.26978,1.49196,2,27653,351
6,27976,4.37707,1.49182,2,27976,351
6,28414,4.48478,1.49177,2,28414,133
6,28716,4.59242,1.49149,2,28716,133
6,29025,4.70032,1.49149,2,29025,133
6,29517,4.80829,1.49106,2,29517,195
6,29814,4.91637,1.49106,2,29814,195
6,30121,5.02463,1.49106,2,30121,195
6,30594,5.13287,1.49106,2,30594,166
6,30894,5.24132,1.4909,2,30894,166
6,31198,5.34992,1.49079,2,31198,166
6,31495,5.45851,1.4902,2,31495,166
6,31888,5.56726,1.4902,2,31888,83
6,32180,5.67628,1.49017,2,32180,83
6,32478,5.7852,1.49017,2,32478,83
6,32938,5.89423,1.49017,2,32938,172
6,33228,6.00368,1.49017,2,33228,172
6,33505,6.11301,1.49015,2,33505,172
6,33788,6.22255,1.49002,2,33788,172
6,34180,6.3323,1.49001,2,34180,105
6,34462,6.44212,1.49,2,34462,105
6,34741,6.55204,1.49,2,34741,105
6,35273,6.66189,1.48996,2,35273,251
6,35550,6.77214,1.48996,2,35550,251
6,35824,6.88235,1.48996,2,35824,251
6,36094,6.99257,1.48996,2,36094,251
6,36634,7.10323,1.48996,2,36634,275
6,36902,7.21398,1.48993,2,36902,275
6,37162,7.32461,1.48993,2,37162,275
6,37430,7.43553,1.48993,2,37430,275
6,37918,7.54669,1.48993,2,37918,227
6,38177,7.65766,1.48993,2,38177,227
6,38443,7.76882,1.48993,2,38443,227
6,38704,7.88017,1.48952,2,38704,227
6,39073,7.99161,1.48786,2,39073,117
6,39329,8.10305,1.48784,2,39329,117
6,39582,8.2147,1.48784,2,39582,117
6,39831,8.32686,1.48784,2,39831,117
6,40375,8.439,1.48784,2,40375,313
6,40612,8.55096,1.48774,2,40612,313
6,40848,8.66347,1.48774,2,40848,313
6,41087,8.77583,1.48774,2,41087,313
6,41492,8.88819,1.48774,2,41492,167
6,41729,9.00095,1.48774,2,41729,167
6,41965,9.11374,1.48774,2,41965,167
6,42208,9.22656,1.48773,2,42208,167
6,42450,9.33979,1.48751,2,42450,167
6,42975,9.45301,1.48751,2,42975,286
6,43207,9.56649,1.48751,2,43207,286
6,43443,9.68012,1.48751,2,43443,286
6,43674,9.79367,1.48751,2,43674,286
6,44125,9.90749,1.48751,2,44125,228
7,1,2.0402e-05,inf,2,1,3
7,2786,0.100099,1.6591,2,2786,265
7,4480,0.200575,1.6502,2,4480,240
7,5727,0.30139,1.64797,2,5727,156
7,6856,0.40244,1.64788,2,6856,123
7,7914,0.503752,1.64729,2,7914,218
7,8842,0.605276,1.64557,2,8842,173
7,9646,0.706977,1.64503,2,9646,173
7,10525,0.808917,1.64487,2,10525,204
7,11385,0.911104,1.64476,2,11385,183
7,12095,1.01347,1.6445,2,12095,183
7,12962,1.11594,1.64372,2,12962,250
7,13869,1.21861,1.64372,2,13869,347
7,14435,1.32159,1.64371,2,14435,347
7,15111,1.4247,1.64371,2,15111,129
7,15660,1.5281,1.6431,2,15660,129
7,16375,1.63154,1.64306,2,16375,254
7,16858,1.73527,1.64306,2,16858,254
7,17654,1.83921,1.64306,2,17654,370
7,18079,1.94332,1.64306,2,18079,370
7,18503,2.0475,1.64306,2,18503,370
7,19081,2.15191,1.64099,2,19081,175
7,19524,2.25652,1.63968,2,19524,175
7,20139,2.3611,1.62747,2,20139,179
7,20584,2.46583,1.62739,2,20584,179
7,21242,2.57076,1.62488,2,21242,242
7,21643,2.67596,1.62486,2,21643,242
7,22036,2.78123,1.62418,2,22036,242
7,22598,2.88663,1.62377,2,22598,174
7,22978,2.99217,1.62113,2,22978,174
7,23350,3.0979,1.62111,2,23350,174
7,24016,3.20381,1.621,2,24016,318
7,24375,3.30963,1.62097,2,24375,318
7,24728,3.41565,1.62072,2,24728,318
7,25278,3.52187,1.62067,2,25278,207
7,25592,3.6284,1.62055,2,25592,207
7,25894,3.73484,1.6205,2,25894,207
7,26535,3.84139,1.61679,2,26535,318
7,26866,3.94837,1.6148,2,26866,318
7,27182,4.0555,1.61447,2,27182,318
7,27698,4.16265,1.61447,2,27698,210
7,28005,4.26994,1.61434,2,28005,210
7,28318,4.37755,1.61433,2,28318,210
7,28806,4.48484,1.61432,2,28806,213
7,29117,4.59298,1.61432,2,29117,256
7,29383,4.7014,1.61428,2,29383,256
7,29652,4.80935,1.61401,2,29652,256
7,30087,4.91793,1.61401,2,30087,154
7,30377,5.02627,1.61368,2,30377,154
7,30671,5.13512,1.6122,2,30671,154
7,30946,5.24389,1.6122,2,30946,154
7,31321,5.35273,1.6122,2,31321,131
7,31567,5.46165,1.6122,2,31567,131
7,31838,5.57095,1.61201,2,31838,131
7,32100,5.68022,1.61201,2,32100,131
7,32461,5.78977,1.61199,2,32461,97
7,32723,5.89963,1.61155,2,32723,97
7,32981,6.00959,1.61153,2,32981,97
7,33242,6.11972,1.61153,2,33242,97
7,33765,6.22991,1.61023,2,33765,261
7,34003,6.34027,1.61011,2,34003,261
7,34259,6.45057,1.61008,2,34259,261
7,34483,6.56141,1.61006,2,34483,261
7,34987,6.67185,1.61006,2,34987,282
7,35227,6.78291,1.61005,2,35227,282
7,35454,6.89416,1.61005,2,35454,282
7,35686,7.00551,1.60999,2,35686,282
7,35905,7.11754,1.60999,2,35905,2
7,36297,7.2287,1.60999,2,36297,193
7,36538,7.34041,1.60999,2,36538,193
7,36761,7.45225,1.60999,2,36761,193
7,36996,7.56409,1.60999,2,36996,193
7,37631,7.67631,1.60998,2,37631,425
7,37849,7.78898,1.60998,2,37849,425
7,38061,7.9016,1.60998,2,38061,425
7,38284,8.01442,1.60998,2,38284,425
7,38505,8.12743,1.60998,2,38505,425
7,38904,8.24103,1.60998,2,38904,201
7,39111,8.35467,1.60997,2,39111,201
7,39314,8.4685,1.60997,2,39314,201
7,39499,8.58251,1.60997,2,39499,201
7,39686,8.69622,1.60969,2,39686,201
7,40107,8.81046,1.60969,2,40107,203
7,40318,8.92467,1.60969,2,40318,203
7,40521,9.03942,1.60962,2,40521,203
7,40736,9.15377,1.60961,2,40736,203
7,40949,9.26855,1.60961,2,40949,203
7,41321,9.38341,1.60961,2,41321,152
7,41544,9.49873,1.6096,2,41544,152
7,41763,9.61415,1.6096,2,41763,152
7,41994,9.72973,1.6096,2,41994,152
7,42443,9.8447,1.60951,2,42443,228
7,42691,9.96095,1.60951,2,42691,269
8,1,2.5407e-05,inf,2,1,3
8,2442,0.100093,1.67594,2,2442,253
8,4008,0.200545,1.67139,2,4008,164
8,5361,0.301353,1.6678,2,5361,166
8,6504,0.402529,1.66762,2,6504,92
8,7600,0.503966,1.66762,2,7600,240
8,8417,0.605636,1.66761,2,8417,240
8,9376,0.707748,1.66761,2,9376,253
8,10281,0.809848,1.66758,2,10281,190
8,10972,0.912359,1.66712,2,10972,190
8,11837,1.01515,1.66712,2,11837,290
8,12714,1.11808,1.6671,2,12714,313
8,13202,1.2212,1.6671,2,13202,313
8,13926,1.32456,1.66707,2,13926,196
8,14443,1.42821,1.66707,2,14443,196
8,15174,1.53172,1.66707,2,15174,249
8,15729,1.636,1.66707,2,15729,322
8,16252,1.74011,1.66707,2,16252,322
8,16866,1.84452,1.66707,2,16866,131
8,17329,1.94921,1.66706,2,17329,131
8,17962,2.05412,1.66706,2,17962,232
8,18374,2.15918,1.66698,2,18374,232
8,19085,2.2644,1.66698,2,19085,342
8,19458,2.36976,1.66698,2,19458,342
8,19841,2.47541,1.66698,2,19841,342
8,20385,2.58111,1.66697,2,20385,162
8,20739,2.68713,1.66697,2,20739,162
8,21101,2.79351,1.66697,2,21101,162
8,21659,2.89958,1.66682,2,21659,214
8,22052,3.00589,1.61603,2,22052,214
8,22451,3.11234,1.60968,2,22451,214
8,23044,3.21905,1.5939,2,23044,211
8,23413,3.32603,1.58904,2,23413,211
8,23889,3.43329,1.58902,2,23889,104
8,24267,3.54036,1.58651,2,24267,104
8,24646,3.64763,1.58357,2,24646,104
8,25142,3.75511,1.58295,2,25142,128
8,25509,3.86269,1.58295,2,25509,128
8,25864,3.97053,1.58188,2,25864,128
8,26562,4.07839,1.57861,2,26562,392
8,26893,4.18642,1.57604,2,26893,392
8,27216,4.29456,1.57588,2,27216,392
8,27794,4.40313,1.57588,2,27794,262
8,28095,4.51169,1.57547,2,28095,262
8,28406,4.62041,1.57428,2,28406,262
8,28827,4.72891,1.57316,2,28827,128
8,29226,4.83821,1.57316,2,29226,244
8,29510,4.94759,1.57304,2,29510,244
8,29790,5.0569,1.57069,2,29790,244
8,30292,5.16642,1.56884,2,30292,206
8,30591,5.27616,1.56862,2,30591,206
8,30884,5.38609,1.56665,2,30884,206
8,31172,5.49635,1.56665,2,31172,206
8,31627,5.6067,1.56663,2,31627,180
8,31912,5.71705,1.56585,2,31912,180
8,32195,5.82759,1.56584,2,32195,180
8,32662,5.93848,1.56545,2,32662,194
8,32936,6.04938,1.56537,2,32936,194
8,33207,6.16036,1.56533,2,33207,194
8,33472,6.27163,1.56532,2,33472,194
8,34032,6.38294,1.56531,2,34032,309
8,34286,6.49415,1.56351,2,34286,309
8,34542,6.60541,1.56317,2,34542,309
8,34797,6.717,1.56316,2,34797,309
8,35291,6.82865,1.56314,2,35291,248
8,35540,6.94072,1.56261,2,35540,248
8,35791,7.05268,1.56146,2,35791,248
8,36040,7.16507,1.56146,2,36040,248
8,36495,7.2774,1.56146,2,36495,204
8,36736,7.38968,1.56146,2,36736,204
8,36981,7.5022,1.56146,2,36981,204
8,37220,7.61495,1.56146,2,37220,204
8,37680,7.72758,1.56145,2,37680,211
8,37916,7.84069,1.56145,2,37916,211
8,38152,7.9539,1.56081,2,38152,211
8,38386,8.06712,1.56071,2,38386,211
8,38622,8.1804,1.56071,2,38622,211
8,39124,8.29402,1.55995,2,39124,266
8,39357,8.40768,1.55995,2,39357,266
8,39590,8.52121,1.55995,2,39590,266
8,39823,8.635,1.55995,2,39823,266
8,40232,8.74901,1.55995,2,40232,171
8,40459,8.86297,1.55987,2,40459,171
8,40687,8.97716,1.55984,2,40687,171
8,40917,9.09174,1.55984,2,40917,171
8,41149,9.2064,1.55939,2,41149,171
8,41635,9.3212,1.55899,2,41635,247
8,41859,9.43566,1.55899,2,41859,247
8,42081,9.55031,1.55899,2,42081,247
8,42301,9.66514,1.55896,2,42301,247
8,42704,9.78034,1.55884,2,42704,179
8,42919,9.89569,1.55884,2,42919,179
9,1,2.0017e-05,inf,2,1,3
9,2433,0.100065,1.66245,2,2433,261
9,4069,0.200537,1.65941,2,4069,135
9,5413,0.30129,1.65899,2,5413,241
9,6505,0.402298,1.65859,2,6505,231
9,7318,0.503618,1.65853,2,7318,231
9,8165,0.605174,1.65852,2,8165,207
9,8973,0.706962,1.65803,2,8973,173
9,9684,0.80896,1.62669,2,9684,173
9,10625,0.911148,1.61792,2,10625,308
9,11411,1.01344,1.61564,2,11411,146
9,12031,1.11597,1.61497,2,12031,146
9,12807,1.21877,1.61143,2,12807,189
9,13392,1.32162,1.61128,2,13392,189
9,14131,1.42464,1.60319,2,14131,215
9,14663,1.52797,1.60315,2,14663,215
9,15367,1.63144,1.60304,2,15367,235
9,15863,1.73492,1.60292,2,15863,235
9,16551,1.83879,1.60281,2,16551,249
9,16995,1.94285,1.60278,2,16995,249
9,17524,2.04685,1.60266,2,17524,105
9,17957,2.15099,1.60214,2,17957,105
9,18393,2.255,1.60214,2,18393,17
9,19037,2.3598,1.60214,2,19037,266
9,19443,2.46435,1.60213,2,19443,266
9,20047,2.56909,1.60213,2,20047,235
9,20444,2.67405,1.60213,2,20444,235
9,20834,2.77899,1.60148,2,20834,235
9,21497,2.88431,1.60108,2,21497,293
9,21872,2.98962,1.60108,2,21872,293
9,22209,3.09517,1.60106,2,22209,293
9,22753,3.20068,1.60106,2,22753,170
9,23114,3.30644,1.60106,2,23114,170
9,23478,3.41201,1.60051,2,23478,22
9,23915,3.51853,1.59808,2,23915,133
9,24253,3.62456,1.59808,2,24253,133
9,24588,3.7308,1.59806,2,24588,133
9,25093,3.83734,1.59788,2,25093,177
9,25409,3.94402,1.59788,2,25409,177
9,25726,4.05092,1.59788,2,25726,177
9,26224,4.15785,1.59734,2,26224,186
9,26536,4.26489,1.59734,2,26536,186
9,26842,4.37225,1.59734,2,26842,186
9,27379,4.47948,1.59727,2,27379,236
9,27663,4.58698,1.59727,2,27663,236
9,27942,4.69457,1.59727,2,27942,236
9,28229,4.8025,1.59727,2,28229,236
9,28798,4.91044,1.59727,2,28798,277
9,29077,5.01859,1.59725,2,29077,277
9,29358,5.12683,1.59725,2,29358,277
9,29817,5.23545,1.59725,2,29817,174
9,30092,5.34412,1.59725,2,30092,174
9,30366,5.45295,1.59685,2,30366,174
9,30630,5.56177,1.59684,2,30630,174
9,31188,5.67068,1.59684,2,31188,294
9,31446,5.77985,1.59684,2,31446,294
9,31707,5.88911,1.59645,2,31707,294
9,31964,5.99844,1.59645,2,31964,294
9,32382,6.10821,1.59645,2,32382,154
9,32641,6.21818,1.583,2,32641,154
9,32900,6.32821,1.55413,2,32900,154
9,33149,6.43798,1.55312,2,33149,154
9,33597,6.54817,1.5434,2,33597,180
9,33847,6.65855,1.54315,2,33847,180
9,34101,6.76878,1.54315,2,34101,180
9,34358,6.87926,1.53676,2,34358,180
9,34990,6.98955,1.53676,2,34990,380
9,35240,7.10008,1.53235,2,35240,380
9,35494,7.2111,1.52967,2,35494,380
9,35748,7.32201,1.52822,2,35748,380
9,36298,7.4331,1.52805,2,36298,300
9,36531,7.54426,1.52686,2,36531,300
9,36772,7.65553,1.52659,2,36772,300
9,37006,7.76692,1.52629,2,37006,300
9,37241,7.8784,1.52369,2,37241,300
9,37656,7.99016,1.52369,2,37656,177
9,37880,8.10215,1.52217,2,37880,177
9,38108,8.21423,1.52097,2,38108,177
9,38336,8.32617,1.52097,2,38336,177
9,38743,8.43825,1.52097,2,38743,176
9,38973,8.55027,1.5206,2,38973,176
9,39195,8.66292,1.52028,2,39195,176
9,39425,8.77569,1.52028,2,39425,176
9,39784,8.88777,1.52028,2,39784,128
9,40058,9.00102,1.52026,2,40058,179
9,40281,9.11399,1.52019,2,40281,179
9,40510,9.22725,1.52019,2,40510,179
9,40743,9.34025,1.51829,2,40743,179
9,41196,9.4533,1.51829,2,41196,224
9,41413,9.56653,1.51825,2,41413,224
9,41628,9.67987,1.51825,2,41628,224
9,41848,9.79332,1.51789,2,41848,224
9,42072,9.90718,1.51606,2,42072,224
