trial,plan iters,plan time,best cost,time configuration test,time KNN,time connect,time lazy,edge checks
0,1000,0.408462,inf,0.0005,0.403462,0.002701,0,838
0,2000,0.419184,inf,0.000934,0.408895,0.005824,0,1904
0,3000,0.430291,inf,0.001374,0.414745,0.009022,0,3014
0,4000,0.442381,inf,0.00186,0.421227,0.012559,0,4270
0,5000,0.454605,inf,0.002331,0.427807,0.016063,0,5454
0,6000,0.467477,inf,0.002802,0.434879,0.019744,0,6638
0,7000,0.480553,inf,0.003276,0.44225,0.023383,0,7714
0,8000,0.49463,1.57902,0.0038,0.449813,0.027054,0,8853
0,9000,0.509239,1.57823,0.004237,0.456539,0.031855,0,10337
0,10000,0.525481,1.54479,0.004703,0.463852,0.037711,0,11999
0,11000,0.544068,1.54307,0.005155,0.47191,0.044988,0,13780
0,12000,0.563949,1.53955,0.005632,0.480852,0.05271,0,15613
0,13000,0.589126,1.53938,0.006159,0.491961,0.063172,0,17489
0,14000,0.614164,1.53748,0.006662,0.5032,0.07349,0,19336
0,15000,0.643757,1.5351,0.00715,0.51517,0.087738,0,21022
0,16000,0.675944,1.53493,0.007689,0.528472,0.103089,0,22827
0,17000,0.705555,1.53371,0.008223,0.54088,0.116899,0,24680
0,18000,0.730547,1.53315,0.008711,0.553077,0.126267,0,26476
0,19000,0.759635,1.53205,0.009222,0.565996,0.138904,0,28306
0,20000,0.810284,1.52969,0.009756,0.580026,0.172084,0,30137
0,21000,0.843491,1.52969,0.010285,0.594394,0.187508,0,31894
0,22000,0.873132,1.52907,0.010829,0.60881,0.199201,0,33746
0,23000,0.925563,1.52796,0.011748,0.624971,0.231442,0,35731
0,24000,0.959742,1.52796,0.012287,0.640741,0.246217,0,37700
0,25000,0.999312,1.52796,0.01285,0.657433,0.265406,0,39624
0,26000,1.03306,1.52796,0.013435,0.673601,0.279464,0,41432
0,27000,1.07387,1.52707,0.014002,0.691099,0.299137,0,43281
0,28000,1.1116,1.52707,0.014569,0.708468,0.315895,0,45160
0,29000,1.15282,1.52702,0.015128,0.725922,0.336031,0,46965
0,30000,1.18707,1.52702,0.015681,0.743838,0.348851,0,48796
0,31000,1.22403,1.52702,0.01623,0.762258,0.363733,0,50735
0,32000,1.27785,1.52538,0.016817,0.782932,0.392929,0,52756
0,33000,1.31663,1.52526,0.0174,0.802006,0.409079,0,54588
0,34000,1.36348,1.52524,0.017966,0.822003,0.432119,0,56493
0,35000,1.41517,1.52486,0.018539,0.842265,0.459978,0,58318
0,36000,1.50243,1.52384,0.019148,0.862389,0.52349,0,60150
0,37000,1.54271,1.52384,0.019737,0.883308,0.539042,0,62136
0,38000,1.59457,1.52265,0.020337,0.904256,0.566359,0,63898
0,39000,1.64866,1.52247,0.020952,0.926155,0.594685,0,65902
0,40000,1.68963,1.52247,0.021516,0.947998,0.609962,0,67849
0,41000,1.76935,1.52181,0.022099,0.968952,0.665209,0,69540
0,42000,1.81202,1.52181,0.022699,0.991494,0.681495,0,71491
0,43000,1.87472,1.52043,0.023287,1.0145,0.717332,0,73367
0,44000,1.91599,1.52042,0.023869,1.03683,0.732581,0,75226
0,45000,1.97427,1.52028,0.024471,1.06013,0.763721,0,77155
0,46000,2.01568,1.52027,0.025054,1.08303,0.778532,0,78902
0,47000,2.1832,1.52027,0.025663,1.11509,0.804277,0,80875
0,48000,2.26559,1.51939,0.026257,1.13919,0.858417,0,82816
0,49000,2.31558,1.51939,0.026899,1.16491,0.878481,0,84760
0,50000,2.3581,1.51939,0.027525,1.18878,0.893336,0,86541
0,51000,2.42392,1.51936,0.028121,1.21563,0.928213,0,88526
0,52000,2.47052,1.51936,0.028753,1.24219,0.944256,0,90392
0,53000,2.56518,1.51909,0.029361,1.26987,1.00695,0,92467
0,54000,2.65806,1.51806,0.030002,1.29758,1.0681,0,94402
0,55000,2.72851,1.518,0.030629,1.32458,1.10767,0,96173
0,56000,2.79052,1.518,0.031232,1.35213,1.13798,0,98156
0,57000,2.84754,1.51798,0.031854,1.37918,1.16415,0,99870
0,58000,2.89723,1.51798,0.032479,1.40625,1.18275,0,101781
0,59000,2.96729,1.51794,0.033091,1.4346,1.22051,0,103798
0,60000,3.04172,1.5179,0.033725,1.46206,1.2637,0,105671
0,61000,3.08971,1.5179,0.034377,1.48979,1.28009,0,107607
0,62000,3.13924,1.5179,0.035001,1.51751,1.29805,0,109535
0,63000,3.1961,1.5179,0.035613,1.54463,1.32403,0,111336
0,64000,3.24538,1.5179,0.036252,1.57226,1.34191,0,113158
0,65000,3.30166,1.5179,0.036882,1.5998,1.36698,0,114902
0,66000,3.36649,1.5179,0.037509,1.6284,1.39934,0,116872
0,67000,3.41767,1.51789,0.03816,1.65705,1.41799,0,118688
0,68000,3.46552,1.51789,0.038775,1.6847,1.4345,0,120473
0,69000,3.58679,1.51776,0.039409,1.71505,1.52133,0,122576
0,70000,3.63774,1.51776,0.040032,1.74403,1.53955,0,124479
0,71000,3.68482,1.51776,0.040662,1.77157,1.55535,0,126310
0,72000,3.7319,1.51776,0.041306,1.79843,1.5721,0,127940
0,73000,3.78198,1.51776,0.041941,1.82715,1.5897,0,129852
0,74000,3.83486,1.51776,0.04259,1.85666,1.60916,0,131776
0,75000,3.88575,1.51776,0.043251,1.8866,1.62632,0,133597
0,76000,3.94006,1.51776,0.043871,1.91677,1.64656,0,135625
0,77000,4.14468,1.51528,0.04453,1.94784,1.81606,0,137566
0,78000,4.19596,1.51528,0.045191,1.97767,1.83364,0,139467
0,79000,4.24655,1.51528,0.045853,2.00725,1.85081,0,141348
0,80000,4.29723,1.51528,0.046463,2.03655,1.86843,0,143179
0,81000,4.34947,1.51528,0.047132,2.0672,1.88605,0,145127
0,82000,4.40567,1.51528,0.047742,2.09918,1.90639,0,147155
0,83000,4.53796,1.51524,0.04841,2.12977,2.00416,0,149013
0,84000,4.62784,1.51523,0.049075,2.16,2.06007,0,150727
0,85000,4.68294,1.51523,0.049727,2.19093,2.08036,0,152552
0,86000,4.74923,1.51522,0.050359,2.22044,2.11347,0,154286
0,87000,4.80597,1.51522,0.051015,2.25226,2.13438,0,156240
0,88000,4.86029,1.51522,0.051673,2.28385,2.15308,0,158200
0,89000,4.96256,1.51513,0.052334,2.31622,2.21895,0,160146
0,90000,5.30334,1.51459,0.052989,2.35389,2.33836,0,161827
0,91000,5.35775,1.51459,0.05366,2.38626,2.35608,0,163720
0,92000,5.50279,1.51455,0.054335,2.42,2.46286,0,165629
0,93000,5.55646,1.51455,0.054994,2.45252,2.47988,0,167470
0,94000,5.6162,1.51455,0.055682,2.48807,2.49965,0,169537
0,95000,5.71807,1.51444,0.056362,2.51949,2.56629,0,171223
0,96000,5.77927,1.51444,0.057027,2.55431,2.58839,0,173307
0,97000,5.83412,1.51444,0.057664,2.58725,2.60625,0,175161
0,98000,5.89434,1.51444,0.058315,2.62273,2.62661,0,177149
0,99000,6.04998,1.5144,0.058986,2.65703,2.74381,0,179046
0,100000,6.1044,1.5144,0.059656,2.69013,2.76114,0,180804
1,1000,0.023264,inf,0.000447,0.005508,0.009447,0,773
1,2000,0.088274,inf,0.000903,0.063865,0.014134,0,1656
1,3000,0.099493,inf,0.001399,0.069783,0.017361,0,2753
1,4000,0.110588,inf,0.001901,0.07581,0.020412,0,3802
1,5000,0.122259,inf,0.002409,0.082116,0.023707,0,4857
1,6000,0.134314,inf,0.0029,0.088593,0.027179,0,6020
1,7000,0.146284,inf,0.003412,0.095019,0.030658,0,7126
1,8000,0.159096,inf,0.003901,0.101928,0.034435,0,8334
1,9000,0.172703,inf,0.004404,0.109187,0.038569,0,9551
1,10000,0.186675,inf,0.004892,0.116641,0.042929,0,10814
1,11000,0.201197,inf,0.005417,0.124351,0.0475,0,12066
1,12000,0.215736,inf,0.005893,0.132468,0.051799,0,13214
1,13000,0.229693,inf,0.00638,0.140091,0.056027,0,14319
1,14000,0.245358,inf,0.006862,0.148272,0.061253,0,15709
1,15000,0.261086,inf,0.007358,0.156475,0.066509,0,17048
1,16000,0.277685,1.57624,0.007821,0.163695,0.072393,0,18558
1,17000,0.296518,1.57136,0.00829,0.171608,0.080076,0,20180
1,18000,0.316271,1.56653,0.008769,0.18036,0.087638,0,21953
1,19000,0.337149,1.55901,0.009253,0.189524,0.09595,0,23824
1,20000,0.363843,1.54806,0.009762,0.200093,0.108534,0,25660
1,21000,0.389475,1.54786,0.010269,0.211021,0.119774,0,27532
1,22000,0.418874,1.54263,0.010784,0.22257,0.134088,0,29406
1,23000,0.449026,1.54129,0.011283,0.233638,0.149859,0,31191
1,24000,0.480807,1.54122,0.011815,0.246727,0.164802,0,33199
1,25000,0.520445,1.53955,0.012346,0.260914,0.186648,0,35131
1,26000,0.556866,1.53731,0.013063,0.274787,0.205424,0,37040
1,27000,0.589961,1.53731,0.013597,0.289343,0.220136,0,39115
1,28000,0.619179,1.53731,0.014114,0.302988,0.232134,0,40948
1,29000,0.648393,1.53731,0.014618,0.316532,0.244337,0,42747
1,30000,0.684599,1.53627,0.015117,0.331291,0.262133,0,44700
1,31000,0.717395,1.53627,0.015682,0.346797,0.275804,0,46611
1,32000,0.787573,1.53148,0.016253,0.36339,0.325706,0,48540
1,33000,0.827635,1.53126,0.016846,0.379647,0.345868,0,50461
1,34000,0.86772,1.53126,0.017398,0.39662,0.365235,0,52437
1,35000,0.921034,1.53051,0.01796,0.415439,0.39585,0,54344
1,36000,0.976185,1.53021,0.01856,0.433794,0.42886,0,56276
1,37000,1.02709,1.52379,0.019126,0.451311,0.45873,0,58053
1,38000,1.07902,1.52324,0.019744,0.469069,0.489023,0,60057
1,39000,1.12945,1.52239,0.020301,0.487273,0.51751,0,62001
1,40000,1.16829,1.52239,0.020902,0.506243,0.533654,0,63886
1,41000,1.20894,1.52239,0.021482,0.525509,0.55123,0,65868
1,42000,1.2591,1.52238,0.022069,0.544975,0.578026,0,67869
1,43000,1.30928,1.52226,0.022667,0.564403,0.604993,0,69806
1,44000,1.38002,1.52214,0.023226,0.582979,0.653447,0,71732
1,45000,1.43068,1.52213,0.023813,0.602712,0.680607,0,73680
1,46000,1.47115,1.52213,0.024386,0.62309,0.696795,0,75655
1,47000,1.51162,1.52213,0.024961,0.643409,0.713078,0,77671
1,48000,1.57162,1.52155,0.025563,0.664755,0.747812,0,79663
1,49000,1.6076,1.52155,0.026136,0.683295,0.761771,0,81429
1,50000,1.64785,1.52139,0.026706,0.703826,0.777583,0,83341
1,51000,1.723,1.52058,0.027312,0.724876,0.827931,0,85250
1,52000,1.7815,1.52049,0.027912,0.746874,0.86055,0,87193
1,53000,1.82178,1.52049,0.02848,0.767503,0.876443,0,89039
1,54000,1.86959,1.52044,0.029055,0.788931,0.89899,0,91058
1,55000,1.91269,1.52044,0.029679,0.810932,0.916171,0,93007
1,56000,1.99133,1.52037,0.030282,0.834018,0.9677,0,95108
1,57000,2.03289,1.52012,0.030893,0.85553,0.984023,0,96983
1,58000,2.07786,1.52012,0.031494,0.877687,1.00298,0,98954
1,59000,2.11892,1.52012,0.032071,0.899477,1.01861,0,100802
1,60000,2.16343,1.52012,0.032687,0.922704,1.03591,0,102822
1,61000,2.20783,1.52012,0.033286,0.945531,1.05367,0,104686
1,62000,2.29353,1.52001,0.033989,0.96896,1.11196,0,106563
1,63000,2.3337,1.52001,0.034574,0.990236,1.12723,0,108259
1,64000,2.40471,1.51771,0.03521,1.01425,1.17027,0,110286
1,65000,2.44801,1.51759,0.035787,1.03703,1.18695,0,112168
1,66000,2.4932,1.51759,0.036372,1.06076,1.20449,0,114165
1,67000,2.5617,1.51757,0.036971,1.08487,1.24492,0,116200
1,68000,2.60881,1.51757,0.037578,1.10877,1.26423,0,118162
1,69000,2.65694,1.51757,0.038184,1.13274,1.28452,0,120149
1,70000,2.70424,1.51757,0.038785,1.15761,1.30299,0,122167
1,71000,2.74769,1.51757,0.039411,1.18064,1.31959,0,124079
1,72000,2.79579,1.51757,0.040029,1.20503,1.33914,0,126094
1,73000,2.89837,1.51754,0.040685,1.23175,1.41064,0,128290
1,74000,2.95755,1.51707,0.041295,1.2565,1.44118,0,130269
1,75000,3.00134,1.51707,0.041915,1.27959,1.45821,0,132057
1,76000,3.04958,1.51707,0.042527,1.30482,1.47734,0,133970
1,77000,3.10051,1.51707,0.04315,1.33134,1.49773,0,136061
1,78000,3.15089,1.51707,0.043765,1.35532,1.52028,0,137935
1,79000,3.21187,1.51707,0.044402,1.38166,1.55079,0,140008
1,80000,3.27296,1.517,0.045016,1.40725,1.58234,0,141943
1,81000,3.32017,1.517,0.04564,1.43288,1.60001,0,143891
1,82000,3.36829,1.517,0.04624,1.45916,1.6179,0,145890
1,83000,3.41838,1.517,0.046842,1.48581,1.63737,0,147849
1,84000,3.53026,1.51672,0.047458,1.5132,1.71777,0,149785
1,85000,3.88382,1.51485,0.048108,1.54159,2.03882,0,151798
1,86000,3.96312,1.51485,0.048751,1.5679,2.08792,0,153670
1,87000,4.01407,1.51485,0.049362,1.59427,2.10851,0,155674
1,88000,4.06126,1.51485,0.049985,1.61976,2.12647,0,157490
1,89000,4.11289,1.51485,0.050646,1.64702,2.14678,0,159572
1,90000,4.17729,1.51485,0.0513,1.67392,2.18027,0,161399
1,91000,4.23272,1.51485,0.051967,1.70398,2.20143,0,163395
1,92000,4.28037,1.51485,0.052595,1.73038,2.21887,0,165139
1,93000,4.32742,1.51485,0.053235,1.75604,2.23645,0,166968
1,94000,4.37824,1.51485,0.053856,1.78276,2.25667,0,168918
1,95000,4.43174,1.51485,0.054441,1.81046,2.27857,0,170902
1,96000,4.51999,1.51483,0.055058,1.83744,2.33593,0,172716
1,97000,4.57519,1.51483,0.055659,1.86562,2.35886,0,174742
1,98000,4.62818,1.51483,0.056283,1.89355,2.37987,0,176828
1,99000,4.70291,1.51414,0.056885,1.9232,2.42076,0,178954
1,100000,4.76024,1.51414,0.057517,1.95214,2.44505,0,180969
2,1000,0.024303,inf,0.000442,0.007097,0.007171,0,710
2,2000,0.087954,inf,0.000917,0.064134,0.011965,0,1566
2,3000,0.098244,inf,0.001408,0.07003,0.014515,0,2441
2,4000,0.109317,inf,0.001881,0.07622,0.017451,0,3423
2,5000,0.121644,inf,0.002374,0.083148,0.020824,0,4521
2,6000,0.134717,inf,0.002872,0.090572,0.024383,0,5570
2,7000,0.148961,inf,0.003373,0.098539,0.0285,0,6744
2,8000,0.162502,inf,0.003858,0.106427,0.032174,0,7747
2,9000,0.176414,inf,0.004371,0.114639,0.035894,0,8786
2,10000,0.192395,inf,0.004898,0.123656,0.040556,0,10034
2,11000,0.207868,1.65112,0.005374,0.130891,0.045672,0,11404
2,12000,0.224498,1.59707,0.00582,0.138306,0.051611,0,13058
2,13000,0.242272,1.59024,0.006287,0.146306,0.05813,0,14825
2,14000,0.260653,1.56258,0.00677,0.154479,0.065249,0,16520
2,15000,0.282058,1.55876,0.007264,0.163637,0.074077,0,18368
2,16000,0.304804,1.55713,0.007723,0.173478,0.083707,0,20204
2,17000,0.333904,1.54858,0.008245,0.184128,0.098782,0,21931
2,18000,0.361752,1.54103,0.008769,0.195404,0.112059,0,23655
2,19000,0.386099,1.54093,0.009275,0.206747,0.121638,0,25490
2,20000,0.419926,1.54004,0.009799,0.219492,0.139296,0,27313
2,21000,0.446694,1.54004,0.010313,0.23224,0.149733,0,29257
2,22000,0.475161,1.53898,0.010819,0.245157,0.161936,0,30988
2,23000,0.510567,1.53341,0.011371,0.259559,0.179314,0,32852
2,24000,0.548444,1.53119,0.011909,0.273824,0.199424,0,34692
2,25000,0.580324,1.53025,0.012523,0.288616,0.212848,0,36560
2,26000,0.620327,1.52963,0.013085,0.304806,0.232968,0,38466
2,27000,0.657063,1.52937,0.01365,0.321013,0.249791,0,40288
2,28000,0.713994,1.52828,0.014222,0.337749,0.28644,0,42099
2,29000,0.784987,1.52666,0.014788,0.355088,0.336378,0,43978
2,30000,0.82099,1.52666,0.015353,0.372746,0.350932,0,45940
2,31000,0.893996,1.52554,0.015925,0.391047,0.401786,0,47856
2,32000,0.927894,1.52554,0.01649,0.407722,0.415563,0,49573
2,33000,0.964263,1.52554,0.017057,0.426018,0.429822,0,51499
2,34000,1.01398,1.52554,0.017638,0.445919,0.455714,0,53509
2,35000,1.06189,1.52542,0.018251,0.465421,0.4804,0,55378
2,36000,1.10927,1.52541,0.018851,0.484536,0.504926,0,57242
2,37000,1.15849,1.52395,0.019408,0.504145,0.530779,0,59109
2,38000,1.20393,1.52395,0.019981,0.524287,0.552314,0,61040
2,39000,1.27705,1.52358,0.020574,0.545044,0.60082,0,62925
2,40000,1.31746,1.52358,0.021161,0.565811,0.616712,0,64855
2,41000,1.39625,1.52298,0.021779,0.587235,0.670317,0,66649
2,42000,1.43817,1.52298,0.022357,0.607844,0.687975,0,68488
2,43000,1.47973,1.52298,0.022955,0.629824,0.703582,0,70523
2,44000,1.52013,1.52298,0.023564,0.651324,0.718645,0,72421
2,45000,1.56436,1.52298,0.024159,0.673281,0.737072,0,74241
2,46000,1.63286,1.52196,0.024761,0.695425,0.779744,0,76063
2,47000,1.67515,1.52196,0.025366,0.718341,0.795294,0,78033
2,48000,1.81622,1.5195,0.025968,0.742205,0.908475,0,80073
2,49000,1.88901,1.51894,0.026555,0.763926,0.955841,0,81865
2,50000,1.93725,1.51894,0.027126,0.788661,0.975276,0,83935
2,51000,1.98345,1.51894,0.027749,0.812638,0.99357,0,85863
2,52000,2.06133,1.51879,0.028376,0.836165,1.04404,0,87681
2,53000,2.10666,1.51879,0.029003,0.86071,1.06095,0,89656
2,54000,2.17557,1.51861,0.029652,0.885922,1.10082,0,91628
2,55000,2.22025,1.51861,0.03027,0.910642,1.11698,0,93471
2,56000,2.26809,1.51861,0.030919,0.936617,1.13486,0,95473
2,57000,2.33307,1.51815,0.031561,0.960853,1.17192,0,97184
2,58000,2.38537,1.51815,0.032172,0.986941,1.19397,0,99267
2,59000,2.55338,1.51733,0.032765,1.01195,1.33319,0,101177
2,60000,2.63862,1.51732,0.033384,1.03637,1.39031,0,102954
2,61000,2.68694,1.51732,0.034006,1.06218,1.40899,0,104919
2,62000,2.75641,1.51613,0.03465,1.08756,1.44931,0,106772
2,63000,2.84815,1.51604,0.035235,1.11295,1.51186,0,108566
2,64000,2.89589,1.51604,0.03584,1.13917,1.52942,0,110470
2,65000,2.95759,1.51603,0.03646,1.16548,1.56104,0,112278
2,66000,3.00866,1.51603,0.037085,1.19273,1.58088,0,114334
2,67000,3.06241,1.51603,0.037765,1.21911,1.60438,0,116133
2,68000,3.11548,1.51598,0.038438,1.24671,1.62579,0,118113
2,69000,3.18963,1.51594,0.039072,1.27382,1.66902,0,119974
2,70000,3.26582,1.51593,0.039707,1.30169,1.71339,0,121953
2,71000,3.31641,1.51593,0.040333,1.32965,1.73204,0,123881
2,72000,3.39075,1.51592,0.040966,1.35655,1.77557,0,125769
2,73000,3.49979,1.51588,0.041612,1.38517,1.85203,0,127735
2,74000,3.55291,1.51588,0.04224,1.41378,1.87253,0,129684
2,75000,3.60256,1.51588,0.042862,1.44107,1.89106,0,131543
2,76000,3.72759,1.5153,0.043506,1.47083,1.98206,0,133705
2,77000,3.78232,1.5153,0.044127,1.49991,2.00383,0,135651
2,78000,3.83336,1.5153,0.044751,1.52864,2.02219,0,137643
2,79000,3.89173,1.5153,0.045353,1.55842,2.04673,0,139792
2,80000,3.94519,1.5153,0.045993,1.58743,2.06721,0,141693
2,81000,3.99853,1.5153,0.04661,1.61676,2.08735,0,143464
2,82000,4.12564,1.5147,0.047248,1.64682,2.18035,0,145355
2,83000,4.17919,1.5147,0.047865,1.67632,2.20042,0,147289
2,84000,4.23161,1.5147,0.048548,1.70514,2.22015,0,149181
2,85000,4.28379,1.5147,0.049213,1.73526,2.2383,0,151086
2,86000,4.34035,1.5147,0.049878,1.76701,2.25897,0,153201
2,87000,4.39774,1.5147,0.050522,1.79852,2.28084,0,155107
2,88000,4.45082,1.5147,0.05116,1.82892,2.29964,0,156844
2,89000,4.5065,1.5147,0.051793,1.85978,2.32033,0,158888
2,90000,4.64037,1.51469,0.052457,1.8899,2.42011,0,160798
2,91000,4.69253,1.51469,0.05308,1.9202,2.43809,0,162698
2,92000,4.74519,1.51469,0.053735,1.95044,2.4566,0,164539
2,93000,4.83915,1.51469,0.054367,1.98103,2.51603,0,166428
2,94000,4.93494,1.51467,0.055031,2.01209,2.5766,0,168406
2,95000,5.00757,1.51467,0.055702,2.0435,2.61388,0,170194
2,96000,5.06337,1.51467,0.056355,2.07572,2.6335,0,172083
2,97000,5.20326,1.51465,0.057018,2.10797,2.7371,0,173930
2,98000,5.25871,1.51465,0.057684,2.14024,2.75633,0,175784
2,99000,5.31332,1.51465,0.058333,2.17131,2.77595,0,177637
2,100000,5.37185,1.51465,0.058974,2.204,2.79765,0,179777
3,1000,0.077279,inf,0.000482,0.059307,0.007351,0,709
3,2000,0.086616,inf,0.000942,0.064385,0.009695,0,1552
3,3000,0.09808,inf,0.001431,0.070453,0.012929,0,2685
3,4000,0.110652,inf,0.00191,0.076937,0.016767,0,3946
3,5000,0.122366,inf,0.002433,0.083018,0.020297,0,5155
3,6000,0.134413,inf,0.00291,0.089456,0.023835,0,6325
3,7000,0.147097,inf,0.003394,0.09621,0.027681,0,7514
3,8000,0.159998,inf,0.003886,0.103281,0.031448,0,8637
3,9000,0.173675,inf,0.004389,0.110776,0.035411,0,9836
3,10000,0.18661,inf,0.004883,0.117865,0.039206,0,10930
3,11000,0.200297,inf,0.005368,0.125258,0.043403,0,12128
3,12000,0.214381,inf,0.005857,0.132811,0.047809,0,13355
3,13000,0.231715,1.6019,0.006296,0.140202,0.0542,0,15004
3,14000,0.249768,1.57815,0.006797,0.148031,0.061194,0,16711
3,15000,0.268975,1.54591,0.007269,0.156477,0.06868,0,18472
3,16000,0.291004,1.54501,0.007752,0.166022,0.077745,0,20459
3,17000,0.313588,1.53336,0.008221,0.175618,0.087506,0,22207
3,18000,0.335513,1.53281,0.008693,0.185622,0.09618,0,23923
3,19000,0.357756,1.53263,0.009162,0.195588,0.105355,0,25567
3,20000,0.385934,1.53231,0.00966,0.207385,0.118286,0,27344
3,21000,0.415577,1.5316,0.010219,0.22017,0.131463,0,29308
3,22000,0.442487,1.5316,0.010758,0.232642,0.142423,0,31208
3,23000,0.469726,1.5316,0.011296,0.245645,0.153169,0,32999
3,24000,0.498932,1.5316,0.011842,0.259242,0.165289,0,34846
3,25000,0.528787,1.5316,0.012696,0.273418,0.177212,0,36663
3,26000,0.558485,1.5316,0.01324,0.288042,0.188739,0,38492
3,27000,0.607359,1.53148,0.013803,0.305152,0.216632,0,40577
3,28000,0.655514,1.52903,0.01434,0.320953,0.245434,0,42412
3,29000,0.69707,1.52827,0.014886,0.337685,0.266573,0,44363
3,30000,0.729739,1.52827,0.015437,0.353924,0.279493,0,46143
3,31000,0.784815,1.52617,0.016019,0.371325,0.313506,0,47968
3,32000,0.834377,1.52431,0.016574,0.388804,0.34193,0,49814
3,33000,0.884999,1.52429,0.017129,0.407506,0.369998,0,51740
3,34000,0.921307,1.52429,0.017677,0.425826,0.384365,0,53588
3,35000,0.959186,1.52429,0.018256,0.444369,0.399897,0,55526
3,36000,1.01187,1.52428,0.018849,0.464754,0.428249,0,57559
3,37000,1.06723,1.52395,0.01944,0.48402,0.460748,0,59342
3,38000,1.12285,1.52393,0.020022,0.505154,0.491394,0,61256
3,39000,1.16645,1.52393,0.020633,0.525915,0.510475,0,63198
3,40000,1.23004,1.52379,0.021258,0.547829,0.548391,0,65104
3,41000,1.28308,1.52378,0.02188,0.569678,0.575658,0,67095
3,42000,1.38658,1.52201,0.022473,0.590727,0.654447,0,68846
3,43000,1.43102,1.52201,0.023108,0.614085,0.671551,0,70782
3,44000,1.48614,1.52175,0.023714,0.636216,0.700851,0,72722
3,45000,1.53312,1.52175,0.024335,0.660101,0.72016,0,74556
3,46000,1.60664,1.52167,0.024941,0.683727,0.766192,0,76495
3,47000,1.65262,1.52167,0.025589,0.707214,0.784703,0,78511
3,48000,1.69414,1.52167,0.026196,0.729362,0.800372,0,80423
3,49000,1.74106,1.52167,0.026831,0.753221,0.819357,0,82454
3,50000,1.81685,1.52154,0.027429,0.775472,0.869325,0,84190
3,51000,1.87395,1.52153,0.028059,0.798331,0.899878,0,85939
3,52000,1.9837,1.52056,0.028717,0.823313,0.980677,0,87818
3,53000,2.03458,1.52056,0.029313,0.846981,1.00407,0,89741
3,54000,2.11421,1.52032,0.029916,0.870894,1.05594,0,91638
3,55000,2.19833,1.5202,0.030528,0.894742,1.11257,0,93442
3,56000,2.31586,1.51993,0.031128,0.919607,1.20124,0,95464
3,57000,2.36192,1.51993,0.031746,0.944083,1.21888,0,97471
3,58000,2.40928,1.51993,0.032354,0.969668,1.23662,0,99441
3,59000,2.45446,1.51993,0.032964,0.994318,1.25333,0,101313
3,60000,2.50377,1.51907,0.033578,1.01769,1.27559,0,103100
3,61000,2.56232,1.5179,0.034197,1.04297,1.30495,0,104988
3,62000,2.68804,1.5173,0.034813,1.06933,1.40036,0,107063
3,63000,2.77586,1.51726,0.035416,1.09452,1.45922,0,108876
3,64000,2.8429,1.51725,0.036033,1.1199,1.49712,0,110747
3,65000,2.91512,1.51715,0.036649,1.14676,1.53846,0,112761
3,66000,2.96881,1.5171,0.037274,1.17187,1.56322,0,114551
3,67000,3.0445,1.51704,0.037883,1.19944,1.60716,0,116629
3,68000,3.14477,1.51626,0.038529,1.22541,1.67765,0,118499
3,69000,3.19232,1.51626,0.039141,1.25095,1.69582,0,120364
3,70000,3.25344,1.51625,0.03977,1.27875,1.72508,0,122382
3,71000,3.31408,1.51577,0.040411,1.306,1.75457,0,124207
3,72000,3.45032,1.51546,0.041065,1.33442,1.85847,0,126262
3,73000,3.55554,1.51481,0.041664,1.36194,1.93211,0,128273
3,74000,3.63471,1.5148,0.042309,1.39059,1.97846,0,130317
3,75000,3.69103,1.5148,0.042966,1.42441,1.9959,0,132124
3,76000,3.74113,1.5148,0.04358,1.45175,2.01471,0,134031
3,77000,3.78948,1.5148,0.044208,1.47844,2.03265,0,135824
3,78000,3.83552,1.5148,0.044821,1.50444,2.04909,0,137493
3,79000,3.91369,1.5148,0.045465,1.53224,2.09546,0,139476
3,80000,3.96521,1.5148,0.046083,1.56071,2.11452,0,141454
3,81000,4.0283,1.51479,0.046731,1.58967,2.14469,0,143363
3,82000,4.07625,1.51479,0.04736,1.61643,2.16223,0,145162
3,83000,4.15368,1.51477,0.048,1.64318,2.20924,0,146823
3,84000,4.20545,1.51477,0.048629,1.6719,2.22823,0,148747
3,85000,4.29522,1.51472,0.049294,1.70232,2.28348,0,150741
3,86000,4.39448,1.51466,0.049947,1.73295,2.34805,0,152717
3,87000,4.44887,1.51466,0.050599,1.76266,2.36875,0,154636
3,88000,4.50269,1.51466,0.051227,1.79255,2.38863,0,156641
3,89000,4.55391,1.51466,0.051894,1.82171,2.40678,0,158616
3,90000,4.60741,1.51466,0.052572,1.85154,2.42652,0,160532
3,91000,4.66036,1.51466,0.053197,1.88149,2.44543,0,162493
3,92000,4.71961,1.51466,0.053834,1.91284,2.46918,0,164563
3,93000,4.81364,1.51442,0.054465,1.9435,2.52863,0,166525
3,94000,4.86253,1.51442,0.055082,1.9717,2.54565,0,168242
3,95000,4.96,1.51411,0.055685,2.00217,2.60864,0,170166
3,96000,5.0182,1.51411,0.056333,2.03417,2.63058,0,172246
3,97000,5.07323,1.51411,0.056959,2.06452,2.65129,0,174189
3,98000,5.13061,1.51411,0.057588,2.09483,2.67437,0,176127
3,99000,5.32236,1.5138,0.058262,2.12733,2.82948,0,178045
3,100000,5.37969,1.5138,0.058952,2.15922,2.85094,0,179968
4,1000,0.024272,inf,0.000437,0.006125,0.012526,0,739
4,2000,0.090671,inf,0.000892,0.065109,0.017946,0,1716
4,3000,0.101667,inf,0.001401,0.071206,0.020886,0,2712
4,4000,0.113532,inf,0.001902,0.077842,0.024168,0,3704
4,5000,0.125914,inf,0.002385,0.084837,0.027574,0,4735
4,6000,0.139083,inf,0.0029,0.091866,0.031618,0,5765
4,7000,0.151966,inf,0.00342,0.098963,0.035389,0,6864
4,8000,0.166231,inf,0.003906,0.106592,0.039907,0,8004
4,9000,0.17988,inf,0.004403,0.114111,0.043969,0,9094
4,10000,0.193527,1.6235,0.0049,0.120987,0.048216,0,10171
4,11000,0.21031,1.59165,0.00538,0.127935,0.054789,0,11802
4,12000,0.229841,1.55791,0.005818,0.136244,0.062635,0,13624
4,13000,0.252528,1.54666,0.006296,0.145474,0.072601,0,15572
4,14000,0.274513,1.53939,0.006783,0.153967,0.08295,0,17248
4,15000,0.294351,1.53917,0.007252,0.163029,0.090446,0,18933
4,16000,0.318357,1.5364,0.007699,0.172723,0.10168,0,20656
4,17000,0.346345,1.53237,0.008185,0.183614,0.115496,0,22422
4,18000,0.378854,1.52902,0.008697,0.195083,0.133238,0,24041
4,19000,0.407832,1.52899,0.009181,0.20729,0.146486,0,25946
4,20000,0.434104,1.52866,0.009689,0.219473,0.157058,0,27755
4,21000,0.459513,1.52866,0.010186,0.231653,0.166886,0,29550
4,22000,0.492369,1.5275,0.010763,0.24584,0.181882,0,31356
4,23000,0.524925,1.52724,0.011288,0.261345,0.19522,0,33306
4,24000,0.566141,1.52495,0.011897,0.277096,0.216966,0,35221
4,25000,0.615215,1.5234,0.012486,0.294861,0.244447,0,37083
4,26000,0.649866,1.5234,0.013074,0.312009,0.258162,0,39014
4,27000,0.691446,1.52325,0.013628,0.329901,0.2781,0,40926
4,28000,0.726237,1.52325,0.014206,0.347672,0.291435,0,42791
4,29000,0.763486,1.52325,0.014762,0.366223,0.306262,0,44840
4,30000,0.821759,1.52292,0.015357,0.385208,0.341694,0,46818
4,31000,0.882134,1.52283,0.015957,0.404591,0.378882,0,48703
4,32000,0.919104,1.52283,0.016519,0.423737,0.393008,0,50564
4,33000,0.968643,1.52211,0.017095,0.444723,0.417603,0,52510
4,34000,1.0173,1.52172,0.017649,0.464704,0.442427,0,54347
4,35000,1.06449,1.52144,0.018238,0.484587,0.466085,0,56208
4,36000,1.12457,1.52132,0.018826,0.505803,0.501154,0,58095
4,37000,1.21602,1.52081,0.019424,0.527122,0.567435,0,59953
4,38000,1.26549,1.52042,0.020017,0.547653,0.592629,0,61806
4,39000,1.30342,1.52042,0.020603,0.567657,0.606848,0,63572
4,40000,1.34202,1.52042,0.021189,0.587642,0.621767,0,65459
4,41000,1.38281,1.52042,0.021762,0.608573,0.637845,0,67382
4,42000,1.42272,1.52042,0.022358,0.629937,0.652634,0,69231
4,43000,1.50208,1.52013,0.022945,0.65146,0.706749,0,71041
4,44000,1.54489,1.52013,0.023546,0.673937,0.723121,0,72978
4,45000,1.67036,1.51604,0.024149,0.696698,0.821983,0,74852
4,46000,1.71325,1.51604,0.024782,0.71908,0.838762,0,76654
4,47000,1.75463,1.51604,0.025376,0.741582,0.853995,0,78387
4,48000,1.79961,1.51604,0.025989,0.764426,0.872308,0,80239
4,49000,1.84466,1.51593,0.02659,0.788202,0.889615,0,82177
4,50000,1.92035,1.5148,0.027175,0.810427,0.939587,0,83742
4,51000,1.96255,1.5148,0.027778,0.833206,0.955309,0,85569
4,52000,2.00581,1.5148,0.028367,0.856,0.97203,0,87354
4,53000,2.05069,1.5148,0.02899,0.880087,0.989014,0,89269
4,54000,2.10218,1.5148,0.029605,0.904854,1.0118,0,91216
4,55000,2.19134,1.51452,0.030206,0.929398,1.07262,0,93033
4,56000,2.24743,1.51446,0.030856,0.955554,1.09857,0,94906
4,57000,2.29685,1.51446,0.031457,0.982166,1.11732,0,96970
4,58000,2.34153,1.51446,0.032065,1.00682,1.13369,0,98768
4,59000,2.40136,1.51446,0.032674,1.03366,1.16255,0,100887
4,60000,2.44744,1.51446,0.033305,1.05897,1.17949,0,102729
4,61000,2.50136,1.5144,0.033916,1.08533,1.20314,0,104568
4,62000,2.54832,1.5144,0.034544,1.11045,1.22113,0,106439
4,63000,2.5981,1.5144,0.035166,1.13702,1.24029,0,108417
4,64000,2.65215,1.5144,0.035773,1.16344,1.26403,0,110380
4,65000,2.70695,1.5144,0.036376,1.19032,1.28816,0,112307
4,66000,2.76261,1.5144,0.036998,1.21627,1.31404,0,114204
4,67000,2.81126,1.5144,0.037608,1.24242,1.33262,0,116203
4,68000,2.91667,1.51275,0.038242,1.27015,1.40628,0,118166
4,69000,2.99112,1.51269,0.038857,1.29695,1.45006,0,120051
4,70000,3.04225,1.51269,0.039472,1.32407,1.47028,0,121906
4,71000,3.10361,1.51269,0.040108,1.35289,1.49884,0,123862
4,72000,3.1541,1.51269,0.040721,1.37995,1.51834,0,125773
4,73000,3.23341,1.51197,0.041346,1.40765,1.56597,0,127695
4,74000,3.28386,1.51197,0.041969,1.43556,1.58464,0,129632
4,75000,3.34978,1.51196,0.042591,1.46428,1.6179,0,131582
4,76000,3.40578,1.51196,0.04321,1.49394,1.64002,0,133719
4,77000,3.55492,1.51188,0.043852,1.52338,1.75569,0,135663
4,78000,3.60825,1.51188,0.044471,1.55129,1.77732,0,137542
4,79000,3.65645,1.51188,0.04512,1.57891,1.79415,0,139333
4,80000,3.7098,1.51188,0.045754,1.60743,1.81499,0,141287
4,81000,3.76513,1.51182,0.046362,1.63641,1.83732,0,143206
4,82000,3.83864,1.5118,0.047008,1.66365,1.87976,0,145025
4,83000,3.89249,1.5118,0.047649,1.69322,1.90004,0,146958
4,84000,3.94753,1.5118,0.048289,1.72335,1.9209,0,148936
4,85000,4.00131,1.5118,0.048929,1.75296,1.94093,0,150976
4,86000,4.05517,1.5118,0.049601,1.7824,1.96135,0,152908
4,87000,4.10796,1.5118,0.050227,1.81129,1.98121,0,154924
4,88000,4.16478,1.5118,0.050877,1.84112,2.00428,0,156838
4,89000,4.22427,1.5118,0.051521,1.87169,2.02924,0,158744
4,90000,4.27816,1.5118,0.052174,1.90132,2.0495,0,160613
4,91000,4.32826,1.5118,0.052792,1.93,2.06718,0,162424
4,92000,4.38009,1.5118,0.053415,1.95968,2.08542,0,164372
4,93000,4.43248,1.5118,0.054067,1.98904,2.10457,0,166179
4,94000,4.53068,1.51061,0.054709,2.01983,2.16781,0,168190
4,95000,4.58497,1.51061,0.055362,2.05057,2.18725,0,170164
4,96000,4.63663,1.51061,0.055969,2.0802,2.20544,0,171995
4,97000,4.85446,1.51046,0.05664,2.11178,2.38779,0,173790
4,98000,4.91092,1.51045,0.057276,2.14322,2.40879,0,175722
4,99000,5.00639,1.51045,0.057928,2.17389,2.46964,0,177532
4,100000,5.06363,1.51045,0.058573,2.20487,2.49191,0,179466
5,1000,0.080419,inf,0.000506,0.06041,0.011335,0,706
5,2000,0.090369,inf,0.000983,0.065882,0.01381,0,1536
5,3000,0.101116,inf,0.001484,0.071976,0.016535,0,2464
5,4000,0.112319,inf,0.001993,0.078425,0.019332,0,3345
5,5000,0.12477,inf,0.002487,0.085655,0.022521,0,4347
5,6000,0.137339,inf,0.003004,0.09318,0.025607,0,5329
5,7000,0.150785,inf,0.003523,0.101232,0.028981,0,6375
5,8000,0.163941,inf,0.004043,0.10929,0.032163,0,7323
5,9000,0.178432,inf,0.004549,0.117817,0.036002,0,8455
5,10000,0.193052,inf,0.005091,0.126634,0.03981,0,9527
5,11000,0.209489,inf,0.005642,0.136223,0.04444,0,10747
5,12000,0.22457,inf,0.00616,0.145556,0.048193,0,11736
5,13000,0.240685,inf,0.006687,0.155175,0.05262,0,12863
5,14000,0.256811,inf,0.007174,0.164301,0.057416,0,14120
5,15000,0.27216,inf,0.007683,0.17294,0.06193,0,15259
5,16000,0.289235,1.63456,0.008139,0.181101,0.067698,0,16656
5,17000,0.307811,1.58854,0.008608,0.189161,0.074833,0,18425
5,18000,0.328329,1.5782,0.009085,0.198004,0.083134,0,20276
5,19000,0.351701,1.56739,0.009589,0.207686,0.093462,0,22018
5,20000,0.374654,1.55702,0.010059,0.217578,0.103296,0,23721
5,21000,0.403963,1.55054,0.010552,0.228647,0.118241,0,25512
5,22000,0.429933,1.54985,0.011051,0.240229,0.129352,0,27199
5,23000,0.457856,1.54787,0.01159,0.252944,0.141045,0,29098
5,24000,0.488997,1.54654,0.012105,0.266199,0.155498,0,30854
5,25000,0.526307,1.54614,0.012633,0.282009,0.173378,0,32724
5,26000,0.56655,1.54034,0.013192,0.298392,0.193605,0,34551
5,27000,0.604103,1.54026,0.013903,0.313783,0.211909,0,36491
5,28000,0.635908,1.54026,0.014465,0.328699,0.225352,0,38260
5,29000,0.675101,1.53969,0.015032,0.34469,0.245074,0,40053
5,30000,0.740495,1.53611,0.015611,0.362668,0.288632,0,42030
5,31000,0.782945,1.53218,0.016198,0.381219,0.308757,0,43937
5,32000,0.823612,1.53208,0.016765,0.398706,0.328167,0,45814
5,33000,0.856686,1.53208,0.017316,0.415771,0.340613,0,47582
5,34000,0.909236,1.52923,0.017917,0.434861,0.370138,0,49571
5,35000,0.947415,1.52923,0.018475,0.452437,0.38723,0,51329
5,36000,0.985162,1.52923,0.019033,0.471654,0.401969,0,53212
5,37000,1.02939,1.52872,0.019618,0.490294,0.423828,0,55073
5,38000,1.07945,1.52852,0.020215,0.509929,0.450458,0,56968
5,39000,1.11763,1.52852,0.020776,0.529756,0.465137,0,58746
5,40000,1.16522,1.52812,0.021329,0.549749,0.489063,0,60597
5,41000,1.2272,1.52745,0.021923,0.571694,0.525231,0,62487
5,42000,1.26909,1.52744,0.022522,0.592038,0.543086,0,64351
5,43000,1.3312,1.52722,0.0231,0.614312,0.578933,0,66362
5,44000,1.37302,1.5272,0.023725,0.635488,0.595803,0,68224
5,45000,1.41378,1.5272,0.024304,0.65719,0.611038,0,70214
5,46000,1.46545,1.52715,0.024917,0.678513,0.637564,0,72044
5,47000,1.53152,1.52632,0.025524,0.700881,0.677493,0,73887
5,48000,1.61961,1.52452,0.026127,0.724064,0.738548,0,75832
5,49000,1.70556,1.52288,0.026709,0.747625,0.797088,0,77737
5,50000,1.79009,1.52248,0.027311,0.771511,0.85382,0,79649
5,51000,1.84498,1.52239,0.027914,0.79526,0.880966,0,81645
5,52000,1.9195,1.52188,0.028519,0.81954,0.927264,0,83632
5,53000,1.96236,1.52188,0.029116,0.843039,0.94285,0,85494
5,54000,2.02162,1.52181,0.029751,0.866818,0.974526,0,87312
5,55000,2.11607,1.52138,0.030379,0.891854,1.03992,0,89250
5,56000,2.17899,1.52122,0.030994,0.916832,1.07389,0,91226
5,57000,2.24109,1.52121,0.031596,0.941692,1.10717,0,93165
5,58000,2.30487,1.52087,0.032211,0.966592,1.14217,0,95090
5,59000,2.35041,1.52087,0.032811,0.991154,1.1594,0,96903
5,60000,2.40347,1.52087,0.033447,1.02156,1.17709,0,98649
5,61000,2.4628,1.52087,0.03409,1.05193,1.20203,0,100489
5,62000,2.50831,1.52087,0.03472,1.07704,1.21854,0,102399
5,63000,2.55724,1.52087,0.03533,1.10311,1.23742,0,104436
5,64000,2.60498,1.52067,0.035944,1.12912,1.25523,0,106324
5,65000,2.65335,1.52067,0.036547,1.15547,1.27324,0,108279
5,66000,2.69816,1.52067,0.037162,1.18094,1.28881,0,110114
5,67000,2.75074,1.52067,0.037781,1.209,1.30925,0,112163
5,68000,2.79855,1.52067,0.038374,1.23581,1.32634,0,114059
5,69000,2.84778,1.52067,0.038975,1.26291,1.34453,0,115986
5,70000,2.90413,1.52061,0.039591,1.2895,1.37038,0,117881
5,71000,2.96305,1.52061,0.040247,1.31735,1.39758,0,119768
5,72000,3.03369,1.52061,0.040896,1.34503,1.43661,0,121572
5,73000,3.08184,1.52061,0.041554,1.37263,1.45338,0,123479
5,74000,3.19997,1.52052,0.042197,1.40234,1.53774,0,125409
5,75000,3.25467,1.52047,0.042863,1.43256,1.55809,0,127514
5,76000,3.3044,1.52047,0.043517,1.46013,1.57633,0,129458
5,77000,3.35951,1.52047,0.044148,1.48906,1.59842,0,131506
5,78000,3.42357,1.52047,0.044791,1.51759,1.62998,0,133391
5,79000,3.47452,1.52047,0.045421,1.54648,1.64813,0,135310
5,80000,3.52597,1.52047,0.046036,1.57606,1.66601,0,137272
5,81000,3.64982,1.51987,0.046668,1.6054,1.75665,0,139136
5,82000,3.70032,1.51987,0.047326,1.63457,1.77414,0,140917
5,83000,3.75285,1.51985,0.047973,1.66342,1.79398,0,142853
5,84000,3.93902,1.51951,0.048618,1.69553,1.94377,0,144922
5,85000,3.99264,1.51938,0.049278,1.72588,1.96301,0,146749
5,86000,4.12308,1.51785,0.049934,1.75886,2.05626,0,148787
5,87000,4.18,1.51785,0.050582,1.79109,2.07679,0,150760
5,88000,4.23504,1.51785,0.051232,1.82297,2.09587,0,152775
5,89000,4.29059,1.51785,0.051898,1.85365,2.11668,0,154708
5,90000,4.36289,1.51768,0.05254,1.88401,2.15473,0,156599
5,91000,4.41519,1.51768,0.053158,1.91378,2.17336,0,158510
5,92000,4.46543,1.51768,0.053787,1.94237,2.19115,0,160276
5,93000,4.52124,1.51768,0.054451,1.97519,2.21019,0,162190
5,94000,4.59298,1.51768,0.055113,2.00674,2.24645,0,164047
5,95000,4.65083,1.51768,0.055764,2.04094,2.26603,0,165971
5,96000,4.80156,1.51378,0.056406,2.07426,2.37934,0,167934
5,97000,4.85923,1.51378,0.057049,2.10735,2.39977,0,169973
5,98000,4.91417,1.51378,0.057691,2.13903,2.41912,0,171860
5,99000,5.1734,1.51361,0.058341,2.17131,2.6419,0,173793
5,100000,5.2297,1.51356,0.059002,2.20246,2.66317,0,175628
6,1000,0.023231,inf,0.000431,0.006516,0.00817,0,795
6,2000,0.084794,inf,0.000912,0.060639,0.013493,0,1872
6,3000,0.095958,inf,0.001374,0.066562,0.01661,0,2954
6,4000,0.107643,inf,0.001875,0.072982,0.019778,0,4059
6,5000,0.120115,inf,0.002364,0.079938,0.023223,0,5156
6,6000,0.133438,inf,0.002867,0.087049,0.027226,0,6346
6,7000,0.148188,1.5808,0.003289,0.093615,0.032103,0,7911
6,8000,0.164054,1.55831,0.003728,0.100626,0.037782,0,9654
6,9000,0.179954,1.5582,0.004202,0.107963,0.043361,0,11284
6,10000,0.199087,1.54777,0.004666,0.1159,0.051447,0,13028
6,11000,0.218849,1.54467,0.005124,0.124698,0.059041,0,14972
6,12000,0.241749,1.53706,0.005613,0.134103,0.069108,0,16918
6,13000,0.263481,1.53706,0.006113,0.143855,0.077637,0,18846
6,14000,0.293253,1.531,0.006593,0.154544,0.093355,0,20626
6,15000,0.317053,1.53094,0.007125,0.165112,0.103326,0,22345
6,16000,0.340433,1.53094,0.007649,0.176363,0.112031,0,24161
6,17000,0.374754,1.52849,0.008184,0.188592,0.130701,0,25956
6,18000,0.400277,1.52846,0.008687,0.200778,0.140636,0,27788
6,19000,0.433082,1.52751,0.009202,0.214332,0.156254,0,29736
6,20000,0.493558,1.52523,0.009724,0.229183,0.198255,0,31647
6,21000,0.522091,1.52523,0.010253,0.242785,0.209632,0,33550
6,22000,0.557094,1.52427,0.01084,0.256905,0.227099,0,35262
6,23000,0.587818,1.52427,0.011366,0.271449,0.239908,0,36978
6,24000,0.620516,1.52402,0.011933,0.287241,0.253189,0,38902
6,25000,0.659889,1.52395,0.012477,0.303893,0.272094,0,40820
6,26000,0.692012,1.52395,0.013014,0.319965,0.28461,0,42745
6,27000,0.747203,1.52332,0.013563,0.336113,0.320103,0,44612
6,28000,0.789514,1.52238,0.014138,0.353857,0.340865,0,46606
6,29000,0.824426,1.52238,0.01473,0.371453,0.354588,0,48477
6,30000,0.860286,1.52225,0.015285,0.389036,0.369156,0,50366
6,31000,0.901243,1.52225,0.015859,0.407673,0.38775,0,52372
6,32000,0.9356,1.52225,0.016404,0.425024,0.401295,0,54067
6,33000,0.970627,1.52225,0.016956,0.443571,0.41421,0,55883
6,34000,1.02042,1.52167,0.017509,0.463237,0.44059,0,57805
6,35000,1.06156,1.52167,0.018091,0.48265,0.458583,0,59794
6,36000,1.09885,1.52167,0.018649,0.50175,0.473086,0,61728
6,37000,1.13729,1.52167,0.0192,0.521217,0.488475,0,63531
6,38000,1.19517,1.52101,0.019815,0.541677,0.522214,0,65403
6,39000,1.2365,1.52101,0.020401,0.562524,0.538828,0,67439
6,40000,1.27573,1.52101,0.020967,0.583,0.553706,0,69348
6,41000,1.31747,1.52101,0.021569,0.604388,0.570128,0,71362
6,42000,1.36782,1.51993,0.022199,0.626565,0.594441,0,73277
6,43000,1.40777,1.51993,0.022788,0.647249,0.609914,0,75134
6,44000,1.46062,1.51992,0.023399,0.669687,0.636437,0,77107
6,45000,1.5046,1.51992,0.023975,0.692263,0.653918,0,79208
6,46000,1.59992,1.51921,0.024567,0.714629,0.723051,0,81229
6,47000,1.66268,1.51917,0.025176,0.738574,0.757927,0,83194
6,48000,1.73944,1.51909,0.025804,0.760903,0.808627,0,85144
6,49000,1.78254,1.51909,0.026407,0.783497,0.825337,0,87019
6,50000,1.84496,1.51908,0.026986,0.806669,0.860635,0,89016
6,51000,1.89872,1.51906,0.027568,0.830544,0.886637,0,91079
6,52000,1.94526,1.51906,0.028169,0.85431,0.90549,0,93027
6,53000,1.99809,1.51906,0.028756,0.875759,0.933362,0,94603
6,54000,2.09433,1.51775,0.029364,0.900058,1.00141,0,96548
6,55000,2.15275,1.51775,0.029994,0.926474,1.02949,0,98534
6,56000,2.21259,1.51775,0.03059,0.952741,1.0589,0,100734
6,57000,2.26707,1.51771,0.031188,0.976391,1.08588,0,102708
6,58000,2.31873,1.51768,0.031813,1.00052,1.10967,0,104531
6,59000,2.36321,1.51768,0.03242,1.02424,1.12668,0,106356
6,60000,2.45977,1.51759,0.033015,1.04878,1.19499,0,108206
6,61000,2.51853,1.51757,0.033649,1.07507,1.22334,0,110322
6,62000,2.56562,1.51757,0.03426,1.10034,1.24129,0,112274
6,63000,2.61258,1.51757,0.034836,1.12557,1.25917,0,114210
6,64000,2.70004,1.51747,0.035454,1.15136,1.317,0,116087
6,65000,2.74659,1.51747,0.036103,1.17673,1.33427,0,117897
6,66000,2.7956,1.51747,0.036729,1.20291,1.35312,0,119916
6,67000,2.84481,1.51746,0.037352,1.22892,1.37253,0,121811
6,68000,2.89294,1.51732,0.037976,1.25435,1.39146,0,123596
6,69000,2.942,1.51732,0.038587,1.2808,1.41016,0,125619
6,70000,3.05583,1.51508,0.039187,1.30881,1.49198,0,127576
6,71000,3.10178,1.51508,0.039818,1.33367,1.50929,0,129348
6,72000,3.14892,1.51508,0.040398,1.35874,1.52761,0,131162
6,73000,3.20108,1.51508,0.04102,1.38577,1.54875,0,133196
6,74000,3.25616,1.51507,0.041653,1.41427,1.57123,0,135256
6,75000,3.3059,1.51507,0.042262,1.44184,1.58949,0,137238
6,76000,3.35593,1.51507,0.042866,1.46948,1.60798,0,139122
6,77000,3.40703,1.51505,0.043456,1.49732,1.62734,0,141103
6,78000,3.45886,1.51505,0.044079,1.52593,1.64659,0,143100
6,79000,3.51086,1.51505,0.044681,1.5545,1.66598,0,145050
6,80000,3.60835,1.51503,0.045342,1.58202,1.73213,0,146912
6,81000,3.66179,1.51503,0.04597,1.611,1.75242,0,149027
6,82000,3.71406,1.51501,0.046614,1.63969,1.77209,0,150881
6,83000,3.76749,1.51501,0.04724,1.66896,1.79223,0,152944
6,84000,3.98741,1.5134,0.047858,1.69697,1.98026,0,154857
6,85000,4.12589,1.51338,0.048471,1.72585,2.08576,0,156873
6,86000,4.22295,1.51327,0.049112,1.75431,2.15049,0,158795
6,87000,4.28896,1.51327,0.049755,1.78318,2.18359,0,160779
6,88000,4.57763,1.51196,0.050409,1.81269,2.4388,0,162678
6,89000,4.68924,1.51173,0.051061,1.84148,2.51767,0,164621
6,90000,4.75703,1.51173,0.051724,1.86943,2.55355,0,166562
6,91000,4.81339,1.51173,0.05237,1.89914,2.57623,0,168511
6,92000,4.86812,1.51172,0.052985,1.92972,2.59633,0,170610
6,93000,4.92122,1.51172,0.0536,1.95998,2.61507,0,172613
6,94000,4.97108,1.51172,0.05425,1.98809,2.63292,0,174468
6,95000,5.0251,1.51172,0.054883,2.01782,2.65322,0,176453
6,96000,5.08147,1.51172,0.055507,2.04819,2.67526,0,178363
6,97000,5.1334,1.51172,0.056109,2.07683,2.69462,0,180351
6,98000,5.18664,1.51169,0.056737,2.10657,2.71414,0,182322
6,99000,5.23742,1.51169,0.057373,2.13543,2.73226,0,184164
6,100000,5.29003,1.51169,0.057982,2.16521,2.75099,0,186143
7,1000,0.080188,inf,0.000484,0.058592,0.012821,0,823
7,2000,0.089466,inf,0.000924,0.063415,0.015368,0,1777
7,3000,0.09955,inf,0.001376,0.068829,0.018131,0,2765
7,4000,0.110644,inf,0.001844,0.074728,0.021365,0,3839
7,5000,0.122555,1.6202,0.002295,0.08072,0.024794,0,5010
7,6000,0.13607,1.55721,0.002752,0.086829,0.029148,0,6546
7,7000,0.152302,1.5563,0.003205,0.094132,0.034898,0,8341
7,8000,0.168421,1.556,0.003659,0.101752,0.040444,0,9949
7,9000,0.188148,1.5517,0.004104,0.110096,0.048602,0,11839
7,10000,0.209498,1.5477,0.004532,0.119008,0.057786,0,13617
7,11000,0.232956,1.54493,0.005018,0.128417,0.068651,0,15316
7,12000,0.261824,1.53736,0.005521,0.138803,0.083678,0,17235
7,13000,0.2854,1.53586,0.006004,0.149255,0.093569,0,18972
7,14000,0.31094,1.53565,0.006506,0.159967,0.105092,0,20815
7,15000,0.337991,1.53434,0.007035,0.171438,0.117319,0,22608
7,16000,0.375134,1.53277,0.007524,0.183583,0.138893,0,24486
7,17000,0.402468,1.53277,0.008015,0.196226,0.150027,0,26473
7,18000,0.437206,1.53268,0.008523,0.209377,0.168145,0,28310
7,19000,0.4647,1.53264,0.009006,0.222728,0.17883,0,30187
7,20000,0.502086,1.53194,0.009527,0.237603,0.197806,0,32057
7,21000,0.536162,1.52855,0.01006,0.252794,0.213079,0,33937
7,22000,0.566443,1.52855,0.010654,0.267625,0.224958,0,35829
7,23000,0.599089,1.52813,0.011199,0.283488,0.238256,0,37641
7,24000,0.630384,1.52813,0.011757,0.299098,0.250529,0,39406
7,25000,0.664094,1.52813,0.012329,0.31594,0.263793,0,41254
7,26000,0.708553,1.52674,0.012919,0.334037,0.286364,0,43158
7,27000,0.743231,1.52674,0.013482,0.351591,0.299898,0,44948
7,28000,0.779086,1.52674,0.014021,0.369668,0.313907,0,46936
7,29000,0.813395,1.52674,0.014578,0.387239,0.326907,0,48834
7,30000,0.850942,1.52674,0.015158,0.406548,0.341252,0,50866
7,31000,0.88571,1.52674,0.015722,0.424342,0.354737,0,52663
7,32000,0.932641,1.52664,0.016326,0.443408,0.379049,0,54464
7,33000,0.967569,1.52664,0.016906,0.461699,0.39218,0,56257
7,34000,1.065,1.52437,0.017492,0.482452,0.465034,0,58212
7,35000,1.11939,1.52437,0.018157,0.511472,0.486538,0,60023
7,36000,1.16195,1.52437,0.018705,0.532819,0.503943,0,61965
7,37000,1.2169,1.52422,0.019292,0.554577,0.533331,0,63863
7,38000,1.259,1.52422,0.019905,0.577252,0.548864,0,65742
7,39000,1.30539,1.52401,0.020506,0.602389,0.566121,0,67744
7,40000,1.34861,1.52401,0.021092,0.626025,0.581938,0,69555
7,41000,1.3988,1.52401,0.021731,0.652649,0.601313,0,71679
7,42000,1.46823,1.52396,0.022362,0.678923,0.640398,0,73629
7,43000,1.5322,1.52386,0.02296,0.704403,0.674981,0,75520
7,44000,1.57328,1.52386,0.023556,0.726085,0.690734,0,77221
7,45000,1.62951,1.52383,0.024179,0.748212,0.721195,0,78937
7,46000,1.6713,1.52382,0.024768,0.770338,0.737149,0,80761
7,47000,1.7156,1.52382,0.025372,0.794514,0.753431,0,82664
7,48000,1.78417,1.52312,0.026012,0.820613,0.791982,0,84591
7,49000,1.83085,1.52312,0.026646,0.846732,0.808653,0,86455
7,50000,1.88113,1.52303,0.027286,0.873494,0.828251,0,88401
7,51000,1.93025,1.52303,0.027923,0.900305,0.846594,0,90342
7,52000,1.99026,1.52303,0.028524,0.926956,0.875933,0,92259
7,53000,2.03809,1.52303,0.029125,0.951528,0.895422,0,94074
7,54000,2.08306,1.52303,0.029714,0.976277,0.9119,0,95888
7,55000,2.1268,1.52303,0.030323,1.00019,0.928168,0,97603
7,56000,2.17524,1.52303,0.030942,1.02726,0.945657,0,99547
7,57000,2.23374,1.52303,0.031567,1.05475,0.972657,0,101528
7,58000,2.28097,1.52303,0.032178,1.08103,0.989713,0,103378
7,59000,2.3283,1.52303,0.032784,1.10704,1.00714,0,105406
7,60000,2.38888,1.52303,0.033388,1.13378,1.03703,0,107341
7,61000,2.4372,1.52303,0.034015,1.16005,1.05513,0,109315
7,62000,2.48705,1.52303,0.034662,1.18643,1.07469,0,111140
7,63000,2.66724,1.52259,0.035297,1.21331,1.22398,0,113031
7,64000,2.72364,1.52259,0.035897,1.24122,1.24849,0,115021
7,65000,2.77617,1.52242,0.036524,1.26718,1.27134,0,116760
7,66000,2.82505,1.52242,0.037119,1.29395,1.28949,0,118780
7,67000,2.87433,1.52242,0.037802,1.32083,1.30797,0,120721
7,68000,2.94868,1.52102,0.038419,1.34918,1.3499,0,122748
7,69000,2.99897,1.52102,0.039058,1.37702,1.36845,0,124719
7,70000,3.04854,1.52102,0.039702,1.40488,1.38626,0,126669
7,71000,3.09793,1.52102,0.040336,1.43191,1.40484,0,128525
7,72000,3.14643,1.52102,0.040986,1.45866,1.4227,0,130442
7,73000,3.1943,1.52102,0.0416,1.48594,1.43949,0,132311
7,74000,3.24358,1.52102,0.042224,1.51343,1.45735,0,134198
7,75000,3.29563,1.52102,0.042854,1.54233,1.47647,0,136242
7,76000,3.34605,1.52102,0.043466,1.57024,1.49521,0,138048
7,77000,3.39828,1.52102,0.04409,1.59948,1.51423,0,140037
7,78000,3.44981,1.52102,0.044686,1.62854,1.53279,0,141907
7,79000,3.53868,1.52101,0.045337,1.6574,1.58895,0,143802
7,80000,3.62761,1.52101,0.045989,1.68674,1.64447,0,145697
7,81000,3.77976,1.51897,0.04662,1.71591,1.76352,0,147572
7,82000,3.83953,1.51892,0.0473,1.7485,1.78645,0,149736
7,83000,3.97848,1.5179,0.047943,1.77908,1.89062,0,151714
7,84000,4.08665,1.51788,0.048605,1.81086,1.96293,0,153657
7,85000,4.15159,1.51787,0.049244,1.84227,1.99234,0,155720
7,86000,4.20556,1.51787,0.049881,1.87192,2.01275,0,157628
7,87000,4.25673,1.51787,0.050566,1.90176,2.03012,0,159459
7,88000,4.37876,1.51777,0.051261,1.93336,2.11655,0,161403
7,89000,4.45405,1.51777,0.051939,1.96415,2.15708,0,163216
7,90000,4.50936,1.51777,0.052591,1.99525,2.17728,0,165115
7,91000,4.6407,1.51772,0.05324,2.0257,2.27433,0,166947
7,92000,4.75565,1.51769,0.053891,2.05573,2.35543,0,168698
7,93000,4.86015,1.51766,0.05453,2.08688,2.42471,0,170743
7,94000,5.1394,1.51761,0.055175,2.11905,2.6676,0,172781
7,95000,5.19582,1.51761,0.055831,2.15067,2.68813,0,174796
7,96000,5.29852,1.51723,0.056479,2.18056,2.75703,0,176618
7,97000,5.35027,1.51723,0.057131,2.21066,2.77473,0,178475
7,98000,5.55193,1.51708,0.057785,2.24141,2.94159,0,180395
7,99000,5.70354,1.51707,0.05846,2.27356,3.05693,0,182389
7,100000,5.7603,1.51707,0.059118,2.30544,3.07783,0,184341
8,1000,0.077986,inf,0.000451,0.058352,0.01365,0,791
8,2000,0.087351,inf,0.000908,0.063083,0.016339,0,1761
8,3000,0.097561,inf,0.001375,0.068422,0.019268,0,2754
8,4000,0.108224,inf,0.001831,0.073864,0.022504,0,3849
8,5000,0.119547,inf,0.002296,0.079659,0.026048,0,4977
8,6000,0.130877,inf,0.002776,0.085545,0.029505,0,6057
8,7000,0.141713,inf,0.003266,0.091102,0.032857,0,7101
8,8000,0.154953,inf,0.003777,0.097529,0.037402,0,8481
8,9000,0.168206,inf,0.004281,0.104298,0.041731,0,9814
8,10000,0.181875,inf,0.00477,0.111145,0.046408,0,11167
8,11000,0.193934,inf,0.005265,0.117554,0.050154,0,12237
8,12000,0.206921,inf,0.005754,0.124418,0.054232,0,13390
8,13000,0.221832,inf,0.006258,0.131942,0.059297,0,14725
8,14000,0.236394,inf,0.006759,0.139548,0.064166,0,15897
8,15000,0.25296,inf,0.007243,0.147308,0.070611,0,17260
8,16000,0.26977,1.57709,0.007705,0.154316,0.076932,0,18860
8,17000,0.289576,1.56568,0.008185,0.162031,0.085724,0,20622
8,18000,0.309257,1.56427,0.008646,0.170169,0.093975,0,22427
8,19000,0.332297,1.55417,0.009157,0.178935,0.104957,0,24206
8,20000,0.355951,1.55325,0.009635,0.188763,0.11535,0,26187
8,21000,0.386494,1.55117,0.010157,0.19977,0.131394,0,28149
8,22000,0.418155,1.54764,0.010654,0.210628,0.148818,0,30005
8,23000,0.448861,1.54532,0.011181,0.222145,0.164515,0,31874
8,24000,0.482963,1.54409,0.011719,0.234701,0.182337,0,33876
8,25000,0.513558,1.54372,0.012205,0.247451,0.196577,0,35795
8,26000,0.546286,1.54305,0.012846,0.260181,0.212822,0,37719
8,27000,0.597767,1.53377,0.013385,0.273869,0.246871,0,39791
8,28000,0.629191,1.53294,0.013904,0.286917,0.261717,0,41588
8,29000,0.658617,1.53294,0.014462,0.299851,0.274737,0,43435
8,30000,0.691836,1.53289,0.015013,0.313808,0.29035,0,45351
8,31000,0.721538,1.53289,0.015535,0.327441,0.302885,0,47157
8,32000,0.803606,1.53227,0.016091,0.343091,0.36562,0,49089
8,33000,0.87012,1.53142,0.016679,0.35821,0.413453,0,50991
8,34000,0.929656,1.53051,0.017215,0.373562,0.454075,0,52892
8,35000,0.97078,1.5294,0.017772,0.389509,0.475663,0,54840
8,36000,1.00379,1.52926,0.018323,0.404958,0.489602,0,56728
8,37000,1.03739,1.52926,0.018891,0.420797,0.50373,0,58575
8,38000,1.10554,1.5274,0.019505,0.438277,0.550552,0,60624
8,39000,1.16806,1.52705,0.020078,0.455878,0.591692,0,62520
8,40000,1.20623,1.52705,0.020657,0.472969,0.609034,0,64354
8,41000,1.24181,1.52705,0.021231,0.490007,0.623867,0,66217
8,42000,1.27783,1.52694,0.021817,0.506864,0.639475,0,68032
8,43000,1.3514,1.52687,0.02241,0.525488,0.690551,0,69970
8,44000,1.40031,1.52685,0.022981,0.544745,0.716303,0,71965
8,45000,1.45964,1.5267,0.023572,0.565606,0.750751,0,74026
8,46000,1.52156,1.52665,0.024132,0.585477,0.788935,0,75942
8,47000,1.60131,1.52661,0.024743,0.605356,0.844847,0,77935
8,48000,1.68339,1.5253,0.025335,0.62525,0.903209,0,79897
8,49000,1.72681,1.52527,0.025913,0.644988,0.923148,0,81779
8,50000,1.79602,1.52526,0.026523,0.664874,0.968593,0,83703
8,51000,1.83451,1.52526,0.027115,0.684174,0.983908,0,85479
8,52000,1.87731,1.52526,0.027717,0.705206,1.00161,0,87557
8,53000,1.97632,1.52511,0.028369,0.72672,1.07509,0,89641
8,54000,2.01823,1.52511,0.028943,0.746877,1.09307,0,91602
8,55000,2.06022,1.52511,0.029543,0.767687,1.11028,0,93693
8,56000,2.12039,1.52509,0.030134,0.788934,1.1453,0,95651
8,57000,2.16359,1.52504,0.030693,0.81046,1.16299,0,97676
8,58000,2.20433,1.52502,0.031276,0.830793,1.17968,0,99550
8,59000,2.24578,1.52502,0.031847,0.851889,1.19629,0,101483
8,60000,2.36512,1.52285,0.03245,0.874281,1.28925,0,103606
8,61000,2.41343,1.52265,0.033055,0.896058,1.31181,0,105652
8,62000,2.50315,1.52264,0.033694,0.918861,1.37462,0,107677
8,63000,2.54749,1.52264,0.034302,0.94035,1.3936,0,109679
8,64000,2.59273,1.52264,0.03491,0.961529,1.41386,0,111703
8,65000,2.66969,1.52007,0.035511,0.984274,1.46408,0,113762
8,66000,2.71276,1.52007,0.036129,1.00544,1.48218,0,115628
8,67000,2.80579,1.5198,0.03676,1.02729,1.54948,0,117618
8,68000,2.87789,1.5194,0.037371,1.05005,1.59492,0,119575
8,69000,2.93182,1.5194,0.037973,1.07395,1.62092,0,121719
8,70000,2.97847,1.5194,0.038579,1.09635,1.64132,0,123640
8,71000,3.02696,1.5194,0.039196,1.11752,1.66505,0,125450
8,72000,3.08143,1.51935,0.039818,1.14111,1.69206,0,127314
8,73000,3.16111,1.51934,0.04045,1.16405,1.74494,0,129257
8,74000,3.20872,1.51934,0.041044,1.18773,1.76482,0,131263
8,75000,3.26317,1.51933,0.041644,1.21058,1.79272,0,133197
8,76000,3.31782,1.51933,0.042294,1.23512,1.81867,0,135282
8,77000,3.42269,1.51848,0.042917,1.25889,1.89599,0,137102
8,78000,3.47024,1.51848,0.043523,1.28274,1.91581,0,139077
8,79000,3.52321,1.51848,0.044187,1.30737,1.94019,0,140994
8,80000,3.5791,1.51848,0.044802,1.33138,1.96816,0,142948
8,81000,3.62851,1.51848,0.04541,1.35562,1.98926,0,144980
8,82000,3.68332,1.51848,0.046047,1.38051,2.01512,0,146955
8,83000,3.73032,1.51848,0.046641,1.40488,2.03387,0,148915
8,84000,3.84848,1.51778,0.04726,1.42974,2.12314,0,150841
8,85000,3.89698,1.51778,0.04788,1.45424,2.1432,0,152786
8,86000,3.94627,1.51778,0.048499,1.47931,2.16333,0,154886
8,87000,3.99738,1.51778,0.04914,1.50304,2.18688,0,156717
8,88000,4.04771,1.51778,0.049776,1.52737,2.20902,0,158595
8,89000,4.09823,1.51778,0.050411,1.55385,2.22882,0,160729
8,90000,4.15201,1.51778,0.051023,1.57833,2.25415,0,162699
8,91000,4.19969,1.51778,0.051642,1.60311,2.27315,0,164653
8,92000,4.24979,1.51778,0.05227,1.62777,2.2948,0,166537
8,93000,4.30168,1.51777,0.052908,1.65302,2.31753,0,168532
8,94000,4.34962,1.51777,0.053548,1.67843,2.33609,0,170536
8,95000,4.40275,1.51777,0.054206,1.70472,2.35892,0,172579
8,96000,4.46475,1.51777,0.054865,1.73201,2.38953,0,174504
8,97000,4.58314,1.51777,0.055555,1.76083,2.47481,0,176578
8,98000,4.63547,1.51777,0.056158,1.78813,2.49578,0,178623
8,99000,5.1249,1.5167,0.056829,1.81706,2.95201,0,180735
8,100000,5.19776,1.51668,0.0575,1.84676,2.99068,0,182770
9,1000,0.075865,inf,0.000476,0.055918,0.013046,0,736
9,2000,0.085608,inf,0.000972,0.060963,0.015693,0,1701
9,3000,0.096413,inf,0.001481,0.066746,0.018664,0,2745
9,4000,0.106149,inf,0.001962,0.071926,0.021398,0,3669
9,5000,0.117952,1.65352,0.002432,0.077207,0.025056,0,5017
9,6000,0.133712,1.63687,0.002847,0.083739,0.031044,0,6906
9,7000,0.149199,1.61866,0.003308,0.090233,0.036884,0,8603
9,8000,0.166903,1.58727,0.003762,0.097231,0.044382,0,10397
9,9000,0.187824,1.57974,0.004225,0.105042,0.054181,0,12242
9,10000,0.210267,1.55509,0.00468,0.113043,0.065436,0,14114
9,11000,0.235898,1.55379,0.005142,0.121506,0.079299,0,16075
9,12000,0.260949,1.55186,0.005648,0.130462,0.092009,0,17963
9,13000,0.290467,1.54653,0.006149,0.140312,0.108261,0,19817
9,14000,0.323837,1.54221,0.00663,0.150405,0.128278,0,21661
9,15000,0.348293,1.54221,0.00711,0.160678,0.139059,0,23518
9,16000,0.388398,1.53906,0.007621,0.17221,0.164106,0,25398
9,17000,0.415238,1.53906,0.00813,0.18384,0.175764,0,27388
9,18000,0.464887,1.53484,0.008683,0.196551,0.209087,0,29341
9,19000,0.533599,1.52596,0.009235,0.210091,0.260585,0,31233
9,20000,0.567054,1.52562,0.009803,0.22309,0.277475,0,33162
9,21000,0.59671,1.52562,0.01032,0.236469,0.290131,0,35037
9,22000,0.626623,1.52562,0.010905,0.249672,0.30331,0,36986
9,23000,0.655029,1.52562,0.01143,0.262562,0.315354,0,38757
9,24000,0.694357,1.52562,0.011979,0.276865,0.336805,0,40639
9,25000,0.731141,1.52562,0.012522,0.291302,0.355622,0,42472
9,26000,0.762083,1.52562,0.013065,0.306229,0.368063,0,44292
9,27000,0.807322,1.52554,0.013639,0.323295,0.392313,0,46382
9,28000,0.882231,1.52528,0.014227,0.340683,0.446265,0,48185
9,29000,0.96025,1.52511,0.014851,0.359558,0.501607,0,50069
9,30000,1.01634,1.52491,0.01544,0.376954,0.536596,0,51910
9,31000,1.04984,1.52491,0.015996,0.393331,0.550052,0,53735
9,32000,1.08303,1.52491,0.016555,0.409239,0.563875,0,55571
9,33000,1.1172,1.52491,0.017092,0.425996,0.577697,0,57508
9,34000,1.17686,1.5248,0.017676,0.443399,0.616215,0,59477
9,35000,1.25355,1.52459,0.01826,0.461004,0.67176,0,61278
9,36000,1.30359,1.52459,0.018815,0.478475,0.700778,0,63128
9,37000,1.34089,1.52459,0.019364,0.496525,0.716238,0,65185
9,38000,1.39831,1.52455,0.019946,0.515009,0.751409,0,67166
9,39000,1.44277,1.52455,0.020549,0.533503,0.773781,0,69034
9,40000,1.4873,1.52455,0.021124,0.552832,0.795219,0,70963
9,41000,1.52445,1.52455,0.021705,0.570965,0.810662,0,72754
9,42000,1.56572,1.52455,0.02229,0.590847,0.828208,0,74680
9,43000,1.65393,1.52355,0.022883,0.609601,0.893991,0,76579
9,44000,1.69312,1.52355,0.023481,0.629424,0.90964,0,78458
9,45000,1.7491,1.5235,0.024101,0.6491,0.942142,0,80400
9,46000,1.78578,1.5235,0.024688,0.668034,0.956257,0,82177
9,47000,1.86512,1.52253,0.025281,0.688701,1.01091,0,84224
9,48000,1.90802,1.52248,0.025849,0.710511,1.02806,0,86276
9,49000,1.96986,1.51998,0.026436,0.731892,1.0647,0,88255
9,50000,2.06991,1.51964,0.02701,0.752084,1.14087,0,90174
9,51000,2.10907,1.51964,0.027603,0.7721,1.15638,0,92029
9,52000,2.1519,1.51964,0.028197,0.793651,1.17386,0,93962
9,53000,2.1925,1.51964,0.028816,0.81479,1.18951,0,95879
9,54000,2.25688,1.51903,0.029405,0.835851,1.22908,0,97774
9,55000,2.30027,1.51903,0.029993,0.858125,1.24639,0,99696
9,56000,2.35291,1.51896,0.030591,0.880263,1.273,0,101737
9,57000,2.39462,1.51888,0.031185,0.901572,1.28967,0,103658
9,58000,2.4384,1.51888,0.031806,0.923313,1.30784,0,105658
9,59000,2.47978,1.51888,0.032381,0.944949,1.32385,0,107565
9,60000,2.52668,1.51888,0.032964,0.968053,1.34373,0,109652
9,61000,2.64917,1.51874,0.033574,0.990144,1.44033,0,111569
9,62000,2.69221,1.51874,0.03417,1.01224,1.45743,0,113481
9,63000,2.76309,1.5187,0.034774,1.03472,1.50202,0,115426
9,64000,2.83503,1.5187,0.035373,1.0587,1.54599,0,117486
9,65000,2.8842,1.5187,0.036007,1.08414,1.56549,0,119705
9,66000,2.93214,1.5187,0.036636,1.10881,1.58475,0,121722
9,67000,2.98086,1.5187,0.037262,1.13235,1.60612,0,123643
9,68000,3.02416,1.5187,0.037867,1.15494,1.62309,0,125592
9,69000,3.07132,1.5187,0.038508,1.17957,1.64155,0,127636
9,70000,3.11868,1.5187,0.039117,1.20396,1.66063,0,129602
9,71000,3.16739,1.5187,0.039754,1.22911,1.68014,0,131669
9,72000,3.34606,1.5175,0.040379,1.25196,1.83216,0,133597
9,73000,3.42567,1.5175,0.040997,1.27632,1.88345,0,135665
9,74000,3.48479,1.51747,0.041617,1.30055,1.91441,0,137698
9,75000,3.53105,1.51747,0.042228,1.32457,1.93287,0,139730
9,76000,3.57753,1.51747,0.042834,1.34854,1.95142,0,141746
9,77000,3.62356,1.51747,0.043428,1.37261,1.96955,0,143710
9,78000,3.69931,1.51747,0.044007,1.39635,2.01795,0,145618
9,79000,3.74747,1.51747,0.044629,1.42089,2.03761,0,147671
9,80000,3.79815,1.51747,0.04526,1.44563,2.0596,0,149605
9,81000,3.97104,1.5165,0.045897,1.47296,2.20109,0,151682
9,82000,4.02186,1.5165,0.046566,1.49997,2.22071,0,153782
9,83000,4.06752,1.5165,0.047188,1.524,2.23865,0,155617
9,84000,4.11901,1.5165,0.047818,1.55017,2.26006,0,157601
9,85000,4.16568,1.5165,0.048448,1.57467,2.27835,0,159560
9,86000,4.42291,1.51468,0.0491,1.59942,2.50697,0,161561
9,87000,4.47874,1.51468,0.049775,1.62762,2.53032,0,163708
9,88000,4.52823,1.51468,0.050396,1.65334,2.5501,0,165769
9,89000,4.57991,1.51468,0.051022,1.67964,2.57146,0,167850
9,90000,4.62488,1.51468,0.051609,1.70395,2.58844,0,169741
9,91000,4.68157,1.51468,0.052242,1.73098,2.61402,0,171862
9,92000,4.73546,1.51468,0.052881,1.75799,2.63685,0,173922
9,93000,4.785,1.51468,0.053483,1.78413,2.65641,0,175818
9,94000,4.8542,1.51468,0.054127,1.80978,2.69607,0,177743
9,95000,4.9034,1.51468,0.054767,1.83567,2.71546,0,179700
9,96000,4.94853,1.51468,0.055382,1.86021,2.73237,0,181532
9,97000,4.99859,1.51468,0.056001,1.88607,2.75273,0,183424
9,98000,5.0469,1.51468,0.056619,1.91167,2.77162,0,185378
9,99000,5.0957,1.51468,0.057238,1.93766,2.79059,0,187330
9,100000,5.41983,1.51364,0.057891,1.96414,3.08419,0,189305
